learned_per_gen,power_fit
0.00390625,0.003818331583157611
0.0205078125,2.4521863587668933
0.0546875,
0.1142578125,
0.2001953125,
0.3076171875,
0.451171875,
0.611328125,
0.763671875,
0.896484375,
0.9658203125,
0.9951171875,
1.0,
