learned_per_gen,power_fit
0.0,0.13680027018742727
0.15928819444444445,0.7344784879126206
0.2816840277777778,
0.3802083333333333,
0.4691840277777778,
0.55859375,
0.6267361111111112,
0.68359375,
0.7296006944444444,
0.7730034722222222,
0.8090277777777778,
0.8337673611111112,
0.8567708333333334,
0.8767361111111112,
0.8927951388888888,
0.9088541666666666,
0.9210069444444444,
0.9353298611111112,
0.9440104166666666,
0.9522569444444444,
0.9609375,
0.9683159722222222,
0.9717881944444444,
0.9739583333333334,
0.9787326388888888,
0.9813368055555556,
0.984375,
0.9878472222222222,
0.9895833333333334,
0.9930555555555556,
0.9939236111111112,
0.9943576388888888,
0.9947916666666666,
0.9952256944444444,
0.9956597222222222,
0.9956597222222222,
0.99609375,
0.9965277777777778,
0.9982638888888888,
0.9982638888888888,
0.9982638888888888,
0.9982638888888888,
0.9986979166666666,
0.9986979166666666,
0.9995659722222222,
0.9995659722222222,
0.9995659722222222,
0.9995659722222222,
0.9995659722222222,
0.9995659722222222,
0.9995659722222222,
0.9995659722222222,
0.9995659722222222,
1.0,
