learned_per_gen,power_fit
0.0,0.21659189077811813
0.8003472222222222,1.4258309905437156
0.9600694444444444,
0.9934895833333334,
1.0,
