learned_per_gen,power_fit
0.0,0.025381646535933774
0.8138020833333334,5.0
0.96484375,
0.9921875,
0.9986979166666666,
0.9995659722222222,
1.0,
