learned_per_gen,power_fit
0.000244140625,0.00011498674557254392
0.00042724609375,2.0694096470544996
0.00091552734375,
0.00164794921875,
0.00274658203125,
0.00408935546875,
0.00579833984375,
0.00762939453125,
0.0093994140625,
0.01263427734375,
0.015380859375,
0.0184326171875,
0.02197265625,
0.02642822265625,
0.030517578125,
0.03485107421875,
0.03997802734375,
0.04534912109375,
0.0513916015625,
0.05615234375,
0.0625,
0.068603515625,
0.075439453125,
0.082275390625,
0.089599609375,
0.096923828125,
0.1046142578125,
0.11273193359375,
0.121826171875,
0.13104248046875,
0.1414794921875,
0.15118408203125,
0.1605224609375,
0.1708984375,
0.18157958984375,
0.19219970703125,
0.20208740234375,
0.2135009765625,
0.22552490234375,
0.2384033203125,
0.25042724609375,
0.26318359375,
0.2760009765625,
0.29034423828125,
0.30364990234375,
0.31744384765625,
0.33197021484375,
0.345703125,
0.3603515625,
0.3759765625,
0.39239501953125,
0.4080810546875,
0.4237060546875,
0.44024658203125,
0.45709228515625,
0.47454833984375,
0.4901123046875,
0.508056640625,
0.52667236328125,
0.5452880859375,
0.56329345703125,
0.58099365234375,
0.60076904296875,
0.62188720703125,
0.64013671875,
0.662353515625,
0.6832275390625,
0.7037353515625,
0.726318359375,
0.74725341796875,
0.77001953125,
0.790771484375,
0.81182861328125,
0.83258056640625,
0.8511962890625,
0.86773681640625,
0.8839111328125,
0.89825439453125,
0.91058349609375,
0.92169189453125,
0.93231201171875,
0.94189453125,
0.9490966796875,
0.955810546875,
0.962890625,
0.96929931640625,
0.974365234375,
0.97991943359375,
0.9835205078125,
0.98785400390625,
0.99053955078125,
0.99346923828125,
0.99578857421875,
0.99755859375,
0.99859619140625,
0.99908447265625,
0.9993896484375,
0.99957275390625,
0.9998779296875,
1.0,
