learned_per_gen,power_fit
0.00390625,0.002584564219703284
0.0126953125,2.065900237117932
0.0283203125,
0.0458984375,
0.0693359375,
0.103515625,
0.140625,
0.1923828125,
0.2451171875,
0.298828125,
0.3662109375,
0.443359375,
0.5205078125,
0.6044921875,
0.708984375,
0.8115234375,
0.8857421875,
0.9375,
0.966796875,
0.9892578125,
0.9990234375,
1.0,
