learned_per_gen,power_fit
0.000244140625,0.0011923344110172846
0.00079345703125,1.5464985087367402
0.0015869140625,
0.0030517578125,
0.0045166015625,
0.00653076171875,
0.009765625,
0.01251220703125,
0.01654052734375,
0.02178955078125,
0.02764892578125,
0.0333251953125,
0.03997802734375,
0.047119140625,
0.05438232421875,
0.0631103515625,
0.0716552734375,
0.08148193359375,
0.09185791015625,
0.10186767578125,
0.11358642578125,
0.1248779296875,
0.1373291015625,
0.149658203125,
0.16168212890625,
0.17449951171875,
0.18701171875,
0.199462890625,
0.2138671875,
0.228271484375,
0.2425537109375,
0.25738525390625,
0.27227783203125,
0.28485107421875,
0.30059814453125,
0.316650390625,
0.3330078125,
0.34857177734375,
0.36468505859375,
0.37933349609375,
0.394287109375,
0.40966796875,
0.42364501953125,
0.43963623046875,
0.4539794921875,
0.46771240234375,
0.48150634765625,
0.495361328125,
0.5086669921875,
0.52239990234375,
0.5357666015625,
0.54705810546875,
0.558837890625,
0.5711669921875,
0.58349609375,
0.59490966796875,
0.60675048828125,
0.61944580078125,
0.63214111328125,
0.64239501953125,
0.6533203125,
0.663818359375,
0.67431640625,
0.6856689453125,
0.69683837890625,
0.70831298828125,
0.7186279296875,
0.72821044921875,
0.73748779296875,
0.747314453125,
0.75775146484375,
0.7669677734375,
0.776123046875,
0.78424072265625,
0.7926025390625,
0.7994384765625,
0.806396484375,
0.81365966796875,
0.8214111328125,
0.82757568359375,
0.83416748046875,
0.8406982421875,
0.8472900390625,
0.853759765625,
0.85980224609375,
0.865234375,
0.87030029296875,
0.8758544921875,
0.8817138671875,
0.888427734375,
0.89404296875,
0.90069580078125,
0.90826416015625,
0.9146728515625,
0.92108154296875,
0.92706298828125,
0.9342041015625,
0.9403076171875,
0.94622802734375,
0.9510498046875,
0.95648193359375,
0.96148681640625,
0.96563720703125,
0.96978759765625,
0.97344970703125,
0.97686767578125,
0.98016357421875,
0.98358154296875,
0.98675537109375,
0.9892578125,
0.99151611328125,
0.99334716796875,
0.994384765625,
0.99566650390625,
0.9967041015625,
0.99737548828125,
0.998046875,
0.99896240234375,
0.99932861328125,
0.999755859375,
0.9998779296875,
0.9998779296875,
1.0,
