learned_per_gen,power_fit
0.0,0.24787930251692827
0.5047743055555556,0.7875313276847579
0.7126736111111112,
0.8165147569444444,
0.8807508680555556,
0.9157986111111112,
0.9419487847222222,
0.9608289930555556,
0.9724392361111112,
0.9791666666666666,
0.9844835069444444,
0.9895833333333334,
0.9932725694444444,
0.9958767361111112,
0.9969618055555556,
0.9976128472222222,
0.9982638888888888,
0.9984809027777778,
0.9989149305555556,
0.9991319444444444,
0.9993489583333334,
0.9997829861111112,
1.0,
