learned_per_gen,power_fit
0.00043402777777777775,0.0014772597471185878
0.001736111111111111,1.667904441353093
0.004123263888888889,
0.0068359375,
0.010959201388888888,
0.015407986111111112,
0.0205078125,
0.02734375,
0.036783854166666664,
0.049262152777777776,
0.0615234375,
0.07421875,
0.087890625,
0.1015625,
0.11729600694444445,
0.13509114583333334,
0.1537543402777778,
0.1732855902777778,
0.1931423611111111,
0.21451822916666666,
0.23350694444444445,
0.2564019097222222,
0.2799479166666667,
0.3059895833333333,
0.328125,
0.3505859375,
0.3732638888888889,
0.3955078125,
0.4206814236111111,
0.4461805555555556,
0.470703125,
0.4950086805555556,
0.5190972222222222,
0.5436197916666666,
0.5684678819444444,
0.5950520833333334,
0.6197916666666666,
0.6434461805555556,
0.6685112847222222,
0.6923828125,
0.7166883680555556,
0.7381727430555556,
0.7578125,
0.7776692708333334,
0.7947048611111112,
0.8113064236111112,
0.8275824652777778,
0.8439670138888888,
0.857421875,
0.8699001736111112,
0.8771701388888888,
0.8853081597222222,
0.8926866319444444,
0.9012586805555556,
0.9078776041666666,
0.9150390625,
0.9206814236111112,
0.9269748263888888,
0.9320746527777778,
0.9376085069444444,
0.9410807291666666,
0.9442274305555556,
0.9478081597222222,
0.9517144097222222,
0.9558376736111112,
0.9596354166666666,
0.9632161458333334,
0.9659288194444444,
0.9696180555555556,
0.9733072916666666,
0.9768880208333334,
0.9798177083333334,
0.9830729166666666,
0.9848090277777778,
0.9864366319444444,
0.9878472222222222,
0.9891493055555556,
0.9907769097222222,
0.9921875,
0.9938151041666666,
0.9956597222222222,
0.9970703125,
0.9982638888888888,
0.9993489583333334,
0.9997829861111112,
0.9998914930555556,
1.0,
