learned_per_gen,power_fit
0.00390625,0.0021333029107963595
0.0107421875,2.0738408949566094
0.0234375,
0.0390625,
0.05859375,
0.0869140625,
0.115234375,
0.1552734375,
0.205078125,
0.2568359375,
0.318359375,
0.3603515625,
0.4208984375,
0.4931640625,
0.5791015625,
0.6767578125,
0.763671875,
0.8447265625,
0.9052734375,
0.9482421875,
0.9794921875,
0.9951171875,
1.0,
