learned_per_gen,power_fit
0.0009765625,0.0010695210030752264
0.003662109375,2.2633882326529156
0.0107421875,
0.0234375,
0.038330078125,
0.06103515625,
0.0888671875,
0.119873046875,
0.154052734375,
0.1962890625,
0.24462890625,
0.29638671875,
0.355224609375,
0.419189453125,
0.48828125,
0.56787109375,
0.648193359375,
0.73193359375,
0.8037109375,
0.867431640625,
0.92041015625,
0.95556640625,
0.979736328125,
0.99267578125,
0.998291015625,
0.99951171875,
0.999755859375,
1.0,
