learned_per_gen,power_fit
0.000244140625,0.00024125029619674997
0.0009765625,2.000389949510552
0.002197265625,
0.00390625,
0.0059814453125,
0.00860595703125,
0.01171875,
0.015380859375,
0.01947021484375,
0.02392578125,
0.0289306640625,
0.03448486328125,
0.04058837890625,
0.04705810546875,
0.0540771484375,
0.06158447265625,
0.069580078125,
0.07806396484375,
0.08697509765625,
0.096435546875,
0.10638427734375,
0.11676025390625,
0.12762451171875,
0.13922119140625,
0.15118408203125,
0.16339111328125,
0.1761474609375,
0.18939208984375,
0.20330810546875,
0.21759033203125,
0.23236083984375,
0.24761962890625,
0.26336669921875,
0.27972412109375,
0.29644775390625,
0.313720703125,
0.3314208984375,
0.34967041015625,
0.368408203125,
0.38763427734375,
0.40716552734375,
0.42742919921875,
0.44781494140625,
0.46893310546875,
0.490478515625,
0.51251220703125,
0.53497314453125,
0.55810546875,
0.581787109375,
0.6058349609375,
0.630615234375,
0.6556396484375,
0.68115234375,
0.70709228515625,
0.73345947265625,
0.76055908203125,
0.78802490234375,
0.81610107421875,
0.8446044921875,
0.87353515625,
0.90289306640625,
0.9327392578125,
0.96319580078125,
0.994140625,
0.997802734375,
0.99957275390625,
0.99993896484375,
1.0,
