learned_per_gen,power_fit
0.00043402777777777775,7.303857214042956e-5
0.0005425347222222222,2.1842542352162275
0.0008680555555555555,
0.0014105902777777778,
0.002387152777777778,
0.003472222222222222,
0.004231770833333333,
0.006076388888888889,
0.008029513888888888,
0.009982638888888888,
0.013020833333333334,
0.015950520833333332,
0.018880208333333332,
0.0224609375,
0.026475694444444444,
0.030707465277777776,
0.034722222222222224,
0.03895399305555555,
0.04503038194444445,
0.04893663194444445,
0.05544704861111111,
0.062065972222222224,
0.068359375,
0.07562934027777778,
0.08235677083333333,
0.08995225694444445,
0.09722222222222222,
0.10579427083333333,
0.11295572916666667,
0.1228298611111111,
0.1322699652777778,
0.1437717013888889,
0.1535373263888889,
0.1640625,
0.1743706597222222,
0.18359375,
0.1958550347222222,
0.20703125,
0.21864149305555555,
0.2299262152777778,
0.2429470486111111,
0.2570529513888889,
0.26953125,
0.2847222222222222,
0.2970920138888889,
0.3109809027777778,
0.3269314236111111,
0.3428819444444444,
0.3598090277777778,
0.3759765625,
0.3918185763888889,
0.4096137152777778,
0.4300130208333333,
0.4485677083333333,
0.4662543402777778,
0.4853515625,
0.5042317708333334,
0.5248480902777778,
0.5448133680555556,
0.5645616319444444,
0.5847439236111112,
0.6050347222222222,
0.6273871527777778,
0.6491970486111112,
0.669921875,
0.6906467013888888,
0.7134331597222222,
0.7368706597222222,
0.7606336805555556,
0.7817925347222222,
0.8028428819444444,
0.8246527777777778,
0.8468967013888888,
0.8634982638888888,
0.8804253472222222,
0.8958333333333334,
0.9091796875,
0.9216579861111112,
0.9340277777777778,
0.9442274305555556,
0.9536675347222222,
0.9608289930555556,
0.966796875,
0.9725477430555556,
0.9789496527777778,
0.9841579861111112,
0.9884982638888888,
0.9909939236111112,
0.9931640625,
0.9944661458333334,
0.9964192708333334,
0.9983723958333334,
0.9989149305555556,
0.9994574652777778,
0.9997829861111112,
0.9998914930555556,
1.0,
