learned_per_gen,power_fit
0.0,0.16597471184172144
0.201416015625,0.7127131311579372
0.359375,
0.482421875,
0.575927734375,
0.663330078125,
0.723876953125,
0.773193359375,
0.816650390625,
0.8486328125,
0.873779296875,
0.894775390625,
0.914794921875,
0.92919921875,
0.9423828125,
0.952880859375,
0.963134765625,
0.96923828125,
0.974365234375,
0.97900390625,
0.981689453125,
0.9853515625,
0.988525390625,
0.98974609375,
0.991943359375,
0.99365234375,
0.99462890625,
0.99560546875,
0.9970703125,
0.9970703125,
0.9970703125,
0.9970703125,
0.99755859375,
0.997802734375,
0.99853515625,
0.998779296875,
0.998779296875,
0.998779296875,
0.99951171875,
0.999755859375,
0.999755859375,
0.999755859375,
0.999755859375,
0.999755859375,
0.999755859375,
0.999755859375,
1.0,
