learned_per_gen,power_fit
0.00390625,0.009814350086911781
0.017578125,1.8841942591870067
0.0458984375,
0.1123046875,
0.19140625,
0.294921875,
0.40625,
0.5263671875,
0.6279296875,
0.7177734375,
0.796875,
0.8525390625,
0.8916015625,
0.9296875,
0.951171875,
0.9638671875,
0.9765625,
0.9873046875,
0.9990234375,
1.0,
