learned_per_gen,power_fit
0.000244140625,0.0002422949100351015
0.0009765625,2.3155777016414025
0.00286865234375,
0.0054931640625,
0.0101318359375,
0.0164794921875,
0.0235595703125,
0.03179931640625,
0.04205322265625,
0.05413818359375,
0.06683349609375,
0.08099365234375,
0.09735107421875,
0.1156005859375,
0.13555908203125,
0.15789794921875,
0.179443359375,
0.2039794921875,
0.2279052734375,
0.2559814453125,
0.28460693359375,
0.31512451171875,
0.34698486328125,
0.38055419921875,
0.4156494140625,
0.4521484375,
0.48974609375,
0.5313720703125,
0.57122802734375,
0.61456298828125,
0.65838623046875,
0.7047119140625,
0.75225830078125,
0.79901123046875,
0.840576171875,
0.87884521484375,
0.9061279296875,
0.92864990234375,
0.94537353515625,
0.9610595703125,
0.97344970703125,
0.9830322265625,
0.9906005859375,
0.995361328125,
0.99859619140625,
0.999755859375,
0.99993896484375,
1.0,
