learned_per_gen,power_fit
0.00390625,1.8210249941385743
0.033203125,3.4506557444846178
0.09375,0.36750540692820727
0.1845703125,0.8368471719341879
0.30859375,
0.462890625,
0.6484375,
0.8623046875,
0.998046875,
1.0,
