learned_per_gen,power_fit
0.0,0.2241800264066235
0.345703125,0.7442271341930312
0.5810546875,
0.73828125,
0.8291015625,
0.888671875,
0.92578125,
0.9453125,
0.9658203125,
0.9765625,
0.9853515625,
0.9912109375,
0.994140625,
0.99609375,
0.99609375,
0.99609375,
0.99609375,
0.99609375,
0.998046875,
0.998046875,
0.9990234375,
0.9990234375,
0.9990234375,
0.9990234375,
0.9990234375,
0.9990234375,
0.9990234375,
0.9990234375,
0.9990234375,
1.0,
