learned_per_gen,power_fit
0.00390625,0.0016951472687764396
0.005859375,1.9792561685658614
0.0107421875,
0.0185546875,
0.029296875,
0.0458984375,
0.0673828125,
0.0908203125,
0.1201171875,
0.1572265625,
0.2001953125,
0.2333984375,
0.2841796875,
0.341796875,
0.396484375,
0.447265625,
0.51171875,
0.5810546875,
0.654296875,
0.736328125,
0.810546875,
0.8720703125,
0.923828125,
0.958984375,
0.9853515625,
0.99609375,
1.0,
