learned_per_gen,power_fit
0.0009765625,9.939309161148218e-5
0.001708984375,2.180477589530965
0.00244140625,
0.00341796875,
0.005615234375,
0.006591796875,
0.008056640625,
0.01123046875,
0.01318359375,
0.0146484375,
0.01611328125,
0.020263671875,
0.024658203125,
0.030029296875,
0.036376953125,
0.04248046875,
0.047607421875,
0.05419921875,
0.060302734375,
0.066650390625,
0.0751953125,
0.083251953125,
0.09619140625,
0.1044921875,
0.111328125,
0.12255859375,
0.132568359375,
0.141845703125,
0.152099609375,
0.1630859375,
0.1767578125,
0.189208984375,
0.20263671875,
0.217041015625,
0.2314453125,
0.248046875,
0.262451171875,
0.279052734375,
0.291259765625,
0.30810546875,
0.326171875,
0.34521484375,
0.36279296875,
0.383056640625,
0.402587890625,
0.421142578125,
0.44140625,
0.463623046875,
0.486328125,
0.509033203125,
0.531005859375,
0.550537109375,
0.572021484375,
0.59521484375,
0.618408203125,
0.641357421875,
0.665771484375,
0.69189453125,
0.716064453125,
0.7353515625,
0.759765625,
0.784912109375,
0.8115234375,
0.835693359375,
0.857666015625,
0.87451171875,
0.8896484375,
0.9052734375,
0.917724609375,
0.930908203125,
0.942626953125,
0.954833984375,
0.965576171875,
0.97607421875,
0.983154296875,
0.98876953125,
0.99365234375,
0.997314453125,
0.99951171875,
0.999755859375,
0.999755859375,
1.0,
