learned_per_gen,power_fit
0.000244140625,0.002869801893621917
0.0008544921875,1.3497797444992992
0.00225830078125,
0.0052490234375,
0.00860595703125,
0.01318359375,
0.01873779296875,
0.0252685546875,
0.03204345703125,
0.039794921875,
0.04852294921875,
0.05670166015625,
0.06671142578125,
0.07861328125,
0.091064453125,
0.1036376953125,
0.11602783203125,
0.13031005859375,
0.14404296875,
0.1575927734375,
0.17022705078125,
0.18450927734375,
0.19842529296875,
0.21270751953125,
0.22760009765625,
0.24273681640625,
0.25714111328125,
0.27099609375,
0.2840576171875,
0.29803466796875,
0.3104248046875,
0.32318115234375,
0.3365478515625,
0.34967041015625,
0.3626708984375,
0.37530517578125,
0.3887939453125,
0.4017333984375,
0.4151611328125,
0.42822265625,
0.44146728515625,
0.4544677734375,
0.468017578125,
0.48095703125,
0.49395751953125,
0.50787353515625,
0.52178955078125,
0.53472900390625,
0.5478515625,
0.56097412109375,
0.572998046875,
0.58489990234375,
0.59625244140625,
0.60772705078125,
0.61834716796875,
0.63055419921875,
0.64166259765625,
0.65264892578125,
0.663818359375,
0.6756591796875,
0.6875,
0.69940185546875,
0.710693359375,
0.72308349609375,
0.735595703125,
0.74688720703125,
0.7576904296875,
0.77001953125,
0.78125,
0.79205322265625,
0.8040771484375,
0.81439208984375,
0.82391357421875,
0.834228515625,
0.8450927734375,
0.8533935546875,
0.86199951171875,
0.8699951171875,
0.8787841796875,
0.88751220703125,
0.89605712890625,
0.90411376953125,
0.9119873046875,
0.920654296875,
0.9287109375,
0.9366455078125,
0.9447021484375,
0.95306396484375,
0.96044921875,
0.96722412109375,
0.9715576171875,
0.9764404296875,
0.97998046875,
0.98248291015625,
0.98419189453125,
0.98602294921875,
0.98834228515625,
0.98980712890625,
0.991455078125,
0.992431640625,
0.9935302734375,
0.9951171875,
0.99676513671875,
0.99761962890625,
0.998291015625,
0.99884033203125,
0.999267578125,
0.9996337890625,
0.99981689453125,
0.99993896484375,
1.0,
