learned_per_gen,power_fit
0.001736111111111111,0.0006550082933585953
0.003472222222222222,2.1201058905701724
0.006944444444444444,
0.012152777777777778,
0.019097222222222224,
0.026475694444444444,
0.0390625,
0.05164930555555555,
0.06727430555555555,
0.0876736111111111,
0.10677083333333333,
0.12760416666666666,
0.15147569444444445,
0.17838541666666666,
0.2048611111111111,
0.23524305555555555,
0.2638888888888889,
0.3003472222222222,
0.3363715277777778,
0.375,
0.4171006944444444,
0.4665798611111111,
0.51171875,
0.5655381944444444,
0.6236979166666666,
0.68359375,
0.73828125,
0.7925347222222222,
0.8433159722222222,
0.8849826388888888,
0.9127604166666666,
0.9392361111111112,
0.9565972222222222,
0.97265625,
0.9848090277777778,
0.9908854166666666,
0.9952256944444444,
0.9969618055555556,
0.9986979166666666,
1.0,
