learned_per_gen,power_fit
0.001736111111111111,0.0006419407757057218
0.003472222222222222,2.100998532286379
0.008246527777777778,
0.013454861111111112,
0.018663194444444444,
0.02734375,
0.035590277777777776,
0.04861111111111111,
0.06380208333333333,
0.07942708333333333,
0.09895833333333333,
0.11805555555555555,
0.14322916666666666,
0.16710069444444445,
0.1918402777777778,
0.2170138888888889,
0.24696180555555555,
0.2769097222222222,
0.3111979166666667,
0.34765625,
0.3875868055555556,
0.4301215277777778,
0.47265625,
0.5182291666666666,
0.5607638888888888,
0.6050347222222222,
0.65234375,
0.7061631944444444,
0.7638888888888888,
0.8211805555555556,
0.8702256944444444,
0.9114583333333334,
0.9388020833333334,
0.9596354166666666,
0.97265625,
0.9835069444444444,
0.9930555555555556,
0.9973958333333334,
0.9991319444444444,
1.0,
