learned_per_gen,power_fit
0.0,0.28583234124280843
0.25543212890625,0.4102831357447288
0.414794921875,
0.52789306640625,
0.60845947265625,
0.66796875,
0.71185302734375,
0.7479248046875,
0.776611328125,
0.80303955078125,
0.82537841796875,
0.8438720703125,
0.85986328125,
0.8739013671875,
0.88751220703125,
0.89849853515625,
0.90814208984375,
0.91650390625,
0.92535400390625,
0.93280029296875,
0.93951416015625,
0.9454345703125,
0.95123291015625,
0.95648193359375,
0.96075439453125,
0.96514892578125,
0.9688720703125,
0.97186279296875,
0.9752197265625,
0.9775390625,
0.98016357421875,
0.98291015625,
0.98419189453125,
0.9859619140625,
0.9874267578125,
0.98907470703125,
0.99041748046875,
0.9913330078125,
0.99200439453125,
0.992919921875,
0.99371337890625,
0.994384765625,
0.99493408203125,
0.995361328125,
0.99578857421875,
0.99609375,
0.99627685546875,
0.99658203125,
0.99700927734375,
0.997314453125,
0.99761962890625,
0.9976806640625,
0.998046875,
0.998291015625,
0.99835205078125,
0.99853515625,
0.99859619140625,
0.9986572265625,
0.99884033203125,
0.99908447265625,
0.9991455078125,
0.999267578125,
0.9993896484375,
0.99957275390625,
0.99969482421875,
0.99969482421875,
0.99969482421875,
0.999755859375,
0.99981689453125,
0.99981689453125,
0.99981689453125,
0.99981689453125,
0.99981689453125,
0.9998779296875,
0.9998779296875,
0.9998779296875,
0.9998779296875,
0.9998779296875,
0.99993896484375,
0.99993896484375,
0.99993896484375,
0.99993896484375,
0.99993896484375,
0.99993896484375,
0.99993896484375,
0.99993896484375,
0.99993896484375,
0.99993896484375,
0.99993896484375,
0.99993896484375,
1.0,
