learned_per_gen,power_fit
0.0,0.2176379041262648
0.8046875,1.427704845292704
0.9670138888888888,
0.9956597222222222,
0.9995659722222222,
1.0,
