learned_per_gen,power_fit
0.00390625,0.0008712940256883792
0.005859375,2.2213063915901823
0.0126953125,
0.0205078125,
0.0341796875,
0.044921875,
0.064453125,
0.083984375,
0.1181640625,
0.14453125,
0.1796875,
0.2177734375,
0.2578125,
0.3076171875,
0.3466796875,
0.408203125,
0.4716796875,
0.5380859375,
0.6015625,
0.6640625,
0.75390625,
0.8291015625,
0.888671875,
0.93359375,
0.9658203125,
0.986328125,
0.99609375,
1.0,
