learned_per_gen,power_fit
0.0,0.25335088981610465
0.7001953125,1.0445485354078747
0.905517578125,
0.971923828125,
0.99169921875,
0.998046875,
0.999755859375,
1.0,
