learned_per_gen,power_fit
0.00390625,0.0028827300652725773
0.0107421875,1.8983769796633034
0.0234375,
0.041015625,
0.0595703125,
0.083984375,
0.1162109375,
0.15234375,
0.185546875,
0.224609375,
0.2734375,
0.328125,
0.375,
0.431640625,
0.4912109375,
0.5595703125,
0.6298828125,
0.7177734375,
0.7890625,
0.8544921875,
0.9013671875,
0.943359375,
0.97265625,
0.9873046875,
0.9931640625,
0.998046875,
0.9990234375,
0.9990234375,
1.0,
