learned_per_gen,power_fit
0.00390625,0.01195499566662369
0.01171875,1.6548441908555505
0.03125,
0.080078125,
0.14453125,
0.2236328125,
0.318359375,
0.41015625,
0.4970703125,
0.56640625,
0.6279296875,
0.681640625,
0.728515625,
0.77734375,
0.8173828125,
0.8740234375,
0.9169921875,
0.9521484375,
0.9716796875,
0.9814453125,
0.990234375,
0.998046875,
1.0,
