learned_per_gen,power_fit
0.00390625,0.001972157425790083
0.009765625,2.172214700253169
0.0205078125,
0.037109375,
0.0654296875,
0.1005859375,
0.138671875,
0.181640625,
0.23046875,
0.287109375,
0.361328125,
0.4384765625,
0.513671875,
0.6005859375,
0.6845703125,
0.7900390625,
0.884765625,
0.927734375,
0.9580078125,
0.9755859375,
0.9931640625,
0.9990234375,
1.0,
