learned_per_gen,power_fit
0.0,0.1566131289148772
0.199462890625,0.7616096443605422
0.3619384765625,
0.49078369140625,
0.5924072265625,
0.6800537109375,
0.7425537109375,
0.79229736328125,
0.833740234375,
0.8687744140625,
0.8961181640625,
0.9166259765625,
0.93243408203125,
0.9456787109375,
0.954833984375,
0.96429443359375,
0.971923828125,
0.97784423828125,
0.982666015625,
0.986572265625,
0.9892578125,
0.99114990234375,
0.99322509765625,
0.99481201171875,
0.995849609375,
0.99652099609375,
0.99713134765625,
0.997802734375,
0.9984130859375,
0.99896240234375,
0.9990234375,
0.999267578125,
0.99957275390625,
0.9996337890625,
0.99969482421875,
0.99969482421875,
0.99981689453125,
0.99993896484375,
0.99993896484375,
0.99993896484375,
0.99993896484375,
1.0,
