learned_per_gen,power_fit
0.0,0.16892287645121548
0.4887152777777778,1.2151218919717035
0.7139756944444444,
0.8493923611111112,
0.9157986111111112,
0.9557291666666666,
0.9748263888888888,
0.9869791666666666,
0.9930555555555556,
0.9978298611111112,
0.9982638888888888,
0.9995659722222222,
0.9995659722222222,
1.0,
