learned_per_gen,power_fit
0.00390625,0.003611605649286514
0.0146484375,2.4868012096383163
0.05078125,
0.109375,
0.203125,
0.31640625,
0.4521484375,
0.623046875,
0.78515625,
0.90234375,
0.986328125,
0.9970703125,
1.0,
