learned_per_gen,power_fit
0.000244140625,0.0033356379433458773
0.00115966796875,1.4330952539688417
0.0028076171875,
0.00494384765625,
0.00732421875,
0.01141357421875,
0.0167236328125,
0.0238037109375,
0.0311279296875,
0.04052734375,
0.05145263671875,
0.06365966796875,
0.07806396484375,
0.09442138671875,
0.11053466796875,
0.12750244140625,
0.146240234375,
0.16790771484375,
0.19012451171875,
0.2127685546875,
0.23651123046875,
0.2611083984375,
0.2861328125,
0.313720703125,
0.3404541015625,
0.36834716796875,
0.39678955078125,
0.423583984375,
0.4508056640625,
0.47979736328125,
0.50787353515625,
0.53619384765625,
0.56036376953125,
0.58380126953125,
0.60565185546875,
0.62689208984375,
0.646728515625,
0.66552734375,
0.6822509765625,
0.6978759765625,
0.712158203125,
0.72662353515625,
0.7398681640625,
0.75152587890625,
0.76348876953125,
0.77459716796875,
0.78485107421875,
0.79364013671875,
0.80322265625,
0.811767578125,
0.8199462890625,
0.82757568359375,
0.8349609375,
0.8419189453125,
0.8487548828125,
0.8548583984375,
0.8607177734375,
0.86639404296875,
0.87237548828125,
0.87823486328125,
0.884033203125,
0.88909912109375,
0.894287109375,
0.89923095703125,
0.90423583984375,
0.90924072265625,
0.914306640625,
0.9190673828125,
0.92315673828125,
0.927490234375,
0.931640625,
0.93560791015625,
0.939208984375,
0.94268798828125,
0.94671630859375,
0.95050048828125,
0.9537353515625,
0.95703125,
0.96026611328125,
0.96356201171875,
0.96624755859375,
0.9691162109375,
0.97198486328125,
0.97509765625,
0.9776611328125,
0.97998046875,
0.98223876953125,
0.98443603515625,
0.98626708984375,
0.98870849609375,
0.9906005859375,
0.9925537109375,
0.9940185546875,
0.99542236328125,
0.99737548828125,
0.998779296875,
0.9996337890625,
0.99993896484375,
1.0,
