learned_per_gen,power_fit
0.00390625,0.0020097250066757532
0.0126953125,2.1701614501639765
0.0263671875,
0.0439453125,
0.0625,
0.09375,
0.134765625,
0.185546875,
0.2373046875,
0.30078125,
0.36328125,
0.435546875,
0.5107421875,
0.59375,
0.6875,
0.7890625,
0.8671875,
0.9306640625,
0.9697265625,
0.990234375,
0.998046875,
1.0,
