learned_per_gen,power_fit
0.00390625,0.002044921620714931
0.0087890625,2.0770964087199295
0.017578125,
0.0341796875,
0.0595703125,
0.087890625,
0.1162109375,
0.1484375,
0.193359375,
0.25390625,
0.294921875,
0.35546875,
0.4169921875,
0.4873046875,
0.5615234375,
0.6552734375,
0.7548828125,
0.8466796875,
0.9052734375,
0.951171875,
0.9775390625,
0.998046875,
1.0,
