learned_per_gen,power_fit
0.00390625,0.02187631954812822
0.01953125,1.3573700635972765
0.048828125,
0.099609375,
0.1689453125,
0.240234375,
0.3251953125,
0.404296875,
0.46875,
0.529296875,
0.5927734375,
0.6455078125,
0.6962890625,
0.7373046875,
0.7802734375,
0.8173828125,
0.849609375,
0.880859375,
0.9130859375,
0.9345703125,
0.951171875,
0.9697265625,
0.9853515625,
0.9921875,
0.998046875,
0.9990234375,
1.0,
