learned_per_gen,power_fit
0.00390625,0.001908147426246848
0.0078125,2.06591686536689
0.0224609375,
0.0341796875,
0.0537109375,
0.078125,
0.10546875,
0.13671875,
0.1787109375,
0.220703125,
0.2724609375,
0.3251953125,
0.380859375,
0.447265625,
0.5166015625,
0.5908203125,
0.6689453125,
0.755859375,
0.8291015625,
0.8857421875,
0.927734375,
0.9599609375,
0.982421875,
0.998046875,
1.0,
