learned_per_gen,power_fit
0.0,0.21875442374511714
0.5045572916666666,0.9539282049010845
0.7435980902777778,
0.8617621527777778,
0.9224175347222222,
0.9557291666666666,
0.9747178819444444,
0.9869791666666666,
0.9915364583333334,
0.9952256944444444,
0.9967447916666666,
0.9981553819444444,
0.9992404513888888,
0.9996744791666666,
0.9996744791666666,
0.9997829861111112,
0.9997829861111112,
0.9998914930555556,
0.9998914930555556,
1.0,
