learned_per_gen,power_fit
0.00390625,0.0003878095352998351
0.005859375,2.5102362103323332
0.009765625,
0.0146484375,
0.0263671875,
0.03515625,
0.05078125,
0.0732421875,
0.09765625,
0.1240234375,
0.1591796875,
0.193359375,
0.2421875,
0.29296875,
0.349609375,
0.41015625,
0.46875,
0.541015625,
0.6083984375,
0.6806640625,
0.7587890625,
0.826171875,
0.8779296875,
0.9296875,
0.9609375,
0.978515625,
0.9892578125,
0.9990234375,
1.0,
