learned_per_gen,power_fit
0.0,0.1167606379032957
0.470703125,1.6685950282311994
0.6982421875,
0.830078125,
0.9091796875,
0.9541015625,
0.96875,
0.984375,
0.9951171875,
0.99609375,
0.998046875,
1.0,
