learned_per_gen,power_fit
0.00390625,0.0012215607466973244
0.009765625,2.268757805856269
0.013671875,
0.021484375,
0.04296875,
0.06640625,
0.09765625,
0.1328125,
0.17578125,
0.22265625,
0.2880859375,
0.34375,
0.4140625,
0.49609375,
0.572265625,
0.66015625,
0.74609375,
0.8154296875,
0.869140625,
0.9072265625,
0.939453125,
0.9658203125,
0.9794921875,
0.990234375,
0.9970703125,
0.998046875,
0.998046875,
0.9990234375,
0.9990234375,
0.9990234375,
0.9990234375,
0.9990234375,
1.0,
