learned_per_gen,power_fit
0.0,0.22214614673222588
0.3623046875,0.7116046842732558
0.57421875,
0.6875,
0.7607421875,
0.8203125,
0.861328125,
0.884765625,
0.908203125,
0.9296875,
0.94921875,
0.9609375,
0.96875,
0.9765625,
0.986328125,
0.9873046875,
0.9873046875,
0.990234375,
0.994140625,
0.9951171875,
0.99609375,
0.998046875,
0.9990234375,
0.9990234375,
0.9990234375,
0.9990234375,
0.9990234375,
0.9990234375,
0.9990234375,
0.9990234375,
1.0,
