learned_per_gen,power_fit
0.0,0.2244732513300472
0.4541015625,0.8337120852776513
0.673828125,
0.7900390625,
0.861328125,
0.908203125,
0.9365234375,
0.9541015625,
0.96875,
0.97265625,
0.982421875,
0.9873046875,
0.990234375,
0.9921875,
0.99609375,
0.99609375,
0.9970703125,
0.9970703125,
0.9970703125,
0.9990234375,
1.0,
