learned_per_gen,power_fit
0.0,0.17260077181161718
0.403076171875,1.0546588190768682
0.64288330078125,
0.7879638671875,
0.86859130859375,
0.92486572265625,
0.95489501953125,
0.9730224609375,
0.98370361328125,
0.99017333984375,
0.9942626953125,
0.9967041015625,
0.99810791015625,
0.9986572265625,
0.99945068359375,
0.99957275390625,
0.99969482421875,
0.999755859375,
0.99993896484375,
1.0,
