learned_per_gen,power_fit
0.00390625,0.0015941582356915956
0.0107421875,2.2299171032818332
0.021484375,
0.03515625,
0.0595703125,
0.083984375,
0.1220703125,
0.1611328125,
0.216796875,
0.2705078125,
0.3349609375,
0.4072265625,
0.48828125,
0.5693359375,
0.66015625,
0.7578125,
0.8623046875,
0.9423828125,
0.9853515625,
0.9990234375,
1.0,
