learned_per_gen,power_fit
0.00390625,0.0020869574380182566
0.0087890625,1.9752592033488323
0.01953125,
0.0322265625,
0.0478515625,
0.0703125,
0.099609375,
0.126953125,
0.158203125,
0.19921875,
0.236328125,
0.283203125,
0.333984375,
0.380859375,
0.4267578125,
0.5,
0.564453125,
0.623046875,
0.703125,
0.775390625,
0.845703125,
0.90234375,
0.935546875,
0.966796875,
0.9833984375,
0.9951171875,
0.998046875,
1.0,
