learned_per_gen,power_fit
0.0009765625,0.00122082717747454
0.0048828125,2.2143910747491105
0.012451171875,
0.024658203125,
0.042236328125,
0.062744140625,
0.091796875,
0.1220703125,
0.158935546875,
0.2001953125,
0.248291015625,
0.30078125,
0.356689453125,
0.42041015625,
0.489990234375,
0.568359375,
0.644775390625,
0.72265625,
0.797607421875,
0.869384765625,
0.920166015625,
0.953125,
0.977783203125,
0.9912109375,
0.99755859375,
0.999755859375,
1.0,
