learned_per_gen,power_fit
0.0,0.20561700298500615
0.4794921875,0.9744035559790741
0.7119140625,
0.826171875,
0.904296875,
0.943359375,
0.9580078125,
0.9755859375,
0.984375,
0.990234375,
0.9912109375,
0.9931640625,
0.99609375,
0.998046875,
0.9990234375,
0.9990234375,
1.0,
