learned_per_gen,power_fit
0.00390625,0.00027827721612390686
0.0068359375,2.593479289477031
0.013671875,
0.017578125,
0.0244140625,
0.03515625,
0.0419921875,
0.0546875,
0.0791015625,
0.1015625,
0.1337890625,
0.171875,
0.22265625,
0.2666015625,
0.3193359375,
0.3720703125,
0.423828125,
0.4765625,
0.5126953125,
0.5537109375,
0.5927734375,
0.650390625,
0.71875,
0.7802734375,
0.83203125,
0.8740234375,
0.916015625,
0.947265625,
0.966796875,
0.98046875,
0.9853515625,
0.9912109375,
0.998046875,
1.0,
