learned_per_gen,power_fit
0.00390625,0.0025338484322001286
0.009765625,2.0879148055551022
0.025390625,
0.046875,
0.0712890625,
0.1064453125,
0.1474609375,
0.1943359375,
0.2490234375,
0.310546875,
0.380859375,
0.4521484375,
0.52734375,
0.61328125,
0.7109375,
0.814453125,
0.888671875,
0.94140625,
0.9697265625,
0.9873046875,
0.99609375,
0.9990234375,
1.0,
