learned_per_gen,power_fit
0.00390625,0.0032529460077868624
0.01171875,1.920991168076641
0.0244140625,
0.0439453125,
0.068359375,
0.09765625,
0.1357421875,
0.1806640625,
0.224609375,
0.275390625,
0.3291015625,
0.3779296875,
0.451171875,
0.5322265625,
0.603515625,
0.685546875,
0.7724609375,
0.845703125,
0.908203125,
0.9501953125,
0.974609375,
0.990234375,
0.9990234375,
1.0,
