learned_per_gen,power_fit
0.00390625,0.0015319650476103462
0.0087890625,2.0430598167665797
0.0205078125,
0.0302734375,
0.0439453125,
0.0576171875,
0.076171875,
0.103515625,
0.13671875,
0.1728515625,
0.2041015625,
0.2470703125,
0.2880859375,
0.3369140625,
0.380859375,
0.43359375,
0.4990234375,
0.5703125,
0.64453125,
0.708984375,
0.7744140625,
0.8349609375,
0.8984375,
0.9404296875,
0.97265625,
0.98828125,
0.9970703125,
1.0,
