learned_per_gen,power_fit
0.0,0.3367028735254491
0.49658203125,0.3701699129671259
0.589599609375,
0.633544921875,
0.6708984375,
0.706298828125,
0.734130859375,
0.76220703125,
0.783447265625,
0.804443359375,
0.825439453125,
0.842041015625,
0.859130859375,
0.871337890625,
0.883056640625,
0.895751953125,
0.906494140625,
0.915771484375,
0.92529296875,
0.935546875,
0.94287109375,
0.94921875,
0.955322265625,
0.961181640625,
0.966064453125,
0.96923828125,
0.97265625,
0.974365234375,
0.976806640625,
0.978271484375,
0.98046875,
0.982177734375,
0.983642578125,
0.985107421875,
0.985595703125,
0.9873046875,
0.989013671875,
0.990966796875,
0.991943359375,
0.9931640625,
0.993896484375,
0.993896484375,
0.994140625,
0.9951171875,
0.996337890625,
0.996826171875,
0.997314453125,
0.99755859375,
0.99755859375,
0.998046875,
0.998046875,
0.998291015625,
0.998779296875,
0.998779296875,
0.999267578125,
0.999267578125,
0.999267578125,
0.999267578125,
0.999267578125,
0.999267578125,
0.999267578125,
0.99951171875,
0.99951171875,
0.999755859375,
0.999755859375,
1.0,
