learned_per_gen,power_fit
0.0009765625,0.0018220319610718259
0.00634765625,2.2273822372158567
0.018798828125,
0.038818359375,
0.06591796875,
0.0986328125,
0.139892578125,
0.1875,
0.244140625,
0.3076171875,
0.37939453125,
0.458740234375,
0.543212890625,
0.634765625,
0.732421875,
0.8388671875,
0.92626953125,
0.968017578125,
0.98779296875,
0.997314453125,
1.0,
