learned_per_gen,power_fit
0.00390625,0.0017918587808946616
0.01171875,2.0990883279112444
0.0185546875,
0.03125,
0.048828125,
0.0751953125,
0.1083984375,
0.1416015625,
0.18359375,
0.2255859375,
0.271484375,
0.3310546875,
0.3935546875,
0.4677734375,
0.546875,
0.6357421875,
0.7216796875,
0.8154296875,
0.8935546875,
0.9384765625,
0.9658203125,
0.9853515625,
0.9951171875,
1.0,
