learned_per_gen,power_fit
0.000244140625,0.0002456118043705097
0.0009765625,1.9966737353743096
0.00213623046875,
0.00384521484375,
0.00604248046875,
0.0086669921875,
0.0118408203125,
0.0155029296875,
0.0196533203125,
0.0242919921875,
0.02935791015625,
0.0350341796875,
0.0411376953125,
0.0477294921875,
0.0546875,
0.06231689453125,
0.07037353515625,
0.078857421875,
0.08782958984375,
0.09735107421875,
0.107177734375,
0.11767578125,
0.12860107421875,
0.14007568359375,
0.15203857421875,
0.16436767578125,
0.17706298828125,
0.19036865234375,
0.204345703125,
0.218505859375,
0.23333740234375,
0.24847412109375,
0.26434326171875,
0.2806396484375,
0.29730224609375,
0.3145751953125,
0.3323974609375,
0.3507080078125,
0.3695068359375,
0.3887939453125,
0.40850830078125,
0.4287109375,
0.44940185546875,
0.47052001953125,
0.4921875,
0.51434326171875,
0.5369873046875,
0.5601806640625,
0.583740234375,
0.6077880859375,
0.63250732421875,
0.6575927734375,
0.68304443359375,
0.70916748046875,
0.7357177734375,
0.76263427734375,
0.7901611328125,
0.818115234375,
0.84661865234375,
0.87567138671875,
0.9049072265625,
0.93499755859375,
0.96533203125,
0.9962158203125,
0.99908447265625,
0.99993896484375,
1.0,
