learned_per_gen,power_fit
0.000244140625,0.00010996935238918747
0.00054931640625,2.079349981591391
0.00103759765625,
0.0018310546875,
0.0030517578125,
0.0042724609375,
0.00579833984375,
0.00762939453125,
0.00958251953125,
0.01220703125,
0.01519775390625,
0.01861572265625,
0.02191162109375,
0.02508544921875,
0.02862548828125,
0.03326416015625,
0.0384521484375,
0.0433349609375,
0.04815673828125,
0.05364990234375,
0.0599365234375,
0.06634521484375,
0.0731201171875,
0.08062744140625,
0.0877685546875,
0.09576416015625,
0.10430908203125,
0.1123046875,
0.12164306640625,
0.13006591796875,
0.1396484375,
0.14874267578125,
0.158447265625,
0.16888427734375,
0.18035888671875,
0.1915283203125,
0.202880859375,
0.21466064453125,
0.22607421875,
0.23773193359375,
0.2493896484375,
0.26153564453125,
0.27471923828125,
0.28692626953125,
0.30059814453125,
0.3138427734375,
0.32958984375,
0.343994140625,
0.3590087890625,
0.37335205078125,
0.38824462890625,
0.4034423828125,
0.4193115234375,
0.4364013671875,
0.4527587890625,
0.46978759765625,
0.48638916015625,
0.50152587890625,
0.5184326171875,
0.5362548828125,
0.5555419921875,
0.574462890625,
0.59466552734375,
0.61431884765625,
0.63360595703125,
0.65460205078125,
0.67535400390625,
0.697265625,
0.71875,
0.73931884765625,
0.760986328125,
0.78228759765625,
0.80242919921875,
0.82318115234375,
0.8424072265625,
0.8590087890625,
0.874267578125,
0.88775634765625,
0.9007568359375,
0.91143798828125,
0.92266845703125,
0.9324951171875,
0.94140625,
0.94964599609375,
0.95672607421875,
0.96405029296875,
0.97088623046875,
0.97637939453125,
0.98175048828125,
0.98614501953125,
0.989013671875,
0.99163818359375,
0.993408203125,
0.99542236328125,
0.996826171875,
0.9979248046875,
0.99853515625,
0.9991455078125,
0.99969482421875,
0.99993896484375,
1.0,
