learned_per_gen,power_fit
0.00390625,0.0035408907927780863
0.013671875,2.3449037046065673
0.048828125,
0.09375,
0.15625,
0.2451171875,
0.37109375,
0.517578125,
0.666015625,
0.806640625,
0.927734375,
0.98046875,
0.9931640625,
0.9970703125,
0.998046875,
1.0,
