learned_per_gen,power_fit
0.001736111111111111,0.0025197940048720265
0.011284722222222222,2.2614836694406377
0.028211805555555556,
0.05555555555555555,
0.09722222222222222,
0.1449652777777778,
0.2026909722222222,
0.2799479166666667,
0.3676215277777778,
0.4561631944444444,
0.5668402777777778,
0.6953125,
0.8103298611111112,
0.8967013888888888,
0.9539930555555556,
0.9848090277777778,
0.9956597222222222,
0.9978298611111112,
0.9991319444444444,
1.0,
