learned_per_gen,power_fit
0.0009765625,0.001177212233696514
0.005859375,2.259694617286656
0.014892578125,
0.0283203125,
0.044921875,
0.0693359375,
0.09521484375,
0.12744140625,
0.166259765625,
0.214599609375,
0.266845703125,
0.324462890625,
0.386474609375,
0.457763671875,
0.535400390625,
0.615966796875,
0.7021484375,
0.78173828125,
0.84765625,
0.8994140625,
0.93994140625,
0.970458984375,
0.987548828125,
0.995361328125,
0.998046875,
0.9990234375,
0.999755859375,
1.0,
