learned_per_gen,power_fit
0.00390625,0.002609201083374438
0.013671875,2.42335375013404
0.03515625,
0.0712890625,
0.125,
0.1982421875,
0.30078125,
0.4052734375,
0.53125,
0.6494140625,
0.7763671875,
0.8837890625,
0.947265625,
0.978515625,
0.9931640625,
0.9990234375,
1.0,
