learned_per_gen,power_fit
0.0,0.2678968200342319
0.4013671875,0.619200267319963
0.619140625,
0.743896484375,
0.82080078125,
0.868896484375,
0.898193359375,
0.919189453125,
0.93798828125,
0.9541015625,
0.963134765625,
0.970458984375,
0.9775390625,
0.982666015625,
0.98583984375,
0.990478515625,
0.9921875,
0.994384765625,
0.99560546875,
0.9970703125,
0.997314453125,
0.99755859375,
0.998046875,
0.99853515625,
0.99853515625,
0.999267578125,
0.999267578125,
0.999267578125,
0.99951171875,
0.999755859375,
0.999755859375,
0.999755859375,
0.999755859375,
1.0,
