learned_per_gen,power_fit
0.00390625,0.015594329480476989
0.0166015625,1.4540530971253842
0.0478515625,
0.0927734375,
0.14453125,
0.2177734375,
0.28515625,
0.33984375,
0.400390625,
0.455078125,
0.515625,
0.5732421875,
0.6240234375,
0.67578125,
0.732421875,
0.791015625,
0.841796875,
0.892578125,
0.9443359375,
0.9765625,
0.986328125,
0.9931640625,
0.99609375,
0.998046875,
1.0,
