learned_per_gen,power_fit
0.00390625,0.001984444323927115
0.0078125,2.141107308749627
0.01953125,
0.037109375,
0.05859375,
0.0888671875,
0.126953125,
0.1748046875,
0.2236328125,
0.275390625,
0.3349609375,
0.404296875,
0.4736328125,
0.54296875,
0.6279296875,
0.724609375,
0.8134765625,
0.888671875,
0.94140625,
0.970703125,
0.9892578125,
0.998046875,
0.9990234375,
1.0,
