learned_per_gen,power_fit
0.0009765625,0.0005267967425234582
0.001953125,2.530577607328931
0.005615234375,
0.0126953125,
0.027099609375,
0.04638671875,
0.07177734375,
0.10400390625,
0.137939453125,
0.18017578125,
0.229736328125,
0.28369140625,
0.347412109375,
0.416748046875,
0.489501953125,
0.5693359375,
0.65771484375,
0.738037109375,
0.810546875,
0.872314453125,
0.920166015625,
0.955322265625,
0.978759765625,
0.992919921875,
0.997802734375,
0.999755859375,
1.0,
