learned_per_gen,power_fit
0.00390625,0.0007973431397226664
0.0068359375,2.351342889922613
0.013671875,
0.025390625,
0.0390625,
0.052734375,
0.07421875,
0.0986328125,
0.138671875,
0.1748046875,
0.2197265625,
0.27734375,
0.337890625,
0.404296875,
0.46875,
0.5302734375,
0.6044921875,
0.669921875,
0.73828125,
0.8076171875,
0.8603515625,
0.9072265625,
0.947265625,
0.970703125,
0.986328125,
0.9912109375,
0.99609375,
0.9990234375,
0.9990234375,
0.9990234375,
0.9990234375,
1.0,
