learned_per_gen,power_fit
0.001736111111111111,0.0017384533180837053
0.0078125,2.244912372774791
0.020399305555555556,
0.03602430555555555,
0.06553819444444445,
0.09852430555555555,
0.13802083333333334,
0.18446180555555555,
0.2421875,
0.3042534722222222,
0.3776041666666667,
0.4609375,
0.5546875,
0.6527777777777778,
0.7456597222222222,
0.8250868055555556,
0.8880208333333334,
0.9392361111111112,
0.9735243055555556,
0.9921875,
0.9978298611111112,
0.9995659722222222,
1.0,
