learned_per_gen,power_fit
0.00390625,2.8481507310604086
0.015625,3.979996302365252
0.03515625,0.4388102270743133
0.0625,0.6569196923184066
0.0966796875,
0.1396484375,
0.1884765625,
0.2470703125,
0.3134765625,
0.38671875,
0.4697265625,
0.5595703125,
0.6572265625,
0.7607421875,
0.8701171875,
0.990234375,
1.0,
