learned_per_gen,power_fit
0.0,0.19363408048590292
0.4486762152777778,1.012038459937168
0.6967230902777778,
0.8275824652777778,
0.9057074652777778,
0.9491102430555556,
0.9735243055555556,
0.9854600694444444,
0.9922960069444444,
0.9957682291666666,
0.9978298611111112,
0.9984809027777778,
0.9993489583333334,
0.9994574652777778,
0.9998914930555556,
0.9998914930555556,
1.0,
