learned_per_gen,power_fit
0.00390625,0.0025332100597970143
0.0146484375,2.3572245145974553
0.0341796875,
0.0673828125,
0.109375,
0.169921875,
0.2470703125,
0.3447265625,
0.455078125,
0.572265625,
0.693359375,
0.796875,
0.8681640625,
0.9326171875,
0.97265625,
0.990234375,
0.99609375,
0.9990234375,
1.0,
