learned_per_gen,power_fit
0.000244140625,0.0020533646843188154
0.0008544921875,1.4404082023883054
0.00201416015625,
0.00341796875,
0.00714111328125,
0.0107421875,
0.014404296875,
0.01934814453125,
0.0250244140625,
0.03173828125,
0.03790283203125,
0.04534912109375,
0.05499267578125,
0.06536865234375,
0.0775146484375,
0.08941650390625,
0.100341796875,
0.113037109375,
0.12518310546875,
0.1370849609375,
0.14971923828125,
0.1619873046875,
0.17529296875,
0.188720703125,
0.20123291015625,
0.21429443359375,
0.22723388671875,
0.24139404296875,
0.2548828125,
0.26861572265625,
0.28424072265625,
0.30072021484375,
0.31597900390625,
0.33197021484375,
0.34722900390625,
0.364013671875,
0.3804931640625,
0.39678955078125,
0.41094970703125,
0.42822265625,
0.444091796875,
0.4619140625,
0.47998046875,
0.4981689453125,
0.517578125,
0.5355224609375,
0.5543212890625,
0.570556640625,
0.58624267578125,
0.60162353515625,
0.61798095703125,
0.63470458984375,
0.65240478515625,
0.668212890625,
0.682373046875,
0.6959228515625,
0.709228515625,
0.72052001953125,
0.73101806640625,
0.7425537109375,
0.75140380859375,
0.76129150390625,
0.7705078125,
0.779052734375,
0.78680419921875,
0.79327392578125,
0.7982177734375,
0.8033447265625,
0.8084716796875,
0.8143310546875,
0.8201904296875,
0.82568359375,
0.83062744140625,
0.83502197265625,
0.84039306640625,
0.8450927734375,
0.8504638671875,
0.856201171875,
0.86151123046875,
0.86669921875,
0.87200927734375,
0.8770751953125,
0.88232421875,
0.88720703125,
0.8922119140625,
0.89666748046875,
0.90045166015625,
0.90411376953125,
0.907470703125,
0.9110107421875,
0.9149169921875,
0.91876220703125,
0.9224853515625,
0.92645263671875,
0.9298095703125,
0.9334716796875,
0.9364013671875,
0.9393310546875,
0.9412841796875,
0.94390869140625,
0.947021484375,
0.95013427734375,
0.9527587890625,
0.9549560546875,
0.95751953125,
0.96124267578125,
0.96392822265625,
0.96710205078125,
0.9698486328125,
0.97186279296875,
0.97344970703125,
0.9754638671875,
0.9775390625,
0.97991943359375,
0.98187255859375,
0.9837646484375,
0.9853515625,
0.98687744140625,
0.98834228515625,
0.99017333984375,
0.991943359375,
0.993408203125,
0.99462890625,
0.9957275390625,
0.9969482421875,
0.99749755859375,
0.998291015625,
0.9989013671875,
0.99920654296875,
0.99981689453125,
1.0,
