learned_per_gen,power_fit
0.0,0.17161847253503026
0.4091796875,1.0525859769146455
0.630859375,
0.7763671875,
0.865234375,
0.9111328125,
0.94140625,
0.9619140625,
0.9775390625,
0.982421875,
0.9853515625,
0.9921875,
0.9931640625,
0.994140625,
0.99609375,
0.99609375,
0.9970703125,
0.998046875,
0.9990234375,
1.0,
