learned_per_gen,power_fit
0.000244140625,0.00013587828558751867
0.00054931640625,2.021368843267408
0.00115966796875,
0.00189208984375,
0.00311279296875,
0.00445556640625,
0.00616455078125,
0.00811767578125,
0.01043701171875,
0.01336669921875,
0.0159912109375,
0.01898193359375,
0.02191162109375,
0.02569580078125,
0.0302734375,
0.03521728515625,
0.04058837890625,
0.045654296875,
0.051513671875,
0.0576171875,
0.063720703125,
0.069091796875,
0.076171875,
0.083251953125,
0.090576171875,
0.09808349609375,
0.10626220703125,
0.1156005859375,
0.12451171875,
0.13360595703125,
0.1427001953125,
0.15179443359375,
0.16107177734375,
0.1708984375,
0.181884765625,
0.19122314453125,
0.2021484375,
0.2122802734375,
0.22283935546875,
0.23443603515625,
0.2467041015625,
0.2591552734375,
0.27142333984375,
0.283935546875,
0.29803466796875,
0.3114013671875,
0.3250732421875,
0.33917236328125,
0.35418701171875,
0.36993408203125,
0.38470458984375,
0.40008544921875,
0.41552734375,
0.43096923828125,
0.447265625,
0.4635009765625,
0.47943115234375,
0.49737548828125,
0.5157470703125,
0.53326416015625,
0.55181884765625,
0.5712890625,
0.59033203125,
0.60882568359375,
0.62774658203125,
0.64776611328125,
0.6683349609375,
0.6883544921875,
0.708984375,
0.72991943359375,
0.7490234375,
0.77105712890625,
0.791259765625,
0.81072998046875,
0.83001708984375,
0.845703125,
0.861083984375,
0.875,
0.88720703125,
0.8983154296875,
0.9085693359375,
0.91961669921875,
0.92919921875,
0.9376220703125,
0.9454345703125,
0.95245361328125,
0.95977783203125,
0.9661865234375,
0.9713134765625,
0.9766845703125,
0.98089599609375,
0.984375,
0.98779296875,
0.99078369140625,
0.992919921875,
0.9945068359375,
0.99615478515625,
0.9974365234375,
0.99859619140625,
0.99951171875,
0.9998779296875,
1.0,
