learned_per_gen,power_fit
0.0,0.1948936651621525
0.4596354166666667,0.9969998708218467
0.6827256944444444,
0.8120659722222222,
0.8919270833333334,
0.9270833333333334,
0.9544270833333334,
0.9717881944444444,
0.9856770833333334,
0.9930555555555556,
0.9956597222222222,
0.9986979166666666,
0.9995659722222222,
0.9995659722222222,
0.9995659722222222,
0.9995659722222222,
0.9995659722222222,
1.0,
