learned_per_gen,power_fit
0.0,0.15271777675065545
0.30859375,0.9870728306589042
0.5243055555555556,
0.6605902777777778,
0.7651909722222222,
0.8276909722222222,
0.8793402777777778,
0.9188368055555556,
0.9422743055555556,
0.9605034722222222,
0.9713541666666666,
0.9761284722222222,
0.9848090277777778,
0.98828125,
0.9917534722222222,
0.9943576388888888,
0.9965277777777778,
0.9973958333333334,
0.9982638888888888,
0.9986979166666666,
0.9986979166666666,
0.9986979166666666,
0.9991319444444444,
1.0,
