learned_per_gen,power_fit
0.00390625,0.000977977001717215
0.0078125,2.1184978020928873
0.013671875,
0.0205078125,
0.033203125,
0.0478515625,
0.064453125,
0.080078125,
0.1015625,
0.1240234375,
0.1533203125,
0.1865234375,
0.22265625,
0.263671875,
0.3056640625,
0.3486328125,
0.404296875,
0.462890625,
0.5166015625,
0.578125,
0.6396484375,
0.7099609375,
0.765625,
0.8134765625,
0.8671875,
0.908203125,
0.9501953125,
0.974609375,
0.994140625,
0.9990234375,
1.0,
