learned_per_gen,power_fit
0.00390625,0.0018937548053842223
0.0107421875,2.0108198613260444
0.0185546875,
0.033203125,
0.048828125,
0.0712890625,
0.0927734375,
0.1279296875,
0.1552734375,
0.1904296875,
0.23046875,
0.28125,
0.333984375,
0.380859375,
0.4443359375,
0.5048828125,
0.56640625,
0.634765625,
0.7041015625,
0.7802734375,
0.8505859375,
0.9091796875,
0.9482421875,
0.9765625,
0.9892578125,
0.9970703125,
0.9990234375,
1.0,
