learned_per_gen,power_fit
0.0,0.22281304205886537
0.3950737847222222,0.7921103611362672
0.6235894097222222,
0.7684461805555556,
0.8526475694444444,
0.9102647569444444,
0.9409722222222222,
0.9597439236111112,
0.9722222222222222,
0.9819878472222222,
0.9886067708333334,
0.9932725694444444,
0.9954427083333334,
0.9965277777777778,
0.9979383680555556,
0.9984809027777778,
0.9990234375,
0.9992404513888888,
0.9994574652777778,
0.9996744791666666,
0.9997829861111112,
0.9997829861111112,
0.9997829861111112,
0.9998914930555556,
0.9998914930555556,
1.0,
