learned_per_gen,power_fit
0.0009765625,0.0005784938226833342
0.00244140625,2.4188953013372547
0.006103515625,
0.014404296875,
0.027587890625,
0.04296875,
0.0625,
0.08740234375,
0.119384765625,
0.154052734375,
0.1904296875,
0.237548828125,
0.285400390625,
0.34375,
0.403076171875,
0.466552734375,
0.53662109375,
0.604736328125,
0.6787109375,
0.758544921875,
0.827392578125,
0.88330078125,
0.92333984375,
0.947021484375,
0.96826171875,
0.984130859375,
0.992919921875,
0.998779296875,
1.0,
