learned_per_gen,power_fit
0.0,0.20181533392585324
0.2890625,0.7362706462119443
0.4996744791666667,
0.6439887152777778,
0.7467447916666666,
0.8154296875,
0.8631727430555556,
0.8980034722222222,
0.9225260416666666,
0.9449869791666666,
0.9603949652777778,
0.9715711805555556,
0.978515625,
0.9841579861111112,
0.9879557291666666,
0.9916449652777778,
0.9931640625,
0.9951171875,
0.9959852430555556,
0.9968532986111112,
0.9977213541666666,
0.9982638888888888,
0.9985894097222222,
0.9990234375,
0.9991319444444444,
0.9993489583333334,
0.9994574652777778,
0.9994574652777778,
0.9995659722222222,
0.9997829861111112,
0.9998914930555556,
0.9998914930555556,
0.9998914930555556,
1.0,
