learned_per_gen,power_fit
0.0,0.24973819727098234
0.8995361328125,1.3400892478245139
0.99066162109375,
0.99884033203125,
0.99993896484375,
1.0,
