learned_per_gen,power_fit
0.00390625,0.004023324743228369
0.013671875,2.1284956095733114
0.033203125,
0.0673828125,
0.1181640625,
0.18359375,
0.263671875,
0.34375,
0.43359375,
0.533203125,
0.61328125,
0.697265625,
0.7744140625,
0.8408203125,
0.892578125,
0.9306640625,
0.9638671875,
0.98828125,
0.9990234375,
1.0,
