learned_per_gen,power_fit
0.00390625,0.003946507594843841
0.01953125,2.4626460650592983
0.056640625,
0.12109375,
0.2080078125,
0.3271484375,
0.474609375,
0.654296875,
0.8271484375,
0.9462890625,
0.9892578125,
0.9970703125,
1.0,
