learned_per_gen,power_fit
0.0009765625,0.0011393307618844193
0.0048828125,2.2593452767532707
0.011962890625,
0.025146484375,
0.040283203125,
0.064453125,
0.09228515625,
0.12548828125,
0.161376953125,
0.208740234375,
0.26025390625,
0.31396484375,
0.372802734375,
0.44140625,
0.5126953125,
0.591064453125,
0.670166015625,
0.753662109375,
0.826416015625,
0.884033203125,
0.92529296875,
0.95361328125,
0.9755859375,
0.9892578125,
0.996826171875,
0.99951171875,
1.0,
