learned_per_gen,power_fit
0.0009765625,0.0010764026157457469
0.005126953125,2.2998516130374487
0.012451171875,
0.023681640625,
0.040771484375,
0.064697265625,
0.09521484375,
0.129638671875,
0.168701171875,
0.21728515625,
0.268310546875,
0.325927734375,
0.39111328125,
0.4599609375,
0.53173828125,
0.609130859375,
0.69482421875,
0.777587890625,
0.85302734375,
0.916015625,
0.95458984375,
0.975830078125,
0.990966796875,
0.996826171875,
0.999755859375,
1.0,
