learned_per_gen,power_fit
0.0,0.22833420777826785
0.458251953125,0.8431525801755095
0.687744140625,
0.822509765625,
0.89306640625,
0.93603515625,
0.9599609375,
0.97509765625,
0.985595703125,
0.992431640625,
0.99462890625,
0.99658203125,
0.998046875,
0.998046875,
0.99853515625,
0.9990234375,
0.999267578125,
0.99951171875,
0.99951171875,
0.99951171875,
0.999755859375,
0.999755859375,
0.999755859375,
1.0,
