learned_per_gen,power_fit
0.00390625,0.030172042319333122
0.0244140625,1.2674307764634813
0.0732421875,
0.1376953125,
0.220703125,
0.30859375,
0.388671875,
0.4580078125,
0.517578125,
0.5830078125,
0.638671875,
0.6875,
0.734375,
0.7763671875,
0.814453125,
0.85546875,
0.88671875,
0.9111328125,
0.9306640625,
0.94921875,
0.96484375,
0.9775390625,
0.986328125,
0.99609375,
0.9990234375,
1.0,
