learned_per_gen,power_fit
0.0,0.12330541094609955
0.4970703125,1.6685090651905858
0.7373046875,
0.859375,
0.927734375,
0.953125,
0.9755859375,
0.9873046875,
0.9931640625,
0.99609375,
0.9970703125,
1.0,
