learned_per_gen,power_fit
0.0009765625,0.0006981626138672389
0.0029296875,2.00594998167628
0.005859375,
0.010009765625,
0.014404296875,
0.023193359375,
0.031982421875,
0.0419921875,
0.0546875,
0.068603515625,
0.08203125,
0.09912109375,
0.118896484375,
0.139404296875,
0.160400390625,
0.182861328125,
0.207763671875,
0.229248046875,
0.255615234375,
0.285400390625,
0.3193359375,
0.3505859375,
0.384033203125,
0.419677734375,
0.457763671875,
0.49658203125,
0.53564453125,
0.573486328125,
0.6162109375,
0.66015625,
0.706298828125,
0.755615234375,
0.8046875,
0.84619140625,
0.88330078125,
0.913330078125,
0.93359375,
0.951171875,
0.9638671875,
0.97607421875,
0.986083984375,
0.99169921875,
0.995361328125,
0.99755859375,
0.9990234375,
1.0,
