learned_per_gen,power_fit
0.0,0.17397911968725022
0.412109375,1.0503724716076048
0.642578125,
0.7822265625,
0.8740234375,
0.9169921875,
0.9423828125,
0.9677734375,
0.98046875,
0.986328125,
0.9892578125,
0.994140625,
0.99609375,
0.9970703125,
0.998046875,
0.998046875,
1.0,
