learned_per_gen,power_fit
0.00390625,0.0032165769534984673
0.0087890625,1.6748783268515834
0.0107421875,
0.01953125,
0.03125,
0.044921875,
0.056640625,
0.078125,
0.1025390625,
0.1201171875,
0.1474609375,
0.1767578125,
0.2109375,
0.25390625,
0.2919921875,
0.3369140625,
0.3720703125,
0.41796875,
0.4658203125,
0.515625,
0.5654296875,
0.603515625,
0.646484375,
0.6943359375,
0.7373046875,
0.7734375,
0.8095703125,
0.84375,
0.861328125,
0.888671875,
0.9091796875,
0.9296875,
0.9365234375,
0.9501953125,
0.95703125,
0.9609375,
0.9658203125,
0.96875,
0.970703125,
0.9755859375,
0.978515625,
0.982421875,
0.9853515625,
0.9873046875,
0.990234375,
0.990234375,
0.994140625,
0.9951171875,
0.9970703125,
0.998046875,
0.998046875,
0.998046875,
0.998046875,
0.9990234375,
0.9990234375,
0.9990234375,
0.9990234375,
0.9990234375,
0.9990234375,
1.0,
