learned_per_gen,power_fit
0.0,0.2802777890157
0.45703125,0.5745583949828663
0.63671875,
0.72265625,
0.771484375,
0.8203125,
0.85546875,
0.8828125,
0.8984375,
0.9189453125,
0.9384765625,
0.9501953125,
0.958984375,
0.9658203125,
0.9736328125,
0.9775390625,
0.98046875,
0.984375,
0.986328125,
0.9873046875,
0.9892578125,
0.9912109375,
0.9921875,
0.994140625,
0.994140625,
0.9951171875,
0.99609375,
0.9970703125,
0.9970703125,
0.9970703125,
0.998046875,
0.9990234375,
0.9990234375,
0.9990234375,
1.0,
