learned_per_gen,power_fit
0.000244140625,0.0002384327068970532
0.00091552734375,2.0051586556441072
0.002197265625,
0.0037841796875,
0.0059814453125,
0.0086669921875,
0.0118408203125,
0.01544189453125,
0.01959228515625,
0.02410888671875,
0.029052734375,
0.03460693359375,
0.04071044921875,
0.0472412109375,
0.05438232421875,
0.06195068359375,
0.0699462890625,
0.07855224609375,
0.08758544921875,
0.096923828125,
0.10693359375,
0.11724853515625,
0.128173828125,
0.1395263671875,
0.15142822265625,
0.16387939453125,
0.17681884765625,
0.190185546875,
0.2041015625,
0.21832275390625,
0.2332763671875,
0.24853515625,
0.264404296875,
0.2806396484375,
0.2974853515625,
0.3148193359375,
0.33251953125,
0.35076904296875,
0.369384765625,
0.388671875,
0.40826416015625,
0.4283447265625,
0.4490966796875,
0.4703369140625,
0.4918212890625,
0.51385498046875,
0.53631591796875,
0.5594482421875,
0.5831298828125,
0.60711669921875,
0.6314697265625,
0.6566162109375,
0.68206787109375,
0.7080078125,
0.7344970703125,
0.7615966796875,
0.7889404296875,
0.81683349609375,
0.84527587890625,
0.87432861328125,
0.90362548828125,
0.93359375,
0.964111328125,
0.9949951171875,
0.998046875,
0.999755859375,
1.0,
