learned_per_gen,power_fit
0.0009765625,0.0014043023693032016
0.006103515625,2.2643394002341783
0.016845703125,
0.030517578125,
0.05419921875,
0.0810546875,
0.113525390625,
0.15576171875,
0.2060546875,
0.25732421875,
0.321533203125,
0.388671875,
0.4619140625,
0.540771484375,
0.628662109375,
0.7216796875,
0.81396484375,
0.88525390625,
0.9345703125,
0.966064453125,
0.986083984375,
0.997802734375,
1.0,
