learned_per_gen,power_fit
0.0,0.22596739422098266
0.14990234375,0.4309291656638381
0.26812744140625,
0.36328125,
0.44305419921875,
0.5067138671875,
0.56011962890625,
0.60272216796875,
0.64013671875,
0.67376708984375,
0.70184326171875,
0.725341796875,
0.7469482421875,
0.76678466796875,
0.78363037109375,
0.798583984375,
0.81396484375,
0.82550048828125,
0.83685302734375,
0.84820556640625,
0.85784912109375,
0.86602783203125,
0.874267578125,
0.882080078125,
0.888671875,
0.8958740234375,
0.9012451171875,
0.9071044921875,
0.91339111328125,
0.91845703125,
0.92413330078125,
0.92822265625,
0.93304443359375,
0.9368896484375,
0.94073486328125,
0.94488525390625,
0.94842529296875,
0.9517822265625,
0.95452880859375,
0.95733642578125,
0.95947265625,
0.96185302734375,
0.96368408203125,
0.96649169921875,
0.96856689453125,
0.97015380859375,
0.972412109375,
0.97430419921875,
0.97607421875,
0.97735595703125,
0.97894287109375,
0.980224609375,
0.98187255859375,
0.98260498046875,
0.98297119140625,
0.9842529296875,
0.98577880859375,
0.98651123046875,
0.9873046875,
0.98822021484375,
0.98883056640625,
0.98944091796875,
0.99053955078125,
0.990966796875,
0.99151611328125,
0.9918212890625,
0.99249267578125,
0.99298095703125,
0.9932861328125,
0.99383544921875,
0.99420166015625,
0.99432373046875,
0.99468994140625,
0.9952392578125,
0.99566650390625,
0.9959716796875,
0.99615478515625,
0.99639892578125,
0.99658203125,
0.99688720703125,
0.9970703125,
0.9974365234375,
0.99761962890625,
0.9976806640625,
0.9979248046875,
0.998046875,
0.998046875,
0.998046875,
0.9981689453125,
0.9981689453125,
0.998291015625,
0.9984130859375,
0.99859619140625,
0.998779296875,
0.99884033203125,
0.99884033203125,
0.99884033203125,
0.9989013671875,
0.99908447265625,
0.99908447265625,
0.99908447265625,
0.99920654296875,
0.999267578125,
0.9993896484375,
0.99945068359375,
0.99945068359375,
0.99951171875,
0.99957275390625,
0.9996337890625,
0.9996337890625,
0.9996337890625,
0.9996337890625,
0.9996337890625,
0.99969482421875,
0.99969482421875,
0.99969482421875,
0.99969482421875,
0.99969482421875,
0.999755859375,
0.999755859375,
0.999755859375,
0.99981689453125,
0.9998779296875,
0.9998779296875,
0.9998779296875,
0.9998779296875,
0.9998779296875,
1.0,
