learned_per_gen,power_fit
0.00390625,0.002362673990497945
0.0107421875,2.065360821445043
0.0244140625,
0.04296875,
0.0673828125,
0.091796875,
0.1298828125,
0.1708984375,
0.220703125,
0.275390625,
0.3369140625,
0.40234375,
0.47265625,
0.5478515625,
0.6123046875,
0.6962890625,
0.7841796875,
0.861328125,
0.9150390625,
0.94921875,
0.9736328125,
0.986328125,
0.9921875,
0.99609375,
0.9990234375,
0.9990234375,
1.0,
