learned_per_gen,power_fit
0.00390625,0.0010938090967163635
0.009765625,2.3335104058241227
0.015625,
0.029296875,
0.046875,
0.0712890625,
0.1005859375,
0.140625,
0.1845703125,
0.234375,
0.294921875,
0.361328125,
0.4189453125,
0.486328125,
0.560546875,
0.640625,
0.7373046875,
0.83984375,
0.9111328125,
0.9599609375,
0.986328125,
0.9990234375,
1.0,
