learned_per_gen,power_fit
0.0,0.23255174347655533
0.20008680555555555,0.46880848944378817
0.3465711805555556,
0.4562717013888889,
0.5360243055555556,
0.5954861111111112,
0.64453125,
0.6841362847222222,
0.7163628472222222,
0.7447916666666666,
0.7715928819444444,
0.7937282986111112,
0.8118489583333334,
0.8266059027777778,
0.8414713541666666,
0.8539496527777778,
0.8671875,
0.8779296875,
0.8887803819444444,
0.8973524305555556,
0.9067925347222222,
0.9143880208333334,
0.9222005208333334,
0.9291449652777778,
0.9352213541666666,
0.9388020833333334,
0.9449869791666666,
0.9495442708333334,
0.9534505208333334,
0.9574652777777778,
0.9609375,
0.9643012152777778,
0.9674479166666666,
0.970703125,
0.9736328125,
0.9753689236111112,
0.9776475694444444,
0.9792751736111112,
0.9812282986111112,
0.982421875,
0.9842664930555556,
0.9858940972222222,
0.9871961805555556,
0.9878472222222222,
0.9888237847222222,
0.9894748263888888,
0.9901258680555556,
0.9908854166666666,
0.9916449652777778,
0.9925130208333334,
0.9930555555555556,
0.9935980902777778,
0.9939236111111112,
0.9940321180555556,
0.9944661458333334,
0.9946831597222222,
0.9951171875,
0.9955512152777778,
0.9959852430555556,
0.9964192708333334,
0.9968532986111112,
0.9973958333333334,
0.9975043402777778,
0.9976128472222222,
0.9977213541666666,
0.998046875,
0.9981553819444444,
0.9983723958333334,
0.9988064236111112,
0.9990234375,
0.9990234375,
0.9991319444444444,
0.9991319444444444,
0.9992404513888888,
0.9992404513888888,
0.9992404513888888,
0.9992404513888888,
0.9992404513888888,
0.9993489583333334,
0.9994574652777778,
0.9994574652777778,
0.9997829861111112,
0.9998914930555556,
0.9998914930555556,
1.0,
