learned_per_gen,power_fit
0.0009765625,0.0012446793582048903
0.004638671875,2.31050731420716
0.0126953125,
0.0283203125,
0.049560546875,
0.078125,
0.11083984375,
0.154296875,
0.200439453125,
0.256103515625,
0.3173828125,
0.3857421875,
0.458740234375,
0.544189453125,
0.6376953125,
0.7353515625,
0.829833984375,
0.909423828125,
0.95458984375,
0.981689453125,
0.99560546875,
0.999267578125,
1.0,
