learned_per_gen,power_fit
0.00390625,0.0006358659121040877
0.0048828125,2.45054090885268
0.0078125,
0.015625,
0.029296875,
0.0498046875,
0.07421875,
0.10546875,
0.142578125,
0.181640625,
0.224609375,
0.279296875,
0.3369140625,
0.400390625,
0.470703125,
0.544921875,
0.615234375,
0.7060546875,
0.79296875,
0.8740234375,
0.9287109375,
0.9599609375,
0.9853515625,
1.0,
