learned_per_gen,power_fit
0.001736111111111111,0.0020372236921737128
0.008246527777777778,2.3778211721195968
0.025607638888888888,
0.05078125,
0.09114583333333333,
0.1501736111111111,
0.21180555555555555,
0.2829861111111111,
0.3780381944444444,
0.4748263888888889,
0.5928819444444444,
0.7170138888888888,
0.8411458333333334,
0.9292534722222222,
0.9722222222222222,
0.9930555555555556,
0.9986979166666666,
1.0,
