learned_per_gen,power_fit
0.000244140625,3.1717741778395254e-5
0.00048828125,2.2260423236570057
0.00079345703125,
0.00103759765625,
0.00152587890625,
0.0020751953125,
0.00244140625,
0.00299072265625,
0.00408935546875,
0.00555419921875,
0.00640869140625,
0.007568359375,
0.00909423828125,
0.0106201171875,
0.0125732421875,
0.01495361328125,
0.0166015625,
0.0189208984375,
0.02197265625,
0.024658203125,
0.0272216796875,
0.03045654296875,
0.03314208984375,
0.03643798828125,
0.03973388671875,
0.04364013671875,
0.04803466796875,
0.05255126953125,
0.0570068359375,
0.06170654296875,
0.06640625,
0.07183837890625,
0.07684326171875,
0.0823974609375,
0.08837890625,
0.09423828125,
0.09942626953125,
0.1053466796875,
0.11151123046875,
0.11810302734375,
0.124755859375,
0.1312255859375,
0.138427734375,
0.1456298828125,
0.153076171875,
0.1605224609375,
0.16796875,
0.17559814453125,
0.183349609375,
0.19091796875,
0.19970703125,
0.20843505859375,
0.21630859375,
0.2257080078125,
0.23504638671875,
0.24359130859375,
0.2542724609375,
0.26470947265625,
0.276611328125,
0.28790283203125,
0.29931640625,
0.31201171875,
0.32391357421875,
0.33502197265625,
0.34552001953125,
0.35693359375,
0.36761474609375,
0.38067626953125,
0.3927001953125,
0.4041748046875,
0.41754150390625,
0.43035888671875,
0.44378662109375,
0.45745849609375,
0.4722900390625,
0.4873046875,
0.50006103515625,
0.51513671875,
0.52801513671875,
0.54046630859375,
0.5548095703125,
0.5692138671875,
0.5836181640625,
0.59796142578125,
0.61236572265625,
0.6260986328125,
0.64129638671875,
0.65802001953125,
0.674072265625,
0.689697265625,
0.7049560546875,
0.71917724609375,
0.73370361328125,
0.74896240234375,
0.7635498046875,
0.77899169921875,
0.79638671875,
0.8125,
0.82647705078125,
0.83843994140625,
0.85186767578125,
0.86541748046875,
0.87725830078125,
0.88714599609375,
0.89727783203125,
0.90673828125,
0.91497802734375,
0.92279052734375,
0.93035888671875,
0.93701171875,
0.94268798828125,
0.9495849609375,
0.95562744140625,
0.96026611328125,
0.96484375,
0.9688720703125,
0.9725341796875,
0.97601318359375,
0.9788818359375,
0.9818115234375,
0.98504638671875,
0.988037109375,
0.9908447265625,
0.99365234375,
0.99578857421875,
0.9974365234375,
0.99871826171875,
0.99945068359375,
0.99981689453125,
1.0,
