learned_per_gen,power_fit
0.00390625,0.0032043795893667852
0.01953125,2.158361280497811
0.0419921875,
0.0693359375,
0.10546875,
0.15625,
0.2119140625,
0.2802734375,
0.359375,
0.4580078125,
0.5771484375,
0.6826171875,
0.7861328125,
0.857421875,
0.9091796875,
0.94140625,
0.96875,
0.9853515625,
0.9931640625,
0.994140625,
0.99609375,
0.9970703125,
1.0,
