learned_per_gen,power_fit
0.00390625,0.0007509835682374359
0.0087890625,2.458545065708161
0.015625,
0.0283203125,
0.041015625,
0.0595703125,
0.091796875,
0.12109375,
0.1572265625,
0.2119140625,
0.2724609375,
0.341796875,
0.423828125,
0.4912109375,
0.583984375,
0.6826171875,
0.7607421875,
0.8203125,
0.87109375,
0.9130859375,
0.943359375,
0.96875,
0.982421875,
0.98828125,
0.9921875,
0.9951171875,
0.998046875,
0.9990234375,
0.9990234375,
0.9990234375,
0.9990234375,
1.0,
