learned_per_gen,power_fit
0.0,0.15654296947050736
0.4544270833333333,1.251132959405062
0.6909722222222222,
0.8298611111111112,
0.9049479166666666,
0.9461805555555556,
0.9748263888888888,
0.9848090277777778,
0.9913194444444444,
0.9956597222222222,
0.9982638888888888,
0.9986979166666666,
0.9986979166666666,
0.9986979166666666,
0.9995659722222222,
1.0,
