learned_per_gen,power_fit
0.0009765625,0.0029480884831014414
0.001953125,1.3212487804272373
0.0029296875,
0.00537109375,
0.0068359375,
0.009033203125,
0.012451171875,
0.01611328125,
0.020751953125,
0.026611328125,
0.03369140625,
0.04052734375,
0.046630859375,
0.0517578125,
0.058349609375,
0.066650390625,
0.077880859375,
0.087646484375,
0.09814453125,
0.108154296875,
0.1201171875,
0.13134765625,
0.14599609375,
0.16015625,
0.1748046875,
0.18994140625,
0.20166015625,
0.216796875,
0.2294921875,
0.24658203125,
0.2626953125,
0.27978515625,
0.299072265625,
0.318115234375,
0.335205078125,
0.357666015625,
0.376708984375,
0.3935546875,
0.41064453125,
0.43115234375,
0.4482421875,
0.462646484375,
0.4765625,
0.49169921875,
0.505126953125,
0.519775390625,
0.53369140625,
0.546630859375,
0.556884765625,
0.567626953125,
0.576904296875,
0.5859375,
0.59716796875,
0.607177734375,
0.614013671875,
0.624267578125,
0.63037109375,
0.63818359375,
0.64599609375,
0.651611328125,
0.658447265625,
0.666259765625,
0.673095703125,
0.68017578125,
0.6865234375,
0.69384765625,
0.70068359375,
0.70947265625,
0.715576171875,
0.72314453125,
0.73095703125,
0.73779296875,
0.744384765625,
0.7509765625,
0.75732421875,
0.76416015625,
0.772216796875,
0.7802734375,
0.786865234375,
0.794189453125,
0.803955078125,
0.8134765625,
0.822021484375,
0.831298828125,
0.842041015625,
0.849365234375,
0.85986328125,
0.86767578125,
0.87353515625,
0.881591796875,
0.885986328125,
0.890625,
0.896484375,
0.90185546875,
0.908935546875,
0.91455078125,
0.9189453125,
0.92431640625,
0.92724609375,
0.930908203125,
0.935546875,
0.93896484375,
0.9443359375,
0.946533203125,
0.949951171875,
0.954833984375,
0.95751953125,
0.960205078125,
0.96435546875,
0.96728515625,
0.971435546875,
0.97509765625,
0.978515625,
0.981201171875,
0.98388671875,
0.98486328125,
0.986572265625,
0.98828125,
0.989990234375,
0.990234375,
0.991943359375,
0.9921875,
0.99365234375,
0.99462890625,
0.994873046875,
0.995361328125,
0.995849609375,
0.99658203125,
0.997314453125,
0.99853515625,
0.9990234375,
0.999267578125,
0.99951171875,
0.99951171875,
0.999755859375,
0.999755859375,
1.0,
