learned_per_gen,power_fit
0.00390625,0.002195900544406997
0.0087890625,1.792412079169729
0.0166015625,
0.029296875,
0.0390625,
0.0546875,
0.068359375,
0.0830078125,
0.1103515625,
0.13671875,
0.16015625,
0.193359375,
0.2265625,
0.2529296875,
0.2802734375,
0.310546875,
0.3515625,
0.404296875,
0.45703125,
0.5048828125,
0.5478515625,
0.603515625,
0.6611328125,
0.72265625,
0.7802734375,
0.84375,
0.8916015625,
0.9326171875,
0.95703125,
0.9755859375,
0.9912109375,
0.998046875,
1.0,
