learned_per_gen,power_fit
0.00390625,0.0004626376015930133
0.0078125,2.459537570870708
0.0126953125,
0.017578125,
0.02734375,
0.03515625,
0.05078125,
0.078125,
0.1044921875,
0.1328125,
0.16796875,
0.2080078125,
0.2529296875,
0.306640625,
0.375,
0.4287109375,
0.486328125,
0.5546875,
0.634765625,
0.7138671875,
0.794921875,
0.86328125,
0.921875,
0.96484375,
0.9892578125,
0.998046875,
1.0,
