learned_per_gen,power_fit
0.0009765625,0.0009619615375143372
0.003662109375,2.262466716020539
0.009521484375,
0.0205078125,
0.036376953125,
0.0576171875,
0.07861328125,
0.103759765625,
0.138427734375,
0.175537109375,
0.2197265625,
0.2666015625,
0.3212890625,
0.375732421875,
0.439453125,
0.510986328125,
0.585205078125,
0.661376953125,
0.736083984375,
0.803466796875,
0.85888671875,
0.910400390625,
0.94287109375,
0.966064453125,
0.982177734375,
0.9931640625,
0.996826171875,
0.998779296875,
1.0,
