learned_per_gen,power_fit
0.00390625,0.003837967025540087
0.015625,2.1825889191996026
0.0419921875,
0.083984375,
0.1298828125,
0.189453125,
0.263671875,
0.3623046875,
0.490234375,
0.63671875,
0.763671875,
0.8876953125,
0.9560546875,
0.982421875,
0.9970703125,
1.0,
