learned_per_gen,power_fit
0.00390625,0.0026157030907580326
0.01171875,2.0564692534788653
0.025390625,
0.044921875,
0.072265625,
0.1064453125,
0.1435546875,
0.1884765625,
0.23828125,
0.2919921875,
0.3671875,
0.43359375,
0.5107421875,
0.5966796875,
0.69140625,
0.7919921875,
0.8720703125,
0.9345703125,
0.974609375,
0.9912109375,
0.9990234375,
1.0,
