learned_per_gen,power_fit
0.00043402777777777775,0.00023672654186834897
0.0010850694444444445,1.9693286451492034
0.0018446180555555555,
0.0026041666666666665,
0.004665798611111111,
0.007052951388888889,
0.008897569444444444,
0.0107421875,
0.014322916666666666,
0.0185546875,
0.023003472222222224,
0.026909722222222224,
0.031901041666666664,
0.03634982638888889,
0.04123263888888889,
0.047309027777777776,
0.052408854166666664,
0.060112847222222224,
0.0675998263888889,
0.0740017361111111,
0.08333333333333333,
0.09309895833333333,
0.10243055555555555,
0.1120876736111111,
0.12239583333333333,
0.1323784722222222,
0.14485677083333334,
0.1566840277777778,
0.16981336805555555,
0.1826171875,
0.1958550347222222,
0.208984375,
0.2238498263888889,
0.23838975694444445,
0.2541232638888889,
0.2694227430555556,
0.2876519097222222,
0.3031684027777778,
0.3226996527777778,
0.34375,
0.3644748263888889,
0.3851996527777778,
0.4070095486111111,
0.4284939236111111,
0.4495442708333333,
0.4700520833333333,
0.4895833333333333,
0.5101996527777778,
0.5305989583333334,
0.5456814236111112,
0.5633680555555556,
0.5806206597222222,
0.5967881944444444,
0.6145833333333334,
0.6324869791666666,
0.6493055555555556,
0.6636284722222222,
0.6799045138888888,
0.6955295138888888,
0.7101779513888888,
0.7245008680555556,
0.7391493055555556,
0.7521701388888888,
0.7644314236111112,
0.7784288194444444,
0.7911241319444444,
0.8043619791666666,
0.8170572916666666,
0.8274739583333334,
0.8391927083333334,
0.8485243055555556,
0.8577473958333334,
0.8653428819444444,
0.8725043402777778,
0.8787977430555556,
0.8865017361111112,
0.8932291666666666,
0.8984375,
0.9061414930555556,
0.9120008680555556,
0.9184027777777778,
0.9244791666666666,
0.9301215277777778,
0.9358723958333334,
0.9403211805555556,
0.9457465277777778,
0.9503038194444444,
0.9539930555555556,
0.95703125,
0.9596354166666666,
0.9627821180555556,
0.9656032986111112,
0.9686414930555556,
0.9708116319444444,
0.9729817708333334,
0.9756944444444444,
0.9778645833333334,
0.9805772569444444,
0.9826388888888888,
0.9854600694444444,
0.9883897569444444,
0.990234375,
0.9921875,
0.9934895833333334,
0.9949001736111112,
0.9959852430555556,
0.9968532986111112,
0.9976128472222222,
0.9982638888888888,
0.9988064236111112,
0.9993489583333334,
0.9993489583333334,
0.9996744791666666,
0.9996744791666666,
0.9996744791666666,
0.9996744791666666,
0.9998914930555556,
0.9998914930555556,
0.9998914930555556,
1.0,
