learned_per_gen,power_fit
0.00390625,3.1707670088073034
0.0126953125,3.5871618763772455
0.0263671875,0.46442167263045864
0.0517578125,0.5663799981790568
0.0859375,
0.1220703125,
0.169921875,
0.2197265625,
0.283203125,
0.3486328125,
0.4296875,
0.5087890625,
0.591796875,
0.6884765625,
0.79296875,
0.9033203125,
0.958984375,
0.986328125,
0.998046875,
1.0,
