learned_per_gen,power_fit
0.00390625,0.0048642022599044805
0.0166015625,2.082790931860515
0.0439453125,
0.0859375,
0.13671875,
0.201171875,
0.2822265625,
0.3720703125,
0.482421875,
0.580078125,
0.6875,
0.779296875,
0.8486328125,
0.888671875,
0.923828125,
0.951171875,
0.978515625,
0.9921875,
0.99609375,
1.0,
