learned_per_gen,power_fit
0.0,0.29899533743775586
0.5911458333333334,0.7369966478265665
0.8343098958333334,
0.9334852430555556,
0.9738498263888888,
0.9891493055555556,
0.9965277777777778,
0.9985894097222222,
0.9994574652777778,
0.9998914930555556,
1.0,
