learned_per_gen,power_fit
0.001736111111111111,0.001208829188593841
0.005642361111111111,2.463885108372184
0.01953125,
0.03819444444444445,
0.06293402777777778,
0.09852430555555555,
0.1440972222222222,
0.20182291666666666,
0.2743055555555556,
0.3546006944444444,
0.4422743055555556,
0.54296875,
0.6527777777777778,
0.7604166666666666,
0.8611111111111112,
0.9214409722222222,
0.9592013888888888,
0.984375,
0.9947916666666666,
0.9991319444444444,
1.0,
