learned_per_gen,power_fit
0.00043402777777777775,0.0025635292754683085
0.001736111111111111,1.5643844078920852
0.004340277777777778,
0.008138020833333334,
0.013997395833333334,
0.020724826388888888,
0.029947916666666668,
0.041015625,
0.054144965277777776,
0.06944444444444445,
0.08637152777777778,
0.1042751736111111,
0.123046875,
0.1430121527777778,
0.16493055555555555,
0.1863064236111111,
0.20811631944444445,
0.2322048611111111,
0.2549913194444444,
0.2798394097222222,
0.306640625,
0.3325737847222222,
0.3592664930555556,
0.3866102430555556,
0.4134114583333333,
0.4398871527777778,
0.4671223958333333,
0.4930555555555556,
0.5203993055555556,
0.5454644097222222,
0.572265625,
0.5964626736111112,
0.6194661458333334,
0.642578125,
0.6642795138888888,
0.6868489583333334,
0.7092013888888888,
0.7288411458333334,
0.748046875,
0.7667100694444444,
0.78515625,
0.8030598958333334,
0.8174913194444444,
0.8325737847222222,
0.8464626736111112,
0.8591579861111112,
0.8701171875,
0.8822699652777778,
0.892578125,
0.9025607638888888,
0.9112413194444444,
0.9177517361111112,
0.9235026041666666,
0.9301215277777778,
0.9364149305555556,
0.9418402777777778,
0.947265625,
0.9530164930555556,
0.9577907986111112,
0.9626736111111112,
0.9665798611111112,
0.9702690972222222,
0.9742838541666666,
0.9771050347222222,
0.9806857638888888,
0.984375,
0.9871961805555556,
0.9898003472222222,
0.9920789930555556,
0.9940321180555556,
0.9956597222222222,
0.9967447916666666,
0.9981553819444444,
0.9990234375,
0.9995659722222222,
0.9997829861111112,
0.9997829861111112,
1.0,
