learned_per_gen,power_fit
0.001736111111111111,0.0014824846606968612
0.005642361111111111,2.4263306006958967
0.016927083333333332,
0.038628472222222224,
0.07421875,
0.11675347222222222,
0.16536458333333334,
0.23307291666666666,
0.30859375,
0.3927951388888889,
0.4861111111111111,
0.5985243055555556,
0.7061631944444444,
0.8116319444444444,
0.8967013888888888,
0.9548611111111112,
0.98046875,
0.9956597222222222,
0.9995659722222222,
1.0,
