learned_per_gen,power_fit
0.00390625,0.0036085466449252445
0.0126953125,2.020468048633267
0.0341796875,
0.060546875,
0.09375,
0.134765625,
0.1826171875,
0.240234375,
0.3037109375,
0.3798828125,
0.4619140625,
0.5498046875,
0.6455078125,
0.7509765625,
0.8642578125,
0.98046875,
0.998046875,
1.0,
