learned_per_gen,power_fit
0.0,0.1072799933212945
0.4453125,1.7396804349709132
0.6982421875,
0.8369140625,
0.9130859375,
0.94140625,
0.9677734375,
0.9814453125,
0.98828125,
0.9970703125,
1.0,
