learned_per_gen,power_fit
0.0,0.2419971620644124
0.3701171875,0.693285542439188
0.6259765625,
0.7431640625,
0.818359375,
0.8662109375,
0.8974609375,
0.9169921875,
0.9345703125,
0.953125,
0.9658203125,
0.9697265625,
0.9775390625,
0.9794921875,
0.9853515625,
0.9873046875,
0.990234375,
0.9931640625,
0.994140625,
0.9951171875,
0.9951171875,
0.99609375,
0.998046875,
0.998046875,
0.998046875,
0.998046875,
0.998046875,
0.998046875,
0.998046875,
0.998046875,
0.9990234375,
1.0,
