learned_per_gen,power_fit
0.001736111111111111,0.005879097063244575
0.00390625,1.2940417765379613
0.009114583333333334,
0.014322916666666666,
0.01953125,
0.029079861111111112,
0.039496527777777776,
0.05251736111111111,
0.06510416666666667,
0.0802951388888889,
0.09852430555555555,
0.11762152777777778,
0.1410590277777778,
0.1662326388888889,
0.1857638888888889,
0.2126736111111111,
0.2339409722222222,
0.2526041666666667,
0.2738715277777778,
0.2942708333333333,
0.3146701388888889,
0.3342013888888889,
0.3567708333333333,
0.37890625,
0.4036458333333333,
0.4214409722222222,
0.4435763888888889,
0.4670138888888889,
0.4839409722222222,
0.4991319444444444,
0.5199652777777778,
0.5407986111111112,
0.55859375,
0.5724826388888888,
0.5881076388888888,
0.6011284722222222,
0.6202256944444444,
0.6349826388888888,
0.6545138888888888,
0.6740451388888888,
0.6901041666666666,
0.7074652777777778,
0.7213541666666666,
0.7335069444444444,
0.7434895833333334,
0.7573784722222222,
0.7717013888888888,
0.7821180555555556,
0.7934027777777778,
0.8046875,
0.8190104166666666,
0.8342013888888888,
0.8467881944444444,
0.8598090277777778,
0.8723958333333334,
0.8841145833333334,
0.89453125,
0.9071180555555556,
0.9166666666666666,
0.9262152777777778,
0.9353298611111112,
0.9427083333333334,
0.9522569444444444,
0.9574652777777778,
0.9639756944444444,
0.9709201388888888,
0.9743923611111112,
0.9769965277777778,
0.9822048611111112,
0.984375,
0.9869791666666666,
0.9895833333333334,
0.9900173611111112,
0.9917534722222222,
0.9947916666666666,
0.9969618055555556,
0.9986979166666666,
0.9986979166666666,
0.9991319444444444,
0.9991319444444444,
0.9991319444444444,
0.9995659722222222,
1.0,
