learned_per_gen,power_fit
0.00390625,0.0010434849380083016
0.0087890625,2.0695117816635764
0.0185546875,
0.025390625,
0.0322265625,
0.04296875,
0.0537109375,
0.0751953125,
0.09375,
0.12109375,
0.1474609375,
0.1787109375,
0.216796875,
0.248046875,
0.2802734375,
0.314453125,
0.359375,
0.419921875,
0.4736328125,
0.5341796875,
0.5869140625,
0.6513671875,
0.716796875,
0.77734375,
0.8369140625,
0.892578125,
0.939453125,
0.9755859375,
0.9921875,
1.0,
