learned_per_gen,power_fit
0.00043402777777777775,0.005846869152633343
0.0020616319444444445,1.321509264172095
0.0068359375,
0.013780381944444444,
0.0244140625,
0.036458333333333336,
0.04904513888888889,
0.06477864583333333,
0.07921006944444445,
0.0966796875,
0.11458333333333333,
0.1353081597222222,
0.1577690972222222,
0.1787109375,
0.20008680555555555,
0.22330729166666666,
0.2476128472222222,
0.2725694444444444,
0.296875,
0.3215060763888889,
0.3449435763888889,
0.3676215277777778,
0.388671875,
0.4106987847222222,
0.4324001736111111,
0.4534505208333333,
0.4747178819444444,
0.4970703125,
0.5181206597222222,
0.5389539930555556,
0.5602213541666666,
0.5798611111111112,
0.6003689236111112,
0.6194661458333334,
0.6365017361111112,
0.6532118055555556,
0.6692708333333334,
0.6850043402777778,
0.7008463541666666,
0.7158203125,
0.7279730902777778,
0.7409939236111112,
0.7518446180555556,
0.7623697916666666,
0.7744140625,
0.7853732638888888,
0.7972005208333334,
0.8077256944444444,
0.8184678819444444,
0.8302951388888888,
0.8411458333333334,
0.8525390625,
0.8644748263888888,
0.8753255208333334,
0.8868272569444444,
0.8972439236111112,
0.9080946180555556,
0.919921875,
0.9302300347222222,
0.9403211805555556,
0.9521484375,
0.962890625,
0.9713541666666666,
0.9762369791666666,
0.9828559027777778,
0.9869791666666666,
0.9895833333333334,
0.9917534722222222,
0.9937065972222222,
0.9955512152777778,
0.9966362847222222,
0.9981553819444444,
0.9990234375,
0.9995659722222222,
0.9998914930555556,
0.9998914930555556,
1.0,
