learned_per_gen,power_fit
0.0009765625,0.0012127931281658026
0.00634765625,2.4019359877976325
0.01806640625,
0.0380859375,
0.066162109375,
0.099853515625,
0.14111328125,
0.190185546875,
0.245849609375,
0.3095703125,
0.380615234375,
0.45751953125,
0.544921875,
0.63720703125,
0.737548828125,
0.84423828125,
0.928955078125,
0.96728515625,
0.98779296875,
0.99755859375,
1.0,
