learned_per_gen,power_fit
0.00390625,0.0020622629969550407
0.0087890625,1.994963059584733
0.0234375,
0.0361328125,
0.0517578125,
0.07421875,
0.1015625,
0.130859375,
0.166015625,
0.19921875,
0.2470703125,
0.2880859375,
0.3427734375,
0.404296875,
0.4755859375,
0.5458984375,
0.6162109375,
0.701171875,
0.779296875,
0.857421875,
0.9013671875,
0.9443359375,
0.9677734375,
0.982421875,
0.9912109375,
0.9970703125,
0.9990234375,
1.0,
