learned_per_gen,power_fit
0.001736111111111111,0.0024353047598164508
0.0078125,2.189301169148243
0.023003472222222224,
0.04904513888888889,
0.0859375,
0.1254340277777778,
0.1697048611111111,
0.2322048611111111,
0.2977430555555556,
0.3793402777777778,
0.4622395833333333,
0.5512152777777778,
0.6592881944444444,
0.7647569444444444,
0.8485243055555556,
0.9114583333333334,
0.9578993055555556,
0.9848090277777778,
0.9952256944444444,
0.9995659722222222,
1.0,
