learned_per_gen,power_fit
0.00043402777777777775,0.0027397744252538356
0.0020616319444444445,1.6800007638082504
0.005533854166666667,
0.012369791666666666,
0.021592881944444444,
0.034505208333333336,
0.04893663194444445,
0.06456163194444445,
0.0832248263888889,
0.10579427083333333,
0.1300998263888889,
0.15538194444444445,
0.18489583333333334,
0.2156032986111111,
0.24913194444444445,
0.2864583333333333,
0.3250868055555556,
0.3656684027777778,
0.4049479166666667,
0.4446614583333333,
0.4865451388888889,
0.5281032986111112,
0.5665147569444444,
0.6036241319444444,
0.6361762152777778,
0.6681857638888888,
0.6971571180555556,
0.7236328125,
0.7486979166666666,
0.7725694444444444,
0.7935112847222222,
0.8121744791666666,
0.830078125,
0.8464626736111112,
0.8626302083333334,
0.8767361111111112,
0.8892144097222222,
0.9004991319444444,
0.9124348958333334,
0.9232855902777778,
0.9329427083333334,
0.9416232638888888,
0.9486762152777778,
0.9564887152777778,
0.9633246527777778,
0.9697265625,
0.9741753472222222,
0.9781901041666666,
0.9816623263888888,
0.9848090277777778,
0.9875217013888888,
0.990234375,
0.9924045138888888,
0.9945746527777778,
0.9964192708333334,
0.998046875,
0.9990234375,
0.9994574652777778,
0.9998914930555556,
1.0,
