learned_per_gen,power_fit
0.00390625,0.0030707974050615283
0.0146484375,2.4533258310421227
0.0458984375,
0.09375,
0.154296875,
0.25,
0.3681640625,
0.501953125,
0.6533203125,
0.787109375,
0.8955078125,
0.958984375,
0.98828125,
0.994140625,
0.998046875,
1.0,
