learned_per_gen,power_fit
0.00390625,0.0030906787046846343
0.0107421875,2.027814258933222
0.02734375,
0.0498046875,
0.08203125,
0.1171875,
0.1591796875,
0.2099609375,
0.267578125,
0.330078125,
0.3984375,
0.46875,
0.5595703125,
0.6494140625,
0.7529296875,
0.8525390625,
0.916015625,
0.955078125,
0.9755859375,
0.9921875,
0.998046875,
1.0,
