learned_per_gen,power_fit
0.00390625,0.006807836222076213
0.0078125,1.6819804348653882
0.0205078125,
0.0439453125,
0.08203125,
0.1298828125,
0.181640625,
0.2294921875,
0.28125,
0.3330078125,
0.3994140625,
0.4619140625,
0.51953125,
0.576171875,
0.646484375,
0.6982421875,
0.7509765625,
0.783203125,
0.8046875,
0.830078125,
0.857421875,
0.884765625,
0.9150390625,
0.947265625,
0.966796875,
0.98046875,
0.9853515625,
0.990234375,
0.9951171875,
0.99609375,
1.0,
