learned_per_gen,power_fit
0.001736111111111111,0.0003258108658837539
0.0030381944444444445,2.108071234738838
0.004340277777777778,
0.006510416666666667,
0.009982638888888888,
0.014756944444444444,
0.01953125,
0.024739583333333332,
0.030815972222222224,
0.039496527777777776,
0.046440972222222224,
0.059027777777777776,
0.07118055555555555,
0.08159722222222222,
0.09418402777777778,
0.109375,
0.1254340277777778,
0.1410590277777778,
0.1644965277777778,
0.18446180555555555,
0.20442708333333334,
0.22178819444444445,
0.23958333333333334,
0.2651909722222222,
0.2894965277777778,
0.3168402777777778,
0.3446180555555556,
0.37109375,
0.3953993055555556,
0.4249131944444444,
0.4518229166666667,
0.4787326388888889,
0.5143229166666666,
0.5494791666666666,
0.5824652777777778,
0.6124131944444444,
0.64453125,
0.6840277777777778,
0.7139756944444444,
0.7491319444444444,
0.77734375,
0.8042534722222222,
0.8289930555555556,
0.85546875,
0.8793402777777778,
0.9014756944444444,
0.9205729166666666,
0.9348958333333334,
0.9474826388888888,
0.9583333333333334,
0.96484375,
0.9722222222222222,
0.9787326388888888,
0.9826388888888888,
0.9874131944444444,
0.9895833333333334,
0.9926215277777778,
0.9943576388888888,
0.99609375,
0.9973958333333334,
0.9982638888888888,
0.9991319444444444,
0.9995659722222222,
0.9995659722222222,
0.9995659722222222,
1.0,
