learned_per_gen,power_fit
0.000244140625,4.83535977015402e-5
0.0003662109375,2.1993458196580264
0.00048828125,
0.00091552734375,
0.00164794921875,
0.00213623046875,
0.00335693359375,
0.0042724609375,
0.00555419921875,
0.0072021484375,
0.0087890625,
0.0111083984375,
0.01336669921875,
0.01568603515625,
0.0184326171875,
0.0208740234375,
0.023681640625,
0.02685546875,
0.030517578125,
0.0338134765625,
0.03790283203125,
0.04266357421875,
0.04803466796875,
0.0533447265625,
0.057861328125,
0.06292724609375,
0.068603515625,
0.07476806640625,
0.08050537109375,
0.08770751953125,
0.0938720703125,
0.09967041015625,
0.10601806640625,
0.11260986328125,
0.12066650390625,
0.12750244140625,
0.1353759765625,
0.143310546875,
0.15191650390625,
0.16082763671875,
0.170166015625,
0.17974853515625,
0.18865966796875,
0.198974609375,
0.209228515625,
0.2193603515625,
0.230224609375,
0.24053955078125,
0.25238037109375,
0.2640380859375,
0.27593994140625,
0.28759765625,
0.2998046875,
0.31195068359375,
0.32501220703125,
0.33831787109375,
0.35235595703125,
0.364990234375,
0.37860107421875,
0.39373779296875,
0.40765380859375,
0.42254638671875,
0.4375,
0.45172119140625,
0.467529296875,
0.48309326171875,
0.49896240234375,
0.51556396484375,
0.53131103515625,
0.54638671875,
0.5631103515625,
0.58099365234375,
0.59918212890625,
0.6163330078125,
0.6341552734375,
0.65185546875,
0.67083740234375,
0.69000244140625,
0.70928955078125,
0.72991943359375,
0.74993896484375,
0.7685546875,
0.78887939453125,
0.8060302734375,
0.82366943359375,
0.83966064453125,
0.85479736328125,
0.86834716796875,
0.8785400390625,
0.8896484375,
0.90032958984375,
0.91094970703125,
0.92034912109375,
0.92987060546875,
0.93902587890625,
0.947998046875,
0.95550537109375,
0.9622802734375,
0.968017578125,
0.9742431640625,
0.97918701171875,
0.98345947265625,
0.986572265625,
0.98956298828125,
0.99273681640625,
0.99481201171875,
0.9964599609375,
0.99786376953125,
0.99920654296875,
0.99969482421875,
0.9998779296875,
1.0,
