learned_per_gen,power_fit
0.001736111111111111,0.00044310368858573707
0.002170138888888889,1.9862378759343615
0.0026041666666666665,
0.00390625,
0.007378472222222222,
0.011284722222222222,
0.014756944444444444,
0.019097222222222224,
0.023871527777777776,
0.030381944444444444,
0.03819444444444445,
0.046440972222222224,
0.05642361111111111,
0.06987847222222222,
0.08246527777777778,
0.09418402777777778,
0.10546875,
0.12196180555555555,
0.13932291666666666,
0.1545138888888889,
0.17057291666666666,
0.1953125,
0.2144097222222222,
0.2339409722222222,
0.2552083333333333,
0.2795138888888889,
0.3038194444444444,
0.3350694444444444,
0.3654513888888889,
0.3967013888888889,
0.4197048611111111,
0.4526909722222222,
0.4800347222222222,
0.5073784722222222,
0.5390625,
0.5746527777777778,
0.6072048611111112,
0.6371527777777778,
0.6618923611111112,
0.6875,
0.7126736111111112,
0.7330729166666666,
0.7543402777777778,
0.7795138888888888,
0.7999131944444444,
0.8142361111111112,
0.828125,
0.83984375,
0.8493923611111112,
0.8602430555555556,
0.8671875,
0.8758680555555556,
0.8823784722222222,
0.8901909722222222,
0.8971354166666666,
0.9014756944444444,
0.90625,
0.9105902777777778,
0.9149305555555556,
0.9184027777777778,
0.9210069444444444,
0.9240451388888888,
0.9283854166666666,
0.9340277777777778,
0.9388020833333334,
0.9435763888888888,
0.9483506944444444,
0.953125,
0.9544270833333334,
0.9574652777777778,
0.9596354166666666,
0.9626736111111112,
0.9661458333333334,
0.9704861111111112,
0.9722222222222222,
0.9752604166666666,
0.9778645833333334,
0.98046875,
0.9822048611111112,
0.9852430555555556,
0.9865451388888888,
0.9895833333333334,
0.9908854166666666,
0.9934895833333334,
0.9947916666666666,
0.9956597222222222,
0.9965277777777778,
0.9978298611111112,
0.9991319444444444,
1.0,
