learned_per_gen,power_fit
0.0,0.12037028534174685
0.2880859375,1.1636267644081615
0.49609375,
0.638671875,
0.7333984375,
0.8291015625,
0.8837890625,
0.9189453125,
0.94140625,
0.9609375,
0.9716796875,
0.9814453125,
0.9892578125,
0.9912109375,
0.99609375,
0.998046875,
0.998046875,
0.998046875,
0.9990234375,
1.0,
