learned_per_gen,power_fit
0.0009765625,0.0012358901254572307
0.00537109375,2.2337693291038883
0.01318359375,
0.027099609375,
0.04296875,
0.06494140625,
0.094970703125,
0.1337890625,
0.168212890625,
0.211181640625,
0.26123046875,
0.318115234375,
0.380126953125,
0.447998046875,
0.5244140625,
0.60400390625,
0.690185546875,
0.775146484375,
0.844482421875,
0.90234375,
0.941650390625,
0.971923828125,
0.98681640625,
0.994140625,
0.998046875,
0.9990234375,
0.999755859375,
0.999755859375,
1.0,
