learned_per_gen,power_fit
0.000244140625,0.0012024204718929466
0.00152587890625,1.7055413934895614
0.00482177734375,
0.010009765625,
0.0172119140625,
0.02606201171875,
0.036865234375,
0.04925537109375,
0.06317138671875,
0.07781982421875,
0.09405517578125,
0.1114501953125,
0.130615234375,
0.15081787109375,
0.17236328125,
0.19647216796875,
0.22064208984375,
0.24688720703125,
0.27447509765625,
0.303466796875,
0.334228515625,
0.36614990234375,
0.3994140625,
0.43243408203125,
0.4620361328125,
0.48919677734375,
0.5152587890625,
0.538818359375,
0.56103515625,
0.58294677734375,
0.60491943359375,
0.62652587890625,
0.64697265625,
0.66729736328125,
0.684814453125,
0.7025146484375,
0.72003173828125,
0.73779296875,
0.75457763671875,
0.7718505859375,
0.78668212890625,
0.798583984375,
0.80975341796875,
0.82110595703125,
0.829345703125,
0.83660888671875,
0.84307861328125,
0.849609375,
0.856201171875,
0.8624267578125,
0.86846923828125,
0.87408447265625,
0.8797607421875,
0.88580322265625,
0.8912353515625,
0.896728515625,
0.90167236328125,
0.90679931640625,
0.91180419921875,
0.9168701171875,
0.92138671875,
0.9261474609375,
0.93048095703125,
0.93475341796875,
0.93890380859375,
0.94287109375,
0.94677734375,
0.9505615234375,
0.95416259765625,
0.9576416015625,
0.96087646484375,
0.96417236328125,
0.96697998046875,
0.969970703125,
0.97271728515625,
0.9752197265625,
0.9776611328125,
0.97998046875,
0.982177734375,
0.98406982421875,
0.98614501953125,
0.98797607421875,
0.9896240234375,
0.99114990234375,
0.99261474609375,
0.9937744140625,
0.99505615234375,
0.99603271484375,
0.99700927734375,
0.99786376953125,
0.99853515625,
0.9990234375,
0.99951171875,
0.99981689453125,
0.99993896484375,
1.0,
