learned_per_gen,power_fit
0.00390625,0.0015800221707345848
0.009765625,2.21696280206172
0.0185546875,
0.033203125,
0.0576171875,
0.0859375,
0.1171875,
0.1591796875,
0.203125,
0.2587890625,
0.32421875,
0.388671875,
0.458984375,
0.53515625,
0.6220703125,
0.7099609375,
0.8173828125,
0.91015625,
0.96484375,
0.994140625,
1.0,
