learned_per_gen,power_fit
0.0009765625,6.505793324648689
0.002197265625,3.9858519673513992
0.004638671875,0.6797362699522869
0.0087890625,0.4487145313192117
0.01611328125,
0.023193359375,
0.031005859375,
0.04150390625,
0.053466796875,
0.067138671875,
0.081298828125,
0.09912109375,
0.11669921875,
0.13916015625,
0.16064453125,
0.183349609375,
0.209228515625,
0.236328125,
0.267822265625,
0.297607421875,
0.330810546875,
0.364990234375,
0.40283203125,
0.4404296875,
0.482177734375,
0.5224609375,
0.565673828125,
0.60986328125,
0.6572265625,
0.706298828125,
0.758544921875,
0.81298828125,
0.86669921875,
0.908203125,
0.936767578125,
0.959228515625,
0.973876953125,
0.983154296875,
0.991943359375,
0.9970703125,
0.99951171875,
1.0,
