learned_per_gen,power_fit
0.00390625,0.0017312430312926737
0.009765625,2.1353652492298303
0.01953125,
0.03125,
0.0498046875,
0.0771484375,
0.107421875,
0.1474609375,
0.19140625,
0.2412109375,
0.29296875,
0.3447265625,
0.4130859375,
0.490234375,
0.564453125,
0.6396484375,
0.7177734375,
0.8046875,
0.8701171875,
0.91015625,
0.9384765625,
0.9736328125,
0.9892578125,
0.9970703125,
1.0,
