learned_per_gen,power_fit
0.00390625,0.011217514384487363
0.01953125,1.723688093826421
0.0576171875,
0.107421875,
0.173828125,
0.2451171875,
0.3310546875,
0.4228515625,
0.51171875,
0.5986328125,
0.67578125,
0.7412109375,
0.796875,
0.83984375,
0.888671875,
0.92578125,
0.9599609375,
0.978515625,
0.9921875,
0.998046875,
1.0,
