learned_per_gen,power_fit
0.0,0.22564493711892208
0.4453125,0.8575067230433271
0.69439697265625,
0.83056640625,
0.90631103515625,
0.947998046875,
0.9727783203125,
0.9852294921875,
0.99224853515625,
0.995361328125,
0.9974365234375,
0.9986572265625,
0.9993896484375,
0.99969482421875,
0.99981689453125,
0.9998779296875,
0.99993896484375,
0.99993896484375,
0.99993896484375,
0.99993896484375,
1.0,
