learned_per_gen,power_fit
0.000244140625,0.0019705765417099503
0.00140380859375,1.5930023158018236
0.00390625,
0.00799560546875,
0.0137939453125,
0.0208740234375,
0.02935791015625,
0.0396728515625,
0.05096435546875,
0.063720703125,
0.07708740234375,
0.09136962890625,
0.107421875,
0.1239013671875,
0.14154052734375,
0.1593017578125,
0.177001953125,
0.19500732421875,
0.21441650390625,
0.23345947265625,
0.2537841796875,
0.27490234375,
0.295654296875,
0.31878662109375,
0.34161376953125,
0.36468505859375,
0.388916015625,
0.41363525390625,
0.43792724609375,
0.4600830078125,
0.481689453125,
0.50244140625,
0.52337646484375,
0.5430908203125,
0.56231689453125,
0.58184814453125,
0.60028076171875,
0.61907958984375,
0.63800048828125,
0.65667724609375,
0.67431640625,
0.69256591796875,
0.70953369140625,
0.7255859375,
0.740234375,
0.7562255859375,
0.77117919921875,
0.78582763671875,
0.79949951171875,
0.8134765625,
0.826904296875,
0.8377685546875,
0.84967041015625,
0.85980224609375,
0.870361328125,
0.879638671875,
0.8892822265625,
0.898193359375,
0.9072265625,
0.91632080078125,
0.92498779296875,
0.9334716796875,
0.94207763671875,
0.95068359375,
0.95953369140625,
0.96575927734375,
0.9708251953125,
0.97540283203125,
0.97918701171875,
0.98291015625,
0.98687744140625,
0.990234375,
0.9937744140625,
0.9974365234375,
0.99896240234375,
1.0,
