learned_per_gen,power_fit
0.0009765625,0.002265848291282016
0.006103515625,1.8466538340075367
0.016357421875,
0.033935546875,
0.05615234375,
0.078857421875,
0.108154296875,
0.13818359375,
0.172119140625,
0.20849609375,
0.245361328125,
0.285400390625,
0.330810546875,
0.373779296875,
0.409423828125,
0.4443359375,
0.481689453125,
0.51953125,
0.55908203125,
0.5986328125,
0.640869140625,
0.682373046875,
0.72705078125,
0.774169921875,
0.804443359375,
0.8291015625,
0.853271484375,
0.87353515625,
0.893310546875,
0.9111328125,
0.92822265625,
0.94189453125,
0.955078125,
0.963134765625,
0.969482421875,
0.97509765625,
0.98095703125,
0.985595703125,
0.98974609375,
0.9931640625,
0.9970703125,
0.99951171875,
1.0,
