learned_per_gen,power_fit
0.0,0.23916369107589844
0.3580729166666667,0.6614566819931472
0.5698784722222222,
0.6966145833333334,
0.7769097222222222,
0.8368055555555556,
0.8745659722222222,
0.90625,
0.9244791666666666,
0.9448784722222222,
0.9578993055555556,
0.9661458333333334,
0.9752604166666666,
0.9782986111111112,
0.9813368055555556,
0.9856770833333334,
0.9878472222222222,
0.9917534722222222,
0.9943576388888888,
0.9952256944444444,
0.9965277777777778,
0.9969618055555556,
0.9973958333333334,
0.9973958333333334,
0.9978298611111112,
0.9991319444444444,
0.9991319444444444,
0.9991319444444444,
0.9995659722222222,
0.9995659722222222,
0.9995659722222222,
0.9995659722222222,
0.9995659722222222,
0.9995659722222222,
1.0,
