learned_per_gen,power_fit
0.0,0.1761343380833478
0.35302734375,0.9472088576666695
0.577880859375,
0.734619140625,
0.822509765625,
0.882080078125,
0.9208984375,
0.94873046875,
0.965087890625,
0.9794921875,
0.987548828125,
0.9921875,
0.994384765625,
0.99560546875,
0.997314453125,
0.99853515625,
0.998779296875,
0.998779296875,
0.99951171875,
0.999755859375,
0.999755859375,
0.999755859375,
1.0,
