learned_per_gen,power_fit
0.0,0.19842796024592718
0.352783203125,0.8383763243131138
0.57476806640625,
0.72454833984375,
0.8206787109375,
0.88330078125,
0.9246826171875,
0.9505615234375,
0.967529296875,
0.97802734375,
0.98492431640625,
0.989990234375,
0.99383544921875,
0.9957275390625,
0.99774169921875,
0.9986572265625,
0.9991455078125,
0.99945068359375,
0.9996337890625,
0.99981689453125,
0.9998779296875,
0.9998779296875,
0.99993896484375,
0.99993896484375,
1.0,
