learned_per_gen,power_fit
0.00390625,0.0012382671143195446
0.0068359375,2.206279071578013
0.0126953125,
0.02734375,
0.04296875,
0.0615234375,
0.08984375,
0.123046875,
0.1591796875,
0.2021484375,
0.2421875,
0.2978515625,
0.35546875,
0.4208984375,
0.49609375,
0.5771484375,
0.654296875,
0.7373046875,
0.8251953125,
0.8896484375,
0.9365234375,
0.974609375,
0.990234375,
0.9990234375,
1.0,
