learned_per_gen,power_fit
0.0,0.16103285204481646
0.4605034722222222,1.2377934791433052
0.7087673611111112,
0.8333333333333334,
0.9105902777777778,
0.9526909722222222,
0.9739583333333334,
0.9830729166666666,
0.9930555555555556,
0.9952256944444444,
0.9982638888888888,
0.9991319444444444,
0.9991319444444444,
0.9995659722222222,
1.0,
