learned_per_gen,power_fit
0.0,0.14879010999740405
0.5888671875,1.621612900212393
0.8408203125,
0.931640625,
0.9736328125,
0.9873046875,
0.998046875,
0.9990234375,
0.9990234375,
1.0,
