learned_per_gen,power_fit
0.0,0.2188211041224762
0.6123046875,1.1143069015033895
0.841796875,
0.9375,
0.9755859375,
0.9921875,
0.99609375,
1.0,
