learned_per_gen,power_fit
0.0,0.1989749659138602
0.46484375,0.979755327155132
0.689453125,
0.8095703125,
0.8818359375,
0.9345703125,
0.95703125,
0.974609375,
0.9833984375,
0.990234375,
0.9951171875,
0.998046875,
0.998046875,
0.998046875,
0.998046875,
0.9990234375,
1.0,
