learned_per_gen,power_fit
0.00390625,0.0013416579843261117
0.0087890625,2.158222434854292
0.017578125,
0.033203125,
0.0478515625,
0.0634765625,
0.083984375,
0.1181640625,
0.1533203125,
0.197265625,
0.2353515625,
0.28515625,
0.333984375,
0.4052734375,
0.4833984375,
0.5537109375,
0.6240234375,
0.701171875,
0.783203125,
0.85546875,
0.9130859375,
0.951171875,
0.9736328125,
0.986328125,
0.9921875,
0.99609375,
0.9990234375,
1.0,
