learned_per_gen,power_fit
0.00043402777777777775,0.00015820256729591505
0.0010850694444444445,2.1464925715464145
0.0018446180555555555,
0.0035807291666666665,
0.005316840277777778,
0.007921006944444444,
0.010633680555555556,
0.013780381944444444,
0.017144097222222224,
0.021267361111111112,
0.026584201388888888,
0.03244357638888889,
0.03884548611111111,
0.046223958333333336,
0.0537109375,
0.0625,
0.07172309027777778,
0.0798611111111111,
0.0886501736111111,
0.09765625,
0.1072048611111111,
0.11848958333333333,
0.13313802083333334,
0.14561631944444445,
0.1574435763888889,
0.1720920138888889,
0.1863064236111111,
0.20128038194444445,
0.2175564236111111,
0.2339409722222222,
0.2522786458333333,
0.2692057291666667,
0.2872178819444444,
0.3059895833333333,
0.3266059027777778,
0.3468967013888889,
0.3683810763888889,
0.3897569444444444,
0.4123263888888889,
0.4350043402777778,
0.4593098958333333,
0.4842664930555556,
0.5083550347222222,
0.5340711805555556,
0.5592447916666666,
0.5856119791666666,
0.6120876736111112,
0.6389973958333334,
0.6685112847222222,
0.6961805555555556,
0.7278645833333334,
0.7585720486111112,
0.7868923611111112,
0.8122829861111112,
0.8370225694444444,
0.8570963541666666,
0.8747829861111112,
0.8922526041666666,
0.9084201388888888,
0.9220920138888888,
0.9346788194444444,
0.9481336805555556,
0.9597439236111112,
0.9692925347222222,
0.9767795138888888,
0.9827473958333334,
0.9876302083333334,
0.9917534722222222,
0.9949001736111112,
0.9970703125,
0.9984809027777778,
0.9991319444444444,
0.9996744791666666,
1.0,
