learned_per_gen,power_fit
0.00043402777777777775,0.00016964840312530747
0.0005425347222222222,2.0167614736971458
0.0010850694444444445,
0.0018446180555555555,
0.003146701388888889,
0.004448784722222222,
0.0068359375,
0.009874131944444444,
0.013020833333333334,
0.016818576388888888,
0.01953125,
0.022786458333333332,
0.026475694444444444,
0.030598958333333332,
0.035481770833333336,
0.041558159722222224,
0.04774305555555555,
0.054036458333333336,
0.062174479166666664,
0.06944444444444445,
0.07649739583333333,
0.0842013888888889,
0.0925564236111111,
0.10112847222222222,
0.11002604166666667,
0.11979166666666667,
0.1294487847222222,
0.1404079861111111,
0.1506076388888889,
0.1626519097222222,
0.1745876736111111,
0.18739149305555555,
0.1987847222222222,
0.2113715277777778,
0.22471788194444445,
0.23828125,
0.2513020833333333,
0.2650824652777778,
0.2778862847222222,
0.2918836805555556,
0.3044704861111111,
0.3196614583333333,
0.3353949652777778,
0.3503689236111111,
0.3649088541666667,
0.3797743055555556,
0.396484375,
0.4138454861111111,
0.4321831597222222,
0.4519314236111111,
0.4688585069444444,
0.4862196180555556,
0.5054253472222222,
0.5252821180555556,
0.5465494791666666,
0.5680338541666666,
0.5895182291666666,
0.6092664930555556,
0.6311848958333334,
0.6528862847222222,
0.6743706597222222,
0.6986762152777778,
0.7222222222222222,
0.7472873263888888,
0.7687717013888888,
0.7904730902777778,
0.8116319444444444,
0.8305121527777778,
0.84765625,
0.8640407986111112,
0.8772786458333334,
0.8891059027777778,
0.9013671875,
0.9128689236111112,
0.9216579861111112,
0.9302300347222222,
0.9368489583333334,
0.9441189236111112,
0.9503038194444444,
0.9564887152777778,
0.9620225694444444,
0.9676649305555556,
0.9740668402777778,
0.9782986111111112,
0.9828559027777778,
0.9866536458333334,
0.9901258680555556,
0.9922960069444444,
0.9933810763888888,
0.9947916666666666,
0.9957682291666666,
0.9965277777777778,
0.9975043402777778,
0.9985894097222222,
0.9994574652777778,
0.9996744791666666,
0.9998914930555556,
0.9998914930555556,
0.9998914930555556,
0.9998914930555556,
0.9998914930555556,
1.0,
