learned_per_gen,power_fit
0.0,0.17401769900207364
0.3502197265625,0.9519519081381859
0.57623291015625,
0.72528076171875,
0.81805419921875,
0.88189697265625,
0.92169189453125,
0.9498291015625,
0.9661865234375,
0.9774169921875,
0.98388671875,
0.98907470703125,
0.99334716796875,
0.99578857421875,
0.9970703125,
0.99798583984375,
0.99822998046875,
0.99896240234375,
0.99920654296875,
0.99951171875,
0.999755859375,
0.99981689453125,
0.99993896484375,
1.0,
