learned_per_gen,power_fit
0.001736111111111111,0.002103628251636781
0.008680555555555556,2.3443758744898044
0.023871527777777776,
0.05078125,
0.09027777777777778,
0.14366319444444445,
0.20442708333333334,
0.2764756944444444,
0.3606770833333333,
0.4596354166666667,
0.5716145833333334,
0.6940104166666666,
0.8116319444444444,
0.9032118055555556,
0.9548611111111112,
0.9878472222222222,
0.9991319444444444,
1.0,
