learned_per_gen,power_fit
0.0,0.16838574765988562
0.397705078125,1.0659422161954006
0.632080078125,
0.776611328125,
0.867431640625,
0.9189453125,
0.949462890625,
0.969482421875,
0.984375,
0.989501953125,
0.994384765625,
0.99658203125,
0.99853515625,
0.9990234375,
0.999755859375,
0.999755859375,
0.999755859375,
0.999755859375,
1.0,
