learned_per_gen,power_fit
0.00390625,0.0021166168212688884
0.009765625,2.5773573946594786
0.03515625,
0.072265625,
0.130859375,
0.2177734375,
0.32421875,
0.4462890625,
0.59375,
0.7412109375,
0.873046875,
0.947265625,
0.9814453125,
0.99609375,
0.9990234375,
1.0,
