learned_per_gen,power_fit
0.000244140625,0.0016361103555817308
0.0008544921875,1.6560225503104034
0.00250244140625,
0.00604248046875,
0.01043701171875,
0.01654052734375,
0.02392578125,
0.03314208984375,
0.04302978515625,
0.05419921875,
0.06732177734375,
0.08123779296875,
0.09814453125,
0.115234375,
0.1328125,
0.15057373046875,
0.169677734375,
0.19073486328125,
0.21197509765625,
0.23291015625,
0.25531005859375,
0.278076171875,
0.30072021484375,
0.3251953125,
0.348388671875,
0.37139892578125,
0.39483642578125,
0.41986083984375,
0.4447021484375,
0.46881103515625,
0.4951171875,
0.5220947265625,
0.5477294921875,
0.57476806640625,
0.600830078125,
0.62811279296875,
0.6549072265625,
0.6798095703125,
0.70440673828125,
0.72320556640625,
0.74139404296875,
0.75799560546875,
0.77423095703125,
0.790283203125,
0.805908203125,
0.820068359375,
0.83343505859375,
0.8450927734375,
0.8538818359375,
0.86248779296875,
0.87042236328125,
0.87799072265625,
0.885009765625,
0.89215087890625,
0.89788818359375,
0.90380859375,
0.9091796875,
0.9149169921875,
0.920654296875,
0.926025390625,
0.9312744140625,
0.93597412109375,
0.94097900390625,
0.94573974609375,
0.9500732421875,
0.95465087890625,
0.95880126953125,
0.962890625,
0.96710205078125,
0.970947265625,
0.97503662109375,
0.978271484375,
0.9820556640625,
0.98553466796875,
0.9884033203125,
0.99114990234375,
0.9935302734375,
0.9952392578125,
0.99664306640625,
0.9976806640625,
0.99896240234375,
0.99969482421875,
0.99993896484375,
1.0,
