learned_per_gen,power_fit
0.0,0.22495483079918638
0.4491102430555556,0.8523489659720043
0.6850043402777778,
0.8204210069444444,
0.8952907986111112,
0.9375,
0.9625651041666666,
0.9755859375,
0.9842664930555556,
0.9899088541666666,
0.9938151041666666,
0.9959852430555556,
0.9975043402777778,
0.9984809027777778,
0.9991319444444444,
0.9993489583333334,
0.9994574652777778,
0.9996744791666666,
0.9997829861111112,
0.9998914930555556,
1.0,
