learned_per_gen,power_fit
0.0,0.2732316235391258
0.502685546875,0.6909993871456634
0.707275390625,
0.8157958984375,
0.8760986328125,
0.91607666015625,
0.94219970703125,
0.960205078125,
0.9722900390625,
0.9813232421875,
0.98736572265625,
0.9912109375,
0.99407958984375,
0.99560546875,
0.996826171875,
0.997802734375,
0.99847412109375,
0.99896240234375,
0.9993896484375,
0.99957275390625,
0.99969482421875,
0.99969482421875,
0.99969482421875,
0.999755859375,
0.999755859375,
0.99993896484375,
1.0,
