learned_per_gen,power_fit
0.00390625,0.001666408482855016
0.0087890625,2.0874348697793503
0.0166015625,
0.0322265625,
0.0517578125,
0.0703125,
0.091796875,
0.1279296875,
0.1640625,
0.2021484375,
0.2509765625,
0.2978515625,
0.3515625,
0.412109375,
0.4814453125,
0.5595703125,
0.6337890625,
0.7197265625,
0.798828125,
0.8564453125,
0.9033203125,
0.9404296875,
0.966796875,
0.9833984375,
0.9921875,
0.9970703125,
0.9990234375,
1.0,
