learned_per_gen,power_fit
0.0,0.2905151438308155
0.2829861111111111,0.36139541675055575
0.4418402777777778,
0.5208333333333334,
0.5759548611111112,
0.6128472222222222,
0.6453993055555556,
0.6714409722222222,
0.69140625,
0.7113715277777778,
0.7287326388888888,
0.7452256944444444,
0.7608506944444444,
0.7769097222222222,
0.7921006944444444,
0.8068576388888888,
0.8216145833333334,
0.8350694444444444,
0.8433159722222222,
0.8519965277777778,
0.8589409722222222,
0.8658854166666666,
0.8741319444444444,
0.8802083333333334,
0.8875868055555556,
0.8980034722222222,
0.9019097222222222,
0.9084201388888888,
0.9136284722222222,
0.9188368055555556,
0.9240451388888888,
0.9266493055555556,
0.9301215277777778,
0.9331597222222222,
0.9361979166666666,
0.9440104166666666,
0.9487847222222222,
0.9509548611111112,
0.9522569444444444,
0.9552951388888888,
0.9574652777777778,
0.9609375,
0.9626736111111112,
0.9665798611111112,
0.9670138888888888,
0.96875,
0.9700520833333334,
0.9717881944444444,
0.9748263888888888,
0.9752604166666666,
0.9778645833333334,
0.9787326388888888,
0.9800347222222222,
0.98046875,
0.9813368055555556,
0.9826388888888888,
0.984375,
0.9848090277777778,
0.9856770833333334,
0.9865451388888888,
0.9874131944444444,
0.9891493055555556,
0.9900173611111112,
0.9908854166666666,
0.9917534722222222,
0.9926215277777778,
0.9930555555555556,
0.9934895833333334,
0.9934895833333334,
0.9939236111111112,
0.9943576388888888,
0.9956597222222222,
0.9956597222222222,
0.99609375,
0.9965277777777778,
0.9969618055555556,
0.9969618055555556,
0.9973958333333334,
0.9973958333333334,
0.9978298611111112,
0.9978298611111112,
0.9982638888888888,
0.9982638888888888,
0.9982638888888888,
0.9982638888888888,
0.9982638888888888,
0.9982638888888888,
0.9982638888888888,
0.9982638888888888,
0.9982638888888888,
0.9986979166666666,
0.9986979166666666,
0.9991319444444444,
0.9991319444444444,
0.9991319444444444,
0.9995659722222222,
0.9995659722222222,
0.9995659722222222,
0.9995659722222222,
0.9995659722222222,
0.9995659722222222,
0.9995659722222222,
0.9995659722222222,
0.9995659722222222,
0.9995659722222222,
0.9995659722222222,
1.0,
