learned_per_gen,power_fit
0.00390625,0.012618093649310354
0.0146484375,1.5911701521123611
0.0419921875,
0.09765625,
0.1591796875,
0.2197265625,
0.2880859375,
0.361328125,
0.4326171875,
0.5126953125,
0.5732421875,
0.6279296875,
0.6748046875,
0.7265625,
0.765625,
0.7998046875,
0.8359375,
0.8701171875,
0.9052734375,
0.9345703125,
0.958984375,
0.9755859375,
0.9892578125,
1.0,
