learned_per_gen,power_fit
0.0009765625,0.0016490260193239993
0.006103515625,2.2108102637752514
0.017333984375,
0.03466796875,
0.055419921875,
0.08642578125,
0.123046875,
0.163818359375,
0.212890625,
0.26953125,
0.3310546875,
0.3994140625,
0.47216796875,
0.557373046875,
0.645751953125,
0.7451171875,
0.83203125,
0.91015625,
0.955810546875,
0.98193359375,
0.99267578125,
0.9990234375,
1.0,
