learned_per_gen,power_fit
0.0,0.1421982511050941
0.286376953125,1.0263962757030876
0.50146484375,
0.657470703125,
0.7578125,
0.829833984375,
0.88134765625,
0.913818359375,
0.939697265625,
0.957763671875,
0.97412109375,
0.981201171875,
0.9873046875,
0.991455078125,
0.994384765625,
0.99609375,
0.996826171875,
0.997802734375,
0.998779296875,
0.998779296875,
0.9990234375,
0.999755859375,
0.999755859375,
1.0,
