learned_per_gen,power_fit
0.000244140625,0.00013655251215024495
0.00067138671875,2.06644257171488
0.00140380859375,
0.002197265625,
0.0035400390625,
0.0052490234375,
0.00732421875,
0.0091552734375,
0.0123291015625,
0.01593017578125,
0.01959228515625,
0.02386474609375,
0.02850341796875,
0.0328369140625,
0.03790283203125,
0.04296875,
0.049072265625,
0.0550537109375,
0.06134033203125,
0.067626953125,
0.0743408203125,
0.08148193359375,
0.08905029296875,
0.09710693359375,
0.1063232421875,
0.1148681640625,
0.12384033203125,
0.13336181640625,
0.14178466796875,
0.15179443359375,
0.16259765625,
0.17376708984375,
0.18609619140625,
0.19842529296875,
0.21051025390625,
0.22406005859375,
0.2376708984375,
0.25177001953125,
0.265869140625,
0.28131103515625,
0.295654296875,
0.31011962890625,
0.3250732421875,
0.34124755859375,
0.35614013671875,
0.3712158203125,
0.3883056640625,
0.4058837890625,
0.42193603515625,
0.4407958984375,
0.4593505859375,
0.47882080078125,
0.49859619140625,
0.51708984375,
0.53607177734375,
0.55572509765625,
0.5767822265625,
0.598388671875,
0.61871337890625,
0.64044189453125,
0.66326904296875,
0.685791015625,
0.708984375,
0.73272705078125,
0.7554931640625,
0.77935791015625,
0.8028564453125,
0.823486328125,
0.84259033203125,
0.8590087890625,
0.87481689453125,
0.89007568359375,
0.90338134765625,
0.9156494140625,
0.92474365234375,
0.93310546875,
0.9422607421875,
0.95062255859375,
0.95880126953125,
0.96575927734375,
0.9722900390625,
0.977783203125,
0.98236083984375,
0.98699951171875,
0.9908447265625,
0.99365234375,
0.99591064453125,
0.99725341796875,
0.9981689453125,
0.9990234375,
0.99932861328125,
0.99981689453125,
1.0,
