learned_per_gen,power_fit
0.0,0.15779796565185109
0.4583333333333333,1.2366199878078716
0.6831597222222222,
0.8194444444444444,
0.9001736111111112,
0.9431423611111112,
0.9691840277777778,
0.9826388888888888,
0.9891493055555556,
0.9939236111111112,
0.9965277777777778,
0.9982638888888888,
0.9991319444444444,
0.9995659722222222,
1.0,
