learned_per_gen,power_fit
0.0009765625,0.0011101403667921688
0.004150390625,2.332174737431614
0.012939453125,
0.029541015625,
0.0478515625,
0.071044921875,
0.103271484375,
0.14013671875,
0.186767578125,
0.241943359375,
0.298583984375,
0.363037109375,
0.439697265625,
0.51708984375,
0.604248046875,
0.6982421875,
0.791259765625,
0.87158203125,
0.9287109375,
0.961669921875,
0.984375,
0.99560546875,
0.999755859375,
1.0,
