learned_per_gen,power_fit
0.0009765625,0.0007247699584357
0.00341796875,2.381686728591896
0.0087890625,
0.01904296875,
0.031494140625,
0.048583984375,
0.072021484375,
0.101318359375,
0.135986328125,
0.17724609375,
0.220458984375,
0.271240234375,
0.327880859375,
0.388671875,
0.455810546875,
0.521484375,
0.596923828125,
0.67919921875,
0.75439453125,
0.82568359375,
0.883056640625,
0.921630859375,
0.948486328125,
0.970947265625,
0.983642578125,
0.9951171875,
0.9990234375,
0.999755859375,
1.0,
