learned_per_gen,power_fit
0.00390625,0.0021711536536696704
0.0107421875,2.112333503147803
0.0234375,
0.04296875,
0.0634765625,
0.0927734375,
0.130859375,
0.1748046875,
0.2275390625,
0.283203125,
0.34375,
0.412109375,
0.4794921875,
0.5595703125,
0.638671875,
0.7451171875,
0.8291015625,
0.896484375,
0.947265625,
0.9716796875,
0.990234375,
0.9970703125,
1.0,
