learned_per_gen,power_fit
0.00390625,0.0021462621829998066
0.01171875,2.133309938752785
0.021484375,
0.0390625,
0.06640625,
0.1015625,
0.1376953125,
0.1787109375,
0.2314453125,
0.2919921875,
0.3583984375,
0.4384765625,
0.5205078125,
0.599609375,
0.69140625,
0.7958984375,
0.869140625,
0.921875,
0.966796875,
0.9873046875,
0.9990234375,
1.0,
