learned_per_gen,power_fit
0.00390625,0.0031380509617741736
0.01171875,1.982004960357754
0.0244140625,
0.0439453125,
0.0693359375,
0.1015625,
0.1474609375,
0.197265625,
0.2470703125,
0.3076171875,
0.37109375,
0.443359375,
0.5224609375,
0.609375,
0.69921875,
0.7958984375,
0.89453125,
0.9541015625,
0.986328125,
0.998046875,
1.0,
