learned_per_gen,power_fit
0.0009765625,0.005284685551038321
0.004150390625,1.6168996648738005
0.012939453125,
0.0263671875,
0.04443359375,
0.066650390625,
0.094970703125,
0.1279296875,
0.16552734375,
0.207275390625,
0.254150390625,
0.298583984375,
0.34765625,
0.398681640625,
0.449462890625,
0.495849609375,
0.541748046875,
0.58251953125,
0.62744140625,
0.67431640625,
0.718017578125,
0.76220703125,
0.80712890625,
0.8388671875,
0.861328125,
0.882080078125,
0.896728515625,
0.9091796875,
0.91943359375,
0.927978515625,
0.937255859375,
0.945556640625,
0.952880859375,
0.960205078125,
0.9658203125,
0.97119140625,
0.9775390625,
0.982177734375,
0.986328125,
0.98974609375,
0.992431640625,
0.99560546875,
0.998046875,
0.999755859375,
1.0,
