learned_per_gen,power_fit
0.00390625,0.003933728703069802
0.0107421875,2.022764526527706
0.0341796875,
0.0576171875,
0.0986328125,
0.1484375,
0.205078125,
0.2705078125,
0.3369140625,
0.4111328125,
0.501953125,
0.5986328125,
0.6904296875,
0.7626953125,
0.8388671875,
0.89453125,
0.9267578125,
0.9443359375,
0.962890625,
0.9794921875,
0.990234375,
0.99609375,
1.0,
