learned_per_gen,power_fit
0.00390625,3.898583599475138
0.01171875,2.3807332607778275
0.0322265625,0.497977344799973
0.0556640625,0.31280474085928833
0.0888671875,
0.126953125,
0.1767578125,
0.224609375,
0.2744140625,
0.3330078125,
0.4013671875,
0.4775390625,
0.5546875,
0.625,
0.6982421875,
0.763671875,
0.8349609375,
0.8955078125,
0.93359375,
0.95703125,
0.9736328125,
0.9853515625,
0.9931640625,
0.9970703125,
0.9990234375,
1.0,
