learned_per_gen,power_fit
0.00390625,0.0022751153332666073
0.0087890625,1.9233922801246894
0.0146484375,
0.0263671875,
0.0380859375,
0.060546875,
0.0869140625,
0.11328125,
0.1455078125,
0.1748046875,
0.2177734375,
0.265625,
0.3212890625,
0.380859375,
0.4482421875,
0.509765625,
0.5830078125,
0.65234375,
0.7421875,
0.8212890625,
0.8828125,
0.9365234375,
0.9697265625,
0.9912109375,
0.9990234375,
0.9990234375,
1.0,
