learned_per_gen,power_fit
0.00390625,0.0014999051823257543
0.01171875,2.3067177836067176
0.0263671875,
0.0419921875,
0.0576171875,
0.0859375,
0.1337890625,
0.1806640625,
0.244140625,
0.3017578125,
0.359375,
0.4375,
0.5224609375,
0.615234375,
0.7119140625,
0.810546875,
0.8974609375,
0.96875,
0.990234375,
1.0,
