learned_per_gen,power_fit
0.0009765625,0.0003470820204499644
0.00341796875,2.6145668482717923
0.00732421875,
0.012939453125,
0.01953125,
0.0302734375,
0.0517578125,
0.080322265625,
0.10986328125,
0.14697265625,
0.184814453125,
0.2314453125,
0.28515625,
0.34326171875,
0.41064453125,
0.476318359375,
0.545654296875,
0.62890625,
0.7099609375,
0.784912109375,
0.8515625,
0.908447265625,
0.948974609375,
0.971435546875,
0.985107421875,
0.993408203125,
0.9970703125,
0.998779296875,
0.9990234375,
1.0,
