learned_per_gen,power_fit
0.00390625,0.005657909314463498
0.015625,1.798141248560361
0.029296875,
0.0537109375,
0.0849609375,
0.1220703125,
0.169921875,
0.228515625,
0.2958984375,
0.3662109375,
0.435546875,
0.513671875,
0.5966796875,
0.666015625,
0.732421875,
0.791015625,
0.84765625,
0.8935546875,
0.923828125,
0.9501953125,
0.9677734375,
0.98046875,
0.986328125,
0.9931640625,
0.99609375,
0.9990234375,
0.9990234375,
0.9990234375,
0.9990234375,
0.9990234375,
1.0,
