learned_per_gen,power_fit
0.00390625,0.0010080242766435457
0.0078125,2.0306715888533486
0.0126953125,
0.01953125,
0.0263671875,
0.0419921875,
0.0517578125,
0.07421875,
0.087890625,
0.1103515625,
0.12890625,
0.15234375,
0.1796875,
0.208984375,
0.2470703125,
0.2861328125,
0.3193359375,
0.3720703125,
0.4130859375,
0.4619140625,
0.5107421875,
0.556640625,
0.607421875,
0.6630859375,
0.7294921875,
0.7939453125,
0.8525390625,
0.904296875,
0.94921875,
0.974609375,
0.98828125,
0.9951171875,
1.0,
