learned_per_gen,power_fit
0.00390625,0.0017259104384310514
0.009765625,2.239455133529767
0.021484375,
0.037109375,
0.0625,
0.09765625,
0.1376953125,
0.1796875,
0.2314453125,
0.302734375,
0.37109375,
0.447265625,
0.5390625,
0.6279296875,
0.7197265625,
0.8173828125,
0.90625,
0.9580078125,
0.98046875,
0.998046875,
1.0,
