learned_per_gen,power_fit
0.0,0.34204962030691805
0.5034722222222222,0.3607412055486759
0.5885416666666666,
0.6355251736111112,
0.6710069444444444,
0.7024739583333334,
0.7318793402777778,
0.7575954861111112,
0.7789713541666666,
0.8025173611111112,
0.8250868055555556,
0.84375,
0.859375,
0.8717447916666666,
0.8854166666666666,
0.8974609375,
0.9071180555555556,
0.9165581597222222,
0.9255642361111112,
0.9334852430555556,
0.9401041666666666,
0.9452039930555556,
0.9508463541666666,
0.9557291666666666,
0.9600694444444444,
0.9644097222222222,
0.9682074652777778,
0.9715711805555556,
0.9737413194444444,
0.9761284722222222,
0.9782986111111112,
0.9807942708333334,
0.9820963541666666,
0.9833984375,
0.9853515625,
0.9870876736111112,
0.9877387152777778,
0.9888237847222222,
0.9898003472222222,
0.9906684027777778,
0.9917534722222222,
0.9927300347222222,
0.9931640625,
0.9933810763888888,
0.9940321180555556,
0.9947916666666666,
0.9954427083333334,
0.9958767361111112,
0.9965277777777778,
0.9970703125,
0.9971788194444444,
0.9971788194444444,
0.9975043402777778,
0.9977213541666666,
0.9981553819444444,
0.9983723958333334,
0.9984809027777778,
0.9984809027777778,
0.9986979166666666,
0.9989149305555556,
0.9992404513888888,
0.9993489583333334,
0.9994574652777778,
0.9995659722222222,
0.9995659722222222,
0.9997829861111112,
0.9998914930555556,
0.9998914930555556,
1.0,
