learned_per_gen,power_fit
0.00390625,0.018295659222727606
0.013671875,1.377069400926474
0.041015625,
0.0888671875,
0.146484375,
0.2119140625,
0.2841796875,
0.3544921875,
0.4052734375,
0.4580078125,
0.5126953125,
0.5654296875,
0.6123046875,
0.658203125,
0.7060546875,
0.7568359375,
0.794921875,
0.833984375,
0.8701171875,
0.8994140625,
0.9365234375,
0.9658203125,
0.9814453125,
0.9921875,
0.998046875,
0.9990234375,
1.0,
