learned_per_gen,power_fit
0.00043402777777777775,0.007563010370485976
0.001736111111111111,1.1954422333099495
0.004774305555555556,
0.010308159722222222,
0.016276041666666668,
0.024088541666666668,
0.033528645833333336,
0.044487847222222224,
0.05642361111111111,
0.0693359375,
0.08387586805555555,
0.10026041666666667,
0.11903211805555555,
0.13834635416666666,
0.16026475694444445,
0.18359375,
0.2077907986111111,
0.2319878472222222,
0.2569444444444444,
0.2836371527777778,
0.3119574652777778,
0.3377821180555556,
0.3597005208333333,
0.3809678819444444,
0.4014756944444444,
0.4193793402777778,
0.4365234375,
0.4521484375,
0.4677734375,
0.4830729166666667,
0.4976128472222222,
0.5109592013888888,
0.5223524305555556,
0.5321180555555556,
0.5436197916666666,
0.5541449652777778,
0.5656467013888888,
0.5759548611111112,
0.5866970486111112,
0.5980902777777778,
0.6078559027777778,
0.6181640625,
0.6273871527777778,
0.6371527777777778,
0.6472439236111112,
0.658203125,
0.6682942708333334,
0.6782769097222222,
0.6884765625,
0.6998697916666666,
0.7111545138888888,
0.720703125,
0.7305772569444444,
0.7406684027777778,
0.7502170138888888,
0.7598741319444444,
0.7707248263888888,
0.7810329861111112,
0.7911241319444444,
0.80078125,
0.8114149305555556,
0.8218315972222222,
0.8324652777777778,
0.8424479166666666,
0.8523220486111112,
0.8637152777777778,
0.8735894097222222,
0.8836805555555556,
0.8944227430555556,
0.904296875,
0.9142795138888888,
0.9246961805555556,
0.9339192708333334,
0.9441189236111112,
0.9534505208333334,
0.9619140625,
0.9690755208333334,
0.9759114583333334,
0.9815538194444444,
0.9866536458333334,
0.9909939236111112,
0.994140625,
0.9959852430555556,
0.9976128472222222,
0.9988064236111112,
0.9994574652777778,
1.0,
