learned_per_gen,power_fit
0.0009765625,9.830938831504834
0.001220703125,3.9852316112132047
0.001708984375,0.8455500832294807
0.003662109375,0.36921181993213803
0.00634765625,
0.009033203125,
0.0126953125,
0.01708984375,
0.022705078125,
0.029052734375,
0.03466796875,
0.041748046875,
0.05078125,
0.0595703125,
0.068603515625,
0.0751953125,
0.084228515625,
0.09375,
0.103759765625,
0.11767578125,
0.13037109375,
0.146728515625,
0.162353515625,
0.17724609375,
0.19482421875,
0.212646484375,
0.232177734375,
0.251220703125,
0.272216796875,
0.294921875,
0.31591796875,
0.33544921875,
0.359130859375,
0.383544921875,
0.408203125,
0.43701171875,
0.4658203125,
0.492431640625,
0.517333984375,
0.545654296875,
0.57421875,
0.603759765625,
0.63427734375,
0.663818359375,
0.695068359375,
0.72607421875,
0.760498046875,
0.79345703125,
0.824462890625,
0.8544921875,
0.884765625,
0.90625,
0.925048828125,
0.9384765625,
0.9521484375,
0.964599609375,
0.9736328125,
0.981689453125,
0.9873046875,
0.990966796875,
0.994873046875,
0.9990234375,
0.99951171875,
1.0,
