learned_per_gen,power_fit
0.000244140625,12.044996477992397
0.00103759765625,1.9070460468760517
0.0030517578125,0.732963533600887
0.00537109375,0.10155465188574012
0.00872802734375,
0.0140380859375,
0.0194091796875,
0.0263671875,
0.03411865234375,
0.04345703125,
0.05377197265625,
0.06463623046875,
0.07672119140625,
0.08953857421875,
0.104248046875,
0.1192626953125,
0.13507080078125,
0.15252685546875,
0.16998291015625,
0.18975830078125,
0.2095947265625,
0.23095703125,
0.24993896484375,
0.27154541015625,
0.2921142578125,
0.31365966796875,
0.3349609375,
0.3548583984375,
0.3753662109375,
0.39788818359375,
0.41943359375,
0.44085693359375,
0.46435546875,
0.48681640625,
0.5089111328125,
0.5325927734375,
0.55596923828125,
0.57806396484375,
0.5987548828125,
0.618896484375,
0.638916015625,
0.65765380859375,
0.6759033203125,
0.695068359375,
0.71282958984375,
0.7310791015625,
0.75,
0.767333984375,
0.78509521484375,
0.80072021484375,
0.81353759765625,
0.82440185546875,
0.8338623046875,
0.8414306640625,
0.84844970703125,
0.8543701171875,
0.86004638671875,
0.8660888671875,
0.8724365234375,
0.87786865234375,
0.8826904296875,
0.88800048828125,
0.8927001953125,
0.8980712890625,
0.90411376953125,
0.90911865234375,
0.9132080078125,
0.91802978515625,
0.92236328125,
0.9263916015625,
0.93048095703125,
0.9346923828125,
0.93804931640625,
0.94244384765625,
0.94610595703125,
0.9498291015625,
0.9530029296875,
0.956298828125,
0.9598388671875,
0.9632568359375,
0.966796875,
0.97021484375,
0.9735107421875,
0.976318359375,
0.978759765625,
0.98150634765625,
0.98388671875,
0.98626708984375,
0.988525390625,
0.99090576171875,
0.99285888671875,
0.9951171875,
0.996826171875,
0.99853515625,
0.9996337890625,
0.9998779296875,
0.99993896484375,
1.0,
