learned_per_gen,power_fit
0.0,0.28431553673217347
0.4072265625,0.5278309686203342
0.591552734375,
0.688720703125,
0.75146484375,
0.796142578125,
0.8330078125,
0.864501953125,
0.884765625,
0.90185546875,
0.918701171875,
0.931884765625,
0.944091796875,
0.952880859375,
0.957763671875,
0.964599609375,
0.971923828125,
0.976806640625,
0.9814453125,
0.984130859375,
0.98779296875,
0.989501953125,
0.992431640625,
0.9931640625,
0.994140625,
0.995849609375,
0.996337890625,
0.996826171875,
0.99755859375,
0.997802734375,
0.997802734375,
0.998046875,
0.998046875,
0.99853515625,
0.998779296875,
0.9990234375,
0.999267578125,
0.99951171875,
0.99951171875,
0.999755859375,
1.0,
