learned_per_gen,power_fit
0.00390625,0.01804780225784407
0.01953125,1.4071161702414268
0.0615234375,
0.1083984375,
0.15234375,
0.19921875,
0.2705078125,
0.341796875,
0.4267578125,
0.4951171875,
0.5517578125,
0.6181640625,
0.677734375,
0.724609375,
0.7734375,
0.8134765625,
0.8564453125,
0.890625,
0.923828125,
0.94140625,
0.958984375,
0.974609375,
0.9814453125,
0.986328125,
0.9931640625,
0.99609375,
0.9990234375,
0.9990234375,
1.0,
