learned_per_gen,power_fit
0.00390625,0.0051023822615850305
0.0078125,1.8051041285783
0.017578125,
0.029296875,
0.046875,
0.09375,
0.15234375,
0.2109375,
0.2783203125,
0.341796875,
0.404296875,
0.4716796875,
0.5537109375,
0.6259765625,
0.6923828125,
0.7529296875,
0.7978515625,
0.8203125,
0.845703125,
0.869140625,
0.8916015625,
0.9140625,
0.927734375,
0.9443359375,
0.9580078125,
0.96875,
0.9755859375,
0.9814453125,
0.9873046875,
0.9951171875,
0.998046875,
0.998046875,
0.9990234375,
1.0,
