learned_per_gen,power_fit
0.0009765625,0.0010528576770081305
0.004638671875,2.2945924370310578
0.01171875,
0.02294921875,
0.0419921875,
0.06396484375,
0.087646484375,
0.1201171875,
0.16162109375,
0.20849609375,
0.263427734375,
0.322021484375,
0.38037109375,
0.442138671875,
0.51513671875,
0.602294921875,
0.68896484375,
0.774658203125,
0.85205078125,
0.91259765625,
0.94970703125,
0.97509765625,
0.989013671875,
0.996826171875,
0.998779296875,
0.999755859375,
1.0,
