learned_per_gen,power_fit
0.00390625,3.7694611977656254
0.009765625,2.5835550602169817
0.0205078125,0.5549293542185367
0.041015625,0.44927216151171573
0.0712890625,
0.1025390625,
0.146484375,
0.2041015625,
0.2783203125,
0.3603515625,
0.4609375,
0.5546875,
0.658203125,
0.7509765625,
0.8349609375,
0.9033203125,
0.95703125,
0.98046875,
0.9912109375,
0.99609375,
1.0,
