learned_per_gen,power_fit
0.001736111111111111,0.002400452714690723
0.009114583333333334,2.3159172646584825
0.02734375,
0.05859375,
0.10026041666666667,
0.1540798611111111,
0.2183159722222222,
0.296875,
0.3880208333333333,
0.4895833333333333,
0.6085069444444444,
0.7400173611111112,
0.8580729166666666,
0.9418402777777778,
0.9809027777777778,
0.9982638888888888,
1.0,
