learned_per_gen,power_fit
0.0,0.2647638937620013
0.255859375,0.45490404772640297
0.42626953125,
0.5419921875,
0.621826171875,
0.677978515625,
0.719970703125,
0.75537109375,
0.77978515625,
0.802734375,
0.82421875,
0.84423828125,
0.860595703125,
0.878173828125,
0.892578125,
0.902099609375,
0.913330078125,
0.92333984375,
0.930908203125,
0.938720703125,
0.9453125,
0.950439453125,
0.9560546875,
0.961669921875,
0.966064453125,
0.96923828125,
0.97119140625,
0.975341796875,
0.977783203125,
0.980224609375,
0.982666015625,
0.984375,
0.98583984375,
0.986572265625,
0.98779296875,
0.98974609375,
0.990478515625,
0.990966796875,
0.991455078125,
0.991943359375,
0.991943359375,
0.991943359375,
0.99365234375,
0.993896484375,
0.994384765625,
0.99462890625,
0.99560546875,
0.99560546875,
0.99609375,
0.99609375,
0.996337890625,
0.996337890625,
0.996337890625,
0.99658203125,
0.996826171875,
0.996826171875,
0.997314453125,
0.99755859375,
0.998046875,
0.998291015625,
0.99853515625,
0.998779296875,
0.998779296875,
0.999267578125,
0.99951171875,
0.99951171875,
0.99951171875,
0.99951171875,
0.99951171875,
0.99951171875,
0.99951171875,
0.999755859375,
0.999755859375,
1.0,
