learned_per_gen,power_fit
0.0009765625,0.0009316094022461172
0.004150390625,2.3923488600285587
0.01123046875,
0.024658203125,
0.04345703125,
0.067626953125,
0.096435546875,
0.134521484375,
0.180419921875,
0.23193359375,
0.2890625,
0.35400390625,
0.422607421875,
0.50244140625,
0.58447265625,
0.675048828125,
0.767333984375,
0.854736328125,
0.91943359375,
0.955322265625,
0.98046875,
0.99365234375,
0.99853515625,
1.0,
