learned_per_gen,power_fit
0.001736111111111111,0.001927101814527756
0.005642361111111111,2.3570910041659725
0.022569444444444444,
0.04904513888888889,
0.08289930555555555,
0.12760416666666666,
0.1931423611111111,
0.2651909722222222,
0.3433159722222222,
0.4344618055555556,
0.5282118055555556,
0.6475694444444444,
0.7612847222222222,
0.8650173611111112,
0.9279513888888888,
0.97265625,
0.9926215277777778,
0.9991319444444444,
1.0,
