learned_per_gen,power_fit
0.0009765625,0.0008455866899079808
0.0029296875,2.421494427782247
0.010498046875,
0.02294921875,
0.0400390625,
0.063232421875,
0.093017578125,
0.1318359375,
0.173095703125,
0.22509765625,
0.2841796875,
0.343505859375,
0.40771484375,
0.484619140625,
0.568359375,
0.659912109375,
0.75439453125,
0.834716796875,
0.906982421875,
0.947998046875,
0.974853515625,
0.990478515625,
0.998291015625,
1.0,
