learned_per_gen,power_fit
0.00390625,0.0011639274542754726
0.005859375,2.1072939717856265
0.01171875,
0.0224609375,
0.04296875,
0.0556640625,
0.072265625,
0.08984375,
0.1162109375,
0.1494140625,
0.1767578125,
0.2138671875,
0.26171875,
0.3095703125,
0.3466796875,
0.40234375,
0.46484375,
0.5107421875,
0.5830078125,
0.66015625,
0.728515625,
0.7783203125,
0.8291015625,
0.880859375,
0.919921875,
0.9453125,
0.9580078125,
0.9755859375,
0.990234375,
0.9990234375,
1.0,
