learned_per_gen,power_fit
0.000244140625,17.336252781296746
0.00048828125,3.1859637494780877
0.0009765625,1.1142559101519491
0.00146484375,0.21949467687400756
0.00225830078125,
0.0032958984375,
0.004150390625,
0.00537109375,
0.0068359375,
0.0089111328125,
0.01068115234375,
0.01287841796875,
0.0157470703125,
0.018798828125,
0.0213623046875,
0.02490234375,
0.029541015625,
0.03375244140625,
0.03814697265625,
0.04254150390625,
0.0469970703125,
0.0513916015625,
0.05633544921875,
0.0621337890625,
0.0677490234375,
0.07373046875,
0.08038330078125,
0.08807373046875,
0.09503173828125,
0.103759765625,
0.11126708984375,
0.11993408203125,
0.12677001953125,
0.13616943359375,
0.14605712890625,
0.155517578125,
0.16748046875,
0.17730712890625,
0.18792724609375,
0.19927978515625,
0.20953369140625,
0.21966552734375,
0.230224609375,
0.240966796875,
0.25390625,
0.2672119140625,
0.2811279296875,
0.2945556640625,
0.30743408203125,
0.322021484375,
0.33685302734375,
0.3509521484375,
0.36773681640625,
0.38238525390625,
0.3973388671875,
0.41278076171875,
0.42791748046875,
0.4439697265625,
0.461669921875,
0.4779052734375,
0.4940185546875,
0.51007080078125,
0.5269775390625,
0.5450439453125,
0.563720703125,
0.58184814453125,
0.600830078125,
0.620361328125,
0.6407470703125,
0.66009521484375,
0.67938232421875,
0.70050048828125,
0.72119140625,
0.740966796875,
0.7574462890625,
0.7762451171875,
0.79400634765625,
0.81195068359375,
0.8291015625,
0.84368896484375,
0.85638427734375,
0.86920166015625,
0.88140869140625,
0.8929443359375,
0.90423583984375,
0.91583251953125,
0.9254150390625,
0.93450927734375,
0.94281005859375,
0.9503173828125,
0.9569091796875,
0.96240234375,
0.9681396484375,
0.97210693359375,
0.97698974609375,
0.98028564453125,
0.98309326171875,
0.986083984375,
0.98870849609375,
0.9908447265625,
0.9925537109375,
0.9940185546875,
0.9951171875,
0.995849609375,
0.99688720703125,
0.9979248046875,
0.99859619140625,
0.9990234375,
0.99932861328125,
0.99969482421875,
0.999755859375,
0.99981689453125,
1.0,
