learned_per_gen,power_fit
0.0009765625,0.002122400759176847
0.006103515625,2.188329233417228
0.020751953125,
0.040771484375,
0.0703125,
0.107421875,
0.15087890625,
0.2041015625,
0.26171875,
0.327880859375,
0.40087890625,
0.482666015625,
0.572021484375,
0.669921875,
0.772216796875,
0.884765625,
0.964111328125,
0.99072265625,
0.99853515625,
0.999755859375,
1.0,
