learned_per_gen,power_fit
0.000244140625,0.00016676673500159498
0.00091552734375,2.047325223374129
0.0020751953125,
0.00335693359375,
0.00494384765625,
0.00689697265625,
0.0093994140625,
0.01190185546875,
0.0147705078125,
0.01837158203125,
0.02215576171875,
0.027099609375,
0.031494140625,
0.03662109375,
0.04205322265625,
0.04833984375,
0.05511474609375,
0.06195068359375,
0.06854248046875,
0.07470703125,
0.08251953125,
0.092529296875,
0.10198974609375,
0.11163330078125,
0.1214599609375,
0.1319580078125,
0.14251708984375,
0.15447998046875,
0.165771484375,
0.17718505859375,
0.19000244140625,
0.20306396484375,
0.21533203125,
0.22857666015625,
0.2412109375,
0.256103515625,
0.26934814453125,
0.2841796875,
0.30169677734375,
0.31854248046875,
0.3341064453125,
0.35107421875,
0.3675537109375,
0.38519287109375,
0.404296875,
0.42279052734375,
0.44097900390625,
0.45794677734375,
0.47650146484375,
0.49749755859375,
0.5189208984375,
0.54022216796875,
0.5614013671875,
0.5833740234375,
0.605712890625,
0.62890625,
0.65216064453125,
0.673828125,
0.69757080078125,
0.721923828125,
0.74774169921875,
0.7730712890625,
0.79974365234375,
0.82598876953125,
0.850830078125,
0.8736572265625,
0.8936767578125,
0.90771484375,
0.9195556640625,
0.93011474609375,
0.93963623046875,
0.949951171875,
0.958984375,
0.96661376953125,
0.97271728515625,
0.9774169921875,
0.9810791015625,
0.98480224609375,
0.988525390625,
0.99200439453125,
0.9949951171875,
0.99688720703125,
0.998046875,
0.9989013671875,
0.9996337890625,
1.0,
