learned_per_gen,power_fit
0.0009765625,0.0005242510011213989
0.00244140625,2.0651553202467126
0.00341796875,
0.007080078125,
0.01171875,
0.017822265625,
0.026611328125,
0.036865234375,
0.04638671875,
0.05859375,
0.07177734375,
0.086669921875,
0.1025390625,
0.121337890625,
0.138671875,
0.160400390625,
0.18359375,
0.209716796875,
0.233154296875,
0.26123046875,
0.2919921875,
0.320068359375,
0.352294921875,
0.385009765625,
0.421875,
0.45458984375,
0.49365234375,
0.5322265625,
0.571533203125,
0.6123046875,
0.656982421875,
0.70458984375,
0.7548828125,
0.804443359375,
0.8515625,
0.89111328125,
0.921630859375,
0.94482421875,
0.963134765625,
0.97607421875,
0.986083984375,
0.99365234375,
0.997314453125,
0.999755859375,
1.0,
