learned_per_gen,power_fit
0.00390625,0.004094738899450585
0.01953125,2.4455936484073875
0.06640625,
0.134765625,
0.228515625,
0.3515625,
0.494140625,
0.677734375,
0.83984375,
0.947265625,
0.98828125,
0.998046875,
1.0,
