learned_per_gen,power_fit
0.00390625,0.003375931987745322
0.013671875,2.4524874045884335
0.0458984375,
0.1083984375,
0.1904296875,
0.3017578125,
0.435546875,
0.60546875,
0.783203125,
0.9228515625,
0.9775390625,
0.9951171875,
0.9990234375,
1.0,
