learned_per_gen,power_fit
0.00390625,0.0020102048683539
0.0087890625,2.014096783688052
0.017578125,
0.033203125,
0.05078125,
0.0732421875,
0.0986328125,
0.1298828125,
0.169921875,
0.2080078125,
0.25390625,
0.3076171875,
0.349609375,
0.404296875,
0.4658203125,
0.5390625,
0.6171875,
0.6865234375,
0.7529296875,
0.8115234375,
0.865234375,
0.9091796875,
0.94140625,
0.9619140625,
0.9794921875,
0.986328125,
0.9931640625,
0.9951171875,
0.9970703125,
0.998046875,
1.0,
