learned_per_gen,power_fit
0.0,0.2742564298215216
0.50189208984375,0.6898781507390758
0.71209716796875,
0.81781005859375,
0.87823486328125,
0.91705322265625,
0.9429931640625,
0.96142578125,
0.97265625,
0.980712890625,
0.98602294921875,
0.9901123046875,
0.9930419921875,
0.9949951171875,
0.9967041015625,
0.997314453125,
0.997802734375,
0.99847412109375,
0.99859619140625,
0.9990234375,
0.999267578125,
0.9993896484375,
0.99957275390625,
0.99981689453125,
0.9998779296875,
1.0,
