learned_per_gen,power_fit
0.001736111111111111,0.0017857679708395099
0.006944444444444444,2.3393535706707023
0.021267361111111112,
0.041666666666666664,
0.07465277777777778,
0.11979166666666667,
0.1723090277777778,
0.2339409722222222,
0.3042534722222222,
0.3884548611111111,
0.4852430555555556,
0.5972222222222222,
0.7144097222222222,
0.8120659722222222,
0.9001736111111112,
0.9561631944444444,
0.9865451388888888,
0.9969618055555556,
0.9991319444444444,
1.0,
