learned_per_gen,power_fit
0.0009765625,0.00042499430129023006
0.001953125,2.0447747941966115
0.003173828125,
0.006591796875,
0.010498046875,
0.0166015625,
0.02294921875,
0.030029296875,
0.038330078125,
0.04638671875,
0.056884765625,
0.067138671875,
0.080078125,
0.094482421875,
0.108642578125,
0.123779296875,
0.140625,
0.1572265625,
0.1748046875,
0.194091796875,
0.21484375,
0.237548828125,
0.25732421875,
0.280029296875,
0.306640625,
0.333984375,
0.3623046875,
0.39208984375,
0.419189453125,
0.44775390625,
0.481689453125,
0.516845703125,
0.55224609375,
0.589599609375,
0.62744140625,
0.6669921875,
0.706787109375,
0.74609375,
0.785400390625,
0.826904296875,
0.863525390625,
0.89111328125,
0.916259765625,
0.9345703125,
0.94970703125,
0.962158203125,
0.9736328125,
0.984619140625,
0.990966796875,
0.99658203125,
0.999755859375,
1.0,
