learned_per_gen,power_fit
0.0,0.1515182672410104
0.244140625,0.8782412260852224
0.4375,
0.579833984375,
0.67919921875,
0.7607421875,
0.82421875,
0.87255859375,
0.9072265625,
0.930908203125,
0.946044921875,
0.958251953125,
0.970703125,
0.9775390625,
0.982177734375,
0.9853515625,
0.98876953125,
0.992431640625,
0.99462890625,
0.99560546875,
0.99658203125,
0.997314453125,
0.997314453125,
0.99755859375,
0.998046875,
0.99853515625,
0.9990234375,
0.9990234375,
0.99951171875,
1.0,
