learned_per_gen,power_fit
0.0,0.2438131772708972
0.1875,0.43707108482687135
0.3424479166666667,
0.4500868055555556,
0.5295138888888888,
0.5798611111111112,
0.6245659722222222,
0.6692708333333334,
0.7018229166666666,
0.7287326388888888,
0.7565104166666666,
0.7756076388888888,
0.79296875,
0.8129340277777778,
0.8285590277777778,
0.8424479166666666,
0.8611111111111112,
0.8754340277777778,
0.8845486111111112,
0.8914930555555556,
0.8997395833333334,
0.9075520833333334,
0.9184027777777778,
0.9275173611111112,
0.9340277777777778,
0.9379340277777778,
0.9427083333333334,
0.9479166666666666,
0.9535590277777778,
0.95703125,
0.9622395833333334,
0.96484375,
0.9683159722222222,
0.9722222222222222,
0.9743923611111112,
0.9752604166666666,
0.9769965277777778,
0.9791666666666666,
0.9822048611111112,
0.9856770833333334,
0.9869791666666666,
0.9874131944444444,
0.98828125,
0.9895833333333334,
0.9917534722222222,
0.9921875,
0.9921875,
0.9930555555555556,
0.9934895833333334,
0.9934895833333334,
0.9939236111111112,
0.9939236111111112,
0.9947916666666666,
0.9952256944444444,
0.9952256944444444,
0.9952256944444444,
0.9956597222222222,
0.9956597222222222,
0.99609375,
0.99609375,
0.9973958333333334,
0.9973958333333334,
0.9978298611111112,
0.9982638888888888,
0.9982638888888888,
0.9986979166666666,
0.9986979166666666,
0.9986979166666666,
0.9986979166666666,
0.9986979166666666,
0.9991319444444444,
0.9991319444444444,
0.9991319444444444,
0.9991319444444444,
0.9991319444444444,
0.9991319444444444,
0.9991319444444444,
0.9991319444444444,
0.9991319444444444,
0.9991319444444444,
0.9991319444444444,
0.9991319444444444,
0.9991319444444444,
0.9991319444444444,
0.9991319444444444,
0.9991319444444444,
0.9991319444444444,
0.9991319444444444,
0.9991319444444444,
0.9991319444444444,
0.9995659722222222,
0.9995659722222222,
0.9995659722222222,
0.9995659722222222,
0.9995659722222222,
0.9995659722222222,
0.9995659722222222,
0.9995659722222222,
0.9995659722222222,
0.9995659722222222,
1.0,
