learned_per_gen,power_fit
0.00390625,0.00297351851672867
0.0107421875,2.251141704198064
0.0302734375,
0.0625,
0.1103515625,
0.169921875,
0.2373046875,
0.3232421875,
0.42578125,
0.5234375,
0.63671875,
0.76953125,
0.8759765625,
0.9501953125,
0.974609375,
0.990234375,
0.9951171875,
0.9970703125,
0.9990234375,
1.0,
