learned_per_gen,power_fit
0.00390625,0.0013558986090991682
0.0078125,2.216595191478657
0.0185546875,
0.0322265625,
0.0458984375,
0.0673828125,
0.1005859375,
0.1396484375,
0.1787109375,
0.21875,
0.2783203125,
0.333984375,
0.3955078125,
0.4560546875,
0.537109375,
0.6181640625,
0.701171875,
0.7763671875,
0.8525390625,
0.9169921875,
0.962890625,
0.9873046875,
0.9990234375,
1.0,
