learned_per_gen,power_fit
0.0,0.19557213823983421
0.4519314236111111,1.0120265190674043
0.7037760416666666,
0.8382161458333334,
0.9133029513888888,
0.9517144097222222,
0.9741753472222222,
0.9857855902777778,
0.9927300347222222,
0.9957682291666666,
0.9978298611111112,
0.9989149305555556,
0.9991319444444444,
0.9995659722222222,
0.9997829861111112,
0.9997829861111112,
0.9998914930555556,
1.0,
