learned_per_gen,power_fit
0.000244140625,0.001312608199599167
0.00079345703125,1.6995694761149762
0.0023193359375,
0.00408935546875,
0.00775146484375,
0.01239013671875,
0.01788330078125,
0.0242919921875,
0.03143310546875,
0.0401611328125,
0.051025390625,
0.06256103515625,
0.07489013671875,
0.08935546875,
0.10321044921875,
0.1204833984375,
0.138427734375,
0.15740966796875,
0.17816162109375,
0.1990966796875,
0.220703125,
0.2432861328125,
0.2655029296875,
0.28912353515625,
0.31396484375,
0.33966064453125,
0.3643798828125,
0.39178466796875,
0.42022705078125,
0.44879150390625,
0.47808837890625,
0.5067138671875,
0.5352783203125,
0.56298828125,
0.58837890625,
0.61309814453125,
0.63568115234375,
0.65802001953125,
0.6787109375,
0.69940185546875,
0.71844482421875,
0.737060546875,
0.7528076171875,
0.76739501953125,
0.7813720703125,
0.79376220703125,
0.8070068359375,
0.8187255859375,
0.8297119140625,
0.84161376953125,
0.8524169921875,
0.86309814453125,
0.8721923828125,
0.8809814453125,
0.8895263671875,
0.89788818359375,
0.9058837890625,
0.91351318359375,
0.9210205078125,
0.9281005859375,
0.934814453125,
0.9410400390625,
0.94659423828125,
0.9520263671875,
0.9564208984375,
0.96063232421875,
0.96417236328125,
0.9677734375,
0.9708251953125,
0.97369384765625,
0.976318359375,
0.978271484375,
0.9801025390625,
0.9820556640625,
0.98382568359375,
0.98541259765625,
0.98699951171875,
0.98895263671875,
0.99053955078125,
0.99212646484375,
0.99359130859375,
0.9949951171875,
0.99652099609375,
0.99786376953125,
0.99871826171875,
0.999267578125,
0.9996337890625,
0.9998779296875,
1.0,
