learned_per_gen,power_fit
0.00390625,0.00775527873899445
0.0146484375,1.8154256499261407
0.0390625,
0.076171875,
0.134765625,
0.1982421875,
0.2734375,
0.3544921875,
0.4287109375,
0.5185546875,
0.603515625,
0.6875,
0.75,
0.8056640625,
0.8466796875,
0.888671875,
0.9267578125,
0.9560546875,
0.974609375,
0.9873046875,
0.9951171875,
0.998046875,
0.9990234375,
1.0,
