learned_per_gen,power_fit
0.00390625,0.0026258080871753506
0.0185546875,2.1650731863575596
0.03125,
0.0419921875,
0.0771484375,
0.125,
0.1806640625,
0.2392578125,
0.3115234375,
0.3876953125,
0.46875,
0.5673828125,
0.6689453125,
0.7529296875,
0.826171875,
0.8955078125,
0.94140625,
0.9599609375,
0.9716796875,
0.9833984375,
0.990234375,
0.9970703125,
1.0,
