learned_per_gen,power_fit
0.0009765625,0.00025058035240182666
0.001953125,2.077651097583732
0.004150390625,
0.006591796875,
0.00927734375,
0.010986328125,
0.013916015625,
0.018310546875,
0.023681640625,
0.028076171875,
0.036376953125,
0.043701171875,
0.053466796875,
0.060546875,
0.068603515625,
0.078369140625,
0.091064453125,
0.1025390625,
0.11328125,
0.127685546875,
0.141845703125,
0.15673828125,
0.1708984375,
0.184814453125,
0.1982421875,
0.216064453125,
0.234619140625,
0.252197265625,
0.27294921875,
0.291748046875,
0.31396484375,
0.33837890625,
0.3603515625,
0.381591796875,
0.40478515625,
0.429931640625,
0.45458984375,
0.482421875,
0.51171875,
0.538330078125,
0.569091796875,
0.602294921875,
0.632080078125,
0.663330078125,
0.694091796875,
0.725830078125,
0.7587890625,
0.791748046875,
0.8251953125,
0.8544921875,
0.88037109375,
0.903076171875,
0.919677734375,
0.932861328125,
0.9453125,
0.957275390625,
0.964111328125,
0.971435546875,
0.97802734375,
0.98583984375,
0.9912109375,
0.994384765625,
0.997802734375,
0.999755859375,
0.999755859375,
1.0,
