learned_per_gen,power_fit
0.001736111111111111,0.0037295564002079234
0.014322916666666666,2.237580490437357
0.04210069444444445,
0.0837673611111111,
0.1384548611111111,
0.20616319444444445,
0.2890625,
0.3854166666666667,
0.4956597222222222,
0.6193576388888888,
0.7560763888888888,
0.9071180555555556,
0.9965277777777778,
1.0,
