learned_per_gen,power_fit
0.00390625,0.0033160296704356396
0.0126953125,1.9745467743125633
0.0263671875,
0.052734375,
0.078125,
0.1162109375,
0.15625,
0.201171875,
0.251953125,
0.3115234375,
0.37890625,
0.4541015625,
0.5361328125,
0.6259765625,
0.7333984375,
0.83984375,
0.9052734375,
0.951171875,
0.9853515625,
0.9990234375,
1.0,
