learned_per_gen,power_fit
0.00043402777777777775,0.00025316818445974746
0.0015190972222222222,2.096959665376889
0.0029296875,
0.004774305555555556,
0.007378472222222222,
0.010850694444444444,
0.014865451388888888,
0.019748263888888888,
0.025390625,
0.03146701388888889,
0.03895399305555555,
0.0458984375,
0.054361979166666664,
0.06401909722222222,
0.07411024305555555,
0.08463541666666667,
0.0949435763888889,
0.10731336805555555,
0.1220703125,
0.1351996527777778,
0.15104166666666666,
0.16590711805555555,
0.18229166666666666,
0.19921875,
0.2170138888888889,
0.23448350694444445,
0.2533637152777778,
0.2738715277777778,
0.2962239583333333,
0.3161892361111111,
0.3387586805555556,
0.3617621527777778,
0.3849826388888889,
0.4088541666666667,
0.4342447916666667,
0.4597439236111111,
0.4865451388888889,
0.515625,
0.5439453125,
0.5715060763888888,
0.5991753472222222,
0.6292317708333334,
0.6604817708333334,
0.6916232638888888,
0.7235243055555556,
0.7561848958333334,
0.7905815972222222,
0.8263888888888888,
0.8610026041666666,
0.8908420138888888,
0.9135199652777778,
0.9295789930555556,
0.9443359375,
0.9568142361111112,
0.9674479166666666,
0.9764539930555556,
0.9838324652777778,
0.9903428819444444,
0.9951171875,
0.9977213541666666,
0.9991319444444444,
1.0,
