learned_per_gen,power_fit
0.00390625,0.0012977260646352138
0.005859375,2.208956487385457
0.013671875,
0.0263671875,
0.0439453125,
0.068359375,
0.0947265625,
0.1328125,
0.166015625,
0.2099609375,
0.2568359375,
0.3134765625,
0.3759765625,
0.4482421875,
0.51953125,
0.6015625,
0.689453125,
0.7705078125,
0.8427734375,
0.904296875,
0.9443359375,
0.9716796875,
0.9873046875,
0.9970703125,
1.0,
