learned_per_gen,power_fit
0.001736111111111111,0.0009702224310068531
0.006076388888888889,2.559885411033272
0.017361111111111112,
0.03602430555555555,
0.059027777777777776,
0.09027777777777778,
0.1388888888888889,
0.1987847222222222,
0.2751736111111111,
0.3532986111111111,
0.4466145833333333,
0.5486111111111112,
0.6666666666666666,
0.7673611111111112,
0.8411458333333334,
0.9097222222222222,
0.96484375,
0.9874131944444444,
0.9947916666666666,
0.9969618055555556,
0.9986979166666666,
1.0,
