learned_per_gen,power_fit
0.0,0.1543406721999138
0.4471571180555556,1.2630045074469365
0.6930338541666666,
0.8317057291666666,
0.9115668402777778,
0.9521484375,
0.9754774305555556,
0.9875217013888888,
0.9928385416666666,
0.9953342013888888,
0.9969618055555556,
0.9989149305555556,
0.9995659722222222,
0.9996744791666666,
1.0,
