learned_per_gen,power_fit
0.00390625,0.0032090364812732367
0.0126953125,1.9630203878841825
0.0263671875,
0.046875,
0.0732421875,
0.107421875,
0.14453125,
0.189453125,
0.2451171875,
0.2978515625,
0.35546875,
0.41796875,
0.486328125,
0.5654296875,
0.6552734375,
0.751953125,
0.8388671875,
0.9033203125,
0.9453125,
0.974609375,
0.9892578125,
0.9951171875,
0.9990234375,
1.0,
