learned_per_gen,power_fit
0.001736111111111111,0.002983987813093367
0.01171875,2.2967525740089645
0.03602430555555555,
0.0724826388888889,
0.12022569444444445,
0.1831597222222222,
0.2625868055555556,
0.3524305555555556,
0.4548611111111111,
0.5737847222222222,
0.7100694444444444,
0.8546006944444444,
0.9609375,
0.9952256944444444,
1.0,
