learned_per_gen,power_fit
0.0,0.1422420974621652
0.09743589743589744,0.5715923468711035
0.17875457875457876,
0.2578754578754579,
0.326984126984127,
0.3855921855921856,
0.4424908424908425,
0.4852258852258852,
0.5321123321123321,
0.5687423687423687,
0.607081807081807,
0.6424908424908425,
0.6688644688644688,
0.6993894993894993,
0.724053724053724,
0.7450549450549451,
0.7619047619047619,
0.7814407814407814,
0.7992673992673993,
0.8146520146520146,
0.8278388278388278,
0.8363858363858364,
0.8471306471306471,
0.8573870573870573,
0.8666666666666667,
0.874969474969475,
0.8825396825396825,
0.8896214896214896,
0.8971916971916972,
0.9052503052503053,
0.9103785103785104,
0.9147741147741147,
0.9194139194139194,
0.9250305250305251,
0.9306471306471307,
0.935042735042735,
0.9384615384615385,
0.9416361416361416,
0.9443223443223443,
0.9467643467643467,
0.9499389499389499,
0.9531135531135531,
0.9545787545787546,
0.957997557997558,
0.9594627594627595,
0.9623931623931624,
0.9641025641025641,
0.9660561660561661,
0.9684981684981685,
0.9709401709401709,
0.9728937728937729,
0.9743589743589743,
0.9755799755799756,
0.9777777777777777,
0.978998778998779,
0.9797313797313797,
0.9804639804639804,
0.9814407814407814,
0.9824175824175824,
0.9843711843711843,
0.9858363858363859,
0.9865689865689866,
0.9877899877899878,
0.9882783882783883,
0.9892551892551893,
0.9904761904761905,
0.9907203907203908,
0.991941391941392,
0.9921855921855922,
0.9924297924297925,
0.9931623931623932,
0.9936507936507937,
0.9946275946275946,
0.9946275946275946,
0.9956043956043956,
0.9958485958485959,
0.9965811965811966,
0.9965811965811966,
0.9973137973137973,
0.9973137973137973,
0.9973137973137973,
0.9973137973137973,
0.9973137973137973,
0.9973137973137973,
0.998046398046398,
0.998046398046398,
0.9982905982905983,
0.9982905982905983,
0.9982905982905983,
0.9982905982905983,
0.999023199023199,
0.999023199023199,
0.999023199023199,
0.999023199023199,
0.999023199023199,
0.999023199023199,
0.999023199023199,
0.999023199023199,
0.999023199023199,
0.999023199023199,
0.999023199023199,
0.999023199023199,
0.999023199023199,
0.999023199023199,
0.9992673992673993,
0.9992673992673993,
0.9995115995115995,
0.9997557997557998,
0.9997557997557998,
0.9997557997557998,
0.9997557997557998,
0.9997557997557998,
1.0,
