learned_per_gen,power_fit
0.0,0.2464097210624462
0.500732421875,0.7910190674191178
0.7099609375,
0.818359375,
0.880126953125,
0.916015625,
0.942626953125,
0.96044921875,
0.969970703125,
0.9814453125,
0.98583984375,
0.98974609375,
0.992919921875,
0.99560546875,
0.9970703125,
0.998291015625,
0.9990234375,
0.999267578125,
0.999267578125,
0.99951171875,
0.99951171875,
0.99951171875,
0.999755859375,
1.0,
