learned_per_gen,power_fit
0.0,0.29240314808368806
0.3736979166666667,0.48775673846060064
0.5629340277777778,
0.6705729166666666,
0.7317708333333334,
0.7799479166666666,
0.8168402777777778,
0.84765625,
0.8702256944444444,
0.8914930555555556,
0.90625,
0.9171006944444444,
0.9344618055555556,
0.9448784722222222,
0.9526909722222222,
0.9631076388888888,
0.9704861111111112,
0.9752604166666666,
0.9782986111111112,
0.9839409722222222,
0.9856770833333334,
0.9891493055555556,
0.9904513888888888,
0.9908854166666666,
0.9934895833333334,
0.9943576388888888,
0.9952256944444444,
0.99609375,
0.9965277777777778,
0.9978298611111112,
0.9986979166666666,
0.9986979166666666,
0.9986979166666666,
0.9986979166666666,
0.9986979166666666,
0.9991319444444444,
0.9995659722222222,
0.9995659722222222,
0.9995659722222222,
0.9995659722222222,
0.9995659722222222,
0.9995659722222222,
0.9995659722222222,
0.9995659722222222,
0.9995659722222222,
0.9995659722222222,
0.9995659722222222,
0.9995659722222222,
0.9995659722222222,
0.9995659722222222,
0.9995659722222222,
1.0,
