learned_per_gen,power_fit
0.00390625,0.002328835308720186
0.0107421875,2.115748267566313
0.0244140625,
0.041015625,
0.0693359375,
0.103515625,
0.1435546875,
0.1904296875,
0.2431640625,
0.3046875,
0.37109375,
0.4443359375,
0.5244140625,
0.6201171875,
0.7138671875,
0.814453125,
0.904296875,
0.955078125,
0.982421875,
0.99609375,
1.0,
