learned_per_gen,power_fit
0.0,0.1810140126110688
0.5087890625,1.181917765753318
0.7548828125,
0.8583984375,
0.9248046875,
0.9560546875,
0.970703125,
0.98046875,
0.98828125,
0.9921875,
0.99609375,
0.9970703125,
0.9990234375,
1.0,
