learned_per_gen,power_fit
0.001736111111111111,0.001062300041375646
0.005208333333333333,2.53308128787852
0.013454861111111112,
0.03211805555555555,
0.06076388888888889,
0.09809027777777778,
0.14756944444444445,
0.2109375,
0.2803819444444444,
0.3585069444444444,
0.4496527777777778,
0.5525173611111112,
0.6549479166666666,
0.7595486111111112,
0.859375,
0.9275173611111112,
0.9678819444444444,
0.9921875,
0.9991319444444444,
1.0,
