learned_per_gen,power_fit
0.0,0.1714063193446847
0.349609375,0.9600032805933288
0.5704210069444444,
0.716796875,
0.8178168402777778,
0.8840060763888888,
0.9251302083333334,
0.951171875,
0.9690755208333334,
0.9803602430555556,
0.9870876736111112,
0.9914279513888888,
0.9939236111111112,
0.9963107638888888,
0.9971788194444444,
0.9986979166666666,
0.9990234375,
0.9991319444444444,
0.9992404513888888,
0.9995659722222222,
0.9997829861111112,
1.0,
