learned_per_gen,power_fit
0.000244140625,0.0025091079793221234
0.0008544921875,1.4334977694660067
0.0023193359375,
0.00457763671875,
0.00823974609375,
0.013427734375,
0.019775390625,
0.02764892578125,
0.03619384765625,
0.04486083984375,
0.05438232421875,
0.06524658203125,
0.0758056640625,
0.087890625,
0.099853515625,
0.113037109375,
0.125244140625,
0.13970947265625,
0.15313720703125,
0.1685791015625,
0.18353271484375,
0.1998291015625,
0.2159423828125,
0.2325439453125,
0.2498779296875,
0.267333984375,
0.28448486328125,
0.302734375,
0.31915283203125,
0.33685302734375,
0.3538818359375,
0.37127685546875,
0.38995361328125,
0.4097900390625,
0.42852783203125,
0.4476318359375,
0.46673583984375,
0.4849853515625,
0.50396728515625,
0.5224609375,
0.54022216796875,
0.5577392578125,
0.57464599609375,
0.59002685546875,
0.6060791015625,
0.620849609375,
0.63543701171875,
0.65057373046875,
0.66546630859375,
0.67913818359375,
0.6932373046875,
0.7061767578125,
0.71978759765625,
0.73382568359375,
0.74774169921875,
0.7620849609375,
0.7752685546875,
0.78936767578125,
0.80303955078125,
0.8157958984375,
0.82879638671875,
0.84100341796875,
0.85247802734375,
0.8629150390625,
0.87152099609375,
0.879638671875,
0.88671875,
0.89324951171875,
0.89984130859375,
0.90625,
0.91253662109375,
0.91815185546875,
0.9228515625,
0.92803955078125,
0.93243408203125,
0.9375,
0.94140625,
0.9447021484375,
0.947998046875,
0.95135498046875,
0.95391845703125,
0.956787109375,
0.95977783203125,
0.96234130859375,
0.9647216796875,
0.96722412109375,
0.96942138671875,
0.9715576171875,
0.97430419921875,
0.9764404296875,
0.97857666015625,
0.980712890625,
0.9825439453125,
0.98443603515625,
0.98602294921875,
0.9874267578125,
0.98883056640625,
0.990234375,
0.99139404296875,
0.99261474609375,
0.99359130859375,
0.99462890625,
0.99591064453125,
0.99676513671875,
0.99755859375,
0.99847412109375,
0.9990234375,
0.9993896484375,
0.99969482421875,
0.9998779296875,
1.0,
