learned_per_gen,power_fit
0.0009765625,0.0007872369550789506
0.0029296875,2.00787295255743
0.00732421875,
0.01220703125,
0.0185546875,
0.027587890625,
0.037109375,
0.04833984375,
0.06201171875,
0.07763671875,
0.09423828125,
0.113525390625,
0.133544921875,
0.15673828125,
0.1787109375,
0.2021484375,
0.230224609375,
0.26123046875,
0.290771484375,
0.32421875,
0.36083984375,
0.3984375,
0.43603515625,
0.4755859375,
0.517578125,
0.559326171875,
0.6025390625,
0.6494140625,
0.69677734375,
0.748046875,
0.800048828125,
0.85302734375,
0.893310546875,
0.923095703125,
0.9453125,
0.96240234375,
0.9755859375,
0.984130859375,
0.99072265625,
0.9970703125,
0.999267578125,
1.0,
