learned_per_gen,power_fit
0.0009765625,0.0007936549606297198
0.0029296875,2.0217549377406807
0.00732421875,
0.0126953125,
0.0205078125,
0.02880859375,
0.039794921875,
0.0537109375,
0.068115234375,
0.083984375,
0.101318359375,
0.119873046875,
0.142333984375,
0.16455078125,
0.18994140625,
0.214111328125,
0.244140625,
0.2744140625,
0.30615234375,
0.33935546875,
0.373046875,
0.406982421875,
0.44580078125,
0.4853515625,
0.529296875,
0.5712890625,
0.6171875,
0.66650390625,
0.71240234375,
0.764404296875,
0.814453125,
0.867919921875,
0.906494140625,
0.934814453125,
0.95556640625,
0.969970703125,
0.980224609375,
0.99072265625,
0.995849609375,
0.998291015625,
0.999267578125,
1.0,
