learned_per_gen,power_fit
0.000244140625,18.199369945002903
0.00048828125,3.5466241042231403
0.00091552734375,1.112093347597116
0.00140380859375,0.22412589333
0.00177001953125,
0.00286865234375,
0.0042724609375,
0.00555419921875,
0.007568359375,
0.0091552734375,
0.0111083984375,
0.0133056640625,
0.0159912109375,
0.01824951171875,
0.0211181640625,
0.02459716796875,
0.02740478515625,
0.03045654296875,
0.03375244140625,
0.0374755859375,
0.0413818359375,
0.0460205078125,
0.05029296875,
0.0556640625,
0.06103515625,
0.0650634765625,
0.07086181640625,
0.07659912109375,
0.0819091796875,
0.08831787109375,
0.0946044921875,
0.10101318359375,
0.1072998046875,
0.11474609375,
0.1221923828125,
0.12908935546875,
0.13665771484375,
0.14501953125,
0.152587890625,
0.16015625,
0.16815185546875,
0.17755126953125,
0.18658447265625,
0.19512939453125,
0.2041015625,
0.2120361328125,
0.22222900390625,
0.23199462890625,
0.24237060546875,
0.25341796875,
0.2645263671875,
0.27655029296875,
0.2869873046875,
0.2978515625,
0.309326171875,
0.32086181640625,
0.33221435546875,
0.34368896484375,
0.35614013671875,
0.3687744140625,
0.381103515625,
0.3936767578125,
0.406982421875,
0.42022705078125,
0.43365478515625,
0.447021484375,
0.46099853515625,
0.47515869140625,
0.48944091796875,
0.50396728515625,
0.51959228515625,
0.5340576171875,
0.55047607421875,
0.56640625,
0.5816650390625,
0.597900390625,
0.61370849609375,
0.630126953125,
0.646728515625,
0.661865234375,
0.6787109375,
0.69525146484375,
0.71142578125,
0.7293701171875,
0.7471923828125,
0.76531982421875,
0.78350830078125,
0.80023193359375,
0.81707763671875,
0.83331298828125,
0.84844970703125,
0.86187744140625,
0.874755859375,
0.8865966796875,
0.8968505859375,
0.90692138671875,
0.91522216796875,
0.92376708984375,
0.93145751953125,
0.9385986328125,
0.94537353515625,
0.95074462890625,
0.95684814453125,
0.9619140625,
0.96624755859375,
0.9705810546875,
0.97344970703125,
0.9764404296875,
0.98028564453125,
0.9830322265625,
0.98638916015625,
0.98876953125,
0.99090576171875,
0.99285888671875,
0.99456787109375,
0.99578857421875,
0.9974365234375,
0.99847412109375,
0.99908447265625,
0.99951171875,
0.999755859375,
0.99981689453125,
0.99993896484375,
1.0,
