learned_per_gen,power_fit
0.0,0.1323632351255237
0.234375,0.9649280124545055
0.4296875,
0.568359375,
0.6640625,
0.748046875,
0.8046875,
0.8564453125,
0.8916015625,
0.916015625,
0.9345703125,
0.947265625,
0.9580078125,
0.9775390625,
0.982421875,
0.986328125,
0.9873046875,
0.9921875,
0.994140625,
0.9951171875,
0.9970703125,
0.9990234375,
0.9990234375,
0.9990234375,
0.9990234375,
1.0,
