learned_per_gen,power_fit
0.00390625,0.002076100894287563
0.01171875,2.1762940746477257
0.025390625,
0.04296875,
0.068359375,
0.103515625,
0.140625,
0.1904296875,
0.248046875,
0.3134765625,
0.3828125,
0.4560546875,
0.5341796875,
0.6298828125,
0.7353515625,
0.8408203125,
0.9013671875,
0.951171875,
0.974609375,
0.990234375,
0.99609375,
1.0,
