learned_per_gen,power_fit
0.0009765625,0.0011434991158490765
0.00390625,2.25287458725692
0.010009765625,
0.0224609375,
0.0419921875,
0.063232421875,
0.093017578125,
0.125244140625,
0.16162109375,
0.205810546875,
0.2548828125,
0.309814453125,
0.3671875,
0.43017578125,
0.5009765625,
0.575927734375,
0.654296875,
0.734375,
0.811767578125,
0.8759765625,
0.92626953125,
0.95849609375,
0.9814453125,
0.993408203125,
0.9990234375,
1.0,
