learned_per_gen,power_fit
0.001736111111111111,0.0012468097801862513
0.008680555555555556,2.463682882419201
0.017361111111111112,
0.037760416666666664,
0.06553819444444445,
0.0993923611111111,
0.1484375,
0.2109375,
0.2821180555555556,
0.3671875,
0.4544270833333333,
0.5516493055555556,
0.6558159722222222,
0.76953125,
0.8598090277777778,
0.9201388888888888,
0.9583333333333334,
0.9852430555555556,
0.9965277777777778,
0.9995659722222222,
1.0,
