learned_per_gen,power_fit
0.0,0.22802074347766266
0.45648193359375,0.8446093927812274
0.6910400390625,
0.8193359375,
0.8956298828125,
0.937255859375,
0.9617919921875,
0.9781494140625,
0.98626708984375,
0.990966796875,
0.994384765625,
0.99652099609375,
0.99761962890625,
0.9984130859375,
0.998779296875,
0.99908447265625,
0.99945068359375,
0.99957275390625,
0.99981689453125,
0.99981689453125,
0.99993896484375,
1.0,
