learned_per_gen,power_fit
0.0009765625,8.070036296353196
0.00244140625,4.072060614667557
0.00341796875,0.764238175988365
0.005859375,0.41822271854410775
0.0087890625,
0.012939453125,
0.017822265625,
0.0244140625,
0.03173828125,
0.039794921875,
0.04833984375,
0.058349609375,
0.07080078125,
0.083984375,
0.09716796875,
0.110107421875,
0.126708984375,
0.14453125,
0.165771484375,
0.1845703125,
0.202880859375,
0.22314453125,
0.24755859375,
0.272705078125,
0.299072265625,
0.326416015625,
0.353759765625,
0.386962890625,
0.418212890625,
0.449462890625,
0.48291015625,
0.515380859375,
0.55322265625,
0.58740234375,
0.62451171875,
0.66552734375,
0.708984375,
0.753173828125,
0.80078125,
0.837646484375,
0.868408203125,
0.8955078125,
0.919921875,
0.940673828125,
0.957275390625,
0.97021484375,
0.981689453125,
0.98828125,
0.99267578125,
0.99658203125,
0.9990234375,
1.0,
