learned_per_gen,power_fit
0.0,0.15871052658848187
0.153564453125,0.6573446488334448
0.28271484375,
0.398681640625,
0.48828125,
0.56689453125,
0.6298828125,
0.686279296875,
0.729736328125,
0.7705078125,
0.80029296875,
0.82861328125,
0.849609375,
0.87255859375,
0.885986328125,
0.89892578125,
0.913330078125,
0.92529296875,
0.933349609375,
0.942138671875,
0.95166015625,
0.959716796875,
0.966064453125,
0.971435546875,
0.974365234375,
0.977783203125,
0.98095703125,
0.983154296875,
0.984130859375,
0.986572265625,
0.9873046875,
0.988037109375,
0.98876953125,
0.99072265625,
0.991943359375,
0.9931640625,
0.99365234375,
0.993896484375,
0.993896484375,
0.99560546875,
0.996337890625,
0.99658203125,
0.996826171875,
0.998046875,
0.99853515625,
0.998779296875,
0.9990234375,
0.9990234375,
0.999267578125,
0.999267578125,
0.999267578125,
0.999267578125,
0.999267578125,
0.99951171875,
0.99951171875,
0.99951171875,
0.99951171875,
0.99951171875,
0.999755859375,
0.999755859375,
1.0,
