learned_per_gen,power_fit
0.00390625,2.2049101307356076
0.03515625,2.415355332473555
0.09765625,0.29179439545810576
0.19140625,0.29757801596276073
0.294921875,
0.3828125,
0.470703125,
0.55859375,
0.64453125,
0.724609375,
0.791015625,
0.85546875,
0.9072265625,
0.95703125,
0.986328125,
1.0,
