learned_per_gen,power_fit
0.00390625,0.006303470026516572
0.0263671875,2.3797861666428948
0.083984375,
0.1728515625,
0.294921875,
0.4453125,
0.619140625,
0.826171875,
0.96875,
0.9990234375,
1.0,
