learned_per_gen,power_fit
0.0,0.25568997921412223
0.2456597222222222,0.4754292601587947
0.4153645833333333,
0.54296875,
0.6197916666666666,
0.6809895833333334,
0.7243923611111112,
0.7578125,
0.7873263888888888,
0.8125,
0.8355034722222222,
0.8580729166666666,
0.8715277777777778,
0.8858506944444444,
0.8953993055555556,
0.9079861111111112,
0.9166666666666666,
0.9249131944444444,
0.9309895833333334,
0.9344618055555556,
0.9392361111111112,
0.9453125,
0.9500868055555556,
0.9574652777777778,
0.9622395833333334,
0.9665798611111112,
0.9683159722222222,
0.9709201388888888,
0.9756944444444444,
0.9782986111111112,
0.9809027777777778,
0.9826388888888888,
0.9835069444444444,
0.9852430555555556,
0.9869791666666666,
0.98828125,
0.9887152777777778,
0.9908854166666666,
0.9921875,
0.9921875,
0.9926215277777778,
0.9934895833333334,
0.9943576388888888,
0.9947916666666666,
0.9952256944444444,
0.9952256944444444,
0.9956597222222222,
0.9969618055555556,
0.9978298611111112,
0.9982638888888888,
0.9982638888888888,
0.9982638888888888,
0.9982638888888888,
0.9986979166666666,
0.9991319444444444,
0.9991319444444444,
0.9991319444444444,
0.9991319444444444,
0.9991319444444444,
0.9991319444444444,
0.9991319444444444,
0.9991319444444444,
0.9991319444444444,
0.9991319444444444,
0.9991319444444444,
0.9991319444444444,
0.9991319444444444,
0.9991319444444444,
1.0,
