learned_per_gen,power_fit
0.0,0.028136920879321303
0.9012586805555556,5.0
0.9914279513888888,
0.9982638888888888,
0.9998914930555556,
1.0,
