learned_per_gen,power_fit
0.00390625,0.0011046352356287202
0.0087890625,2.369716237107063
0.01953125,
0.0302734375,
0.0546875,
0.0810546875,
0.109375,
0.146484375,
0.197265625,
0.248046875,
0.3271484375,
0.4130859375,
0.4873046875,
0.5654296875,
0.650390625,
0.732421875,
0.818359375,
0.87109375,
0.9091796875,
0.9423828125,
0.9697265625,
0.9833984375,
0.990234375,
0.994140625,
0.998046875,
0.9990234375,
1.0,
