learned_per_gen,power_fit
0.00390625,0.0022766860002165668
0.009765625,2.5656090934958833
0.0361328125,
0.0791015625,
0.142578125,
0.2255859375,
0.337890625,
0.470703125,
0.619140625,
0.775390625,
0.900390625,
0.962890625,
0.9892578125,
0.9970703125,
1.0,
