learned_per_gen,power_fit
0.00390625,0.0035018076480914286
0.0126953125,2.0157262133047027
0.0302734375,
0.0576171875,
0.0908203125,
0.1279296875,
0.17578125,
0.2314453125,
0.2939453125,
0.3662109375,
0.4462890625,
0.533203125,
0.62109375,
0.71875,
0.828125,
0.939453125,
0.9794921875,
0.998046875,
1.0,
