learned_per_gen,power_fit
0.001736111111111111,0.0002801805606787436
0.0030381944444444445,2.2920765655360915
0.005208333333333333,
0.007378472222222222,
0.011284722222222222,
0.016927083333333332,
0.023871527777777776,
0.03342013888888889,
0.04513888888888889,
0.05685763888888889,
0.0685763888888889,
0.08289930555555555,
0.09722222222222222,
0.11631944444444445,
0.13541666666666666,
0.1579861111111111,
0.18619791666666666,
0.2105034722222222,
0.2421875,
0.2712673611111111,
0.3042534722222222,
0.3385416666666667,
0.3702256944444444,
0.40234375,
0.4370659722222222,
0.4774305555555556,
0.5182291666666666,
0.5633680555555556,
0.61328125,
0.6558159722222222,
0.7018229166666666,
0.7434895833333334,
0.7921006944444444,
0.8355034722222222,
0.8676215277777778,
0.9001736111111112,
0.92578125,
0.9474826388888888,
0.9622395833333334,
0.9696180555555556,
0.9782986111111112,
0.9874131944444444,
0.9930555555555556,
0.9956597222222222,
0.9973958333333334,
0.9978298611111112,
0.9986979166666666,
1.0,
