learned_per_gen,power_fit
0.0,0.2577051450239771
0.5859375,0.8953536774946793
0.8349609375,
0.935546875,
0.974609375,
0.98828125,
0.9931640625,
0.9990234375,
1.0,
