learned_per_gen,power_fit
0.000244140625,5.34827026068979e-5
0.00048828125,2.124375217229461
0.00079345703125,
0.001220703125,
0.0018310546875,
0.00238037109375,
0.00335693359375,
0.0045166015625,
0.005615234375,
0.00732421875,
0.00909423828125,
0.0108642578125,
0.0133056640625,
0.01593017578125,
0.0177001953125,
0.02001953125,
0.0220947265625,
0.0250244140625,
0.02777099609375,
0.03033447265625,
0.03369140625,
0.03656005859375,
0.04071044921875,
0.0445556640625,
0.04901123046875,
0.052978515625,
0.05706787109375,
0.0618896484375,
0.0662841796875,
0.071533203125,
0.07659912109375,
0.08270263671875,
0.0880126953125,
0.09405517578125,
0.10076904296875,
0.10748291015625,
0.11358642578125,
0.12030029296875,
0.127197265625,
0.1343994140625,
0.141845703125,
0.14959716796875,
0.15753173828125,
0.16619873046875,
0.1751708984375,
0.18310546875,
0.19171142578125,
0.20068359375,
0.21014404296875,
0.2191162109375,
0.230224609375,
0.23992919921875,
0.24908447265625,
0.25836181640625,
0.2681884765625,
0.27838134765625,
0.28826904296875,
0.29962158203125,
0.31072998046875,
0.32183837890625,
0.331787109375,
0.34368896484375,
0.355224609375,
0.36639404296875,
0.378662109375,
0.39019775390625,
0.40203857421875,
0.41339111328125,
0.425537109375,
0.43829345703125,
0.45068359375,
0.46319580078125,
0.47705078125,
0.491455078125,
0.50604248046875,
0.52056884765625,
0.53466796875,
0.54962158203125,
0.56463623046875,
0.578857421875,
0.5938720703125,
0.60888671875,
0.625,
0.63995361328125,
0.65679931640625,
0.6739501953125,
0.68878173828125,
0.70538330078125,
0.72198486328125,
0.73760986328125,
0.75494384765625,
0.77276611328125,
0.78997802734375,
0.8065185546875,
0.82330322265625,
0.83905029296875,
0.8536376953125,
0.86676025390625,
0.88067626953125,
0.89215087890625,
0.90313720703125,
0.91314697265625,
0.92108154296875,
0.92730712890625,
0.9346923828125,
0.94134521484375,
0.94696044921875,
0.95233154296875,
0.95770263671875,
0.963623046875,
0.96893310546875,
0.97369384765625,
0.97711181640625,
0.9801025390625,
0.98345947265625,
0.98626708984375,
0.98931884765625,
0.9913330078125,
0.9930419921875,
0.99481201171875,
0.99609375,
0.996826171875,
0.99737548828125,
0.99786376953125,
0.99847412109375,
0.99908447265625,
0.9993896484375,
0.99957275390625,
0.999755859375,
0.99993896484375,
0.99993896484375,
0.99993896484375,
0.99993896484375,
0.99993896484375,
1.0,
