learned_per_gen,power_fit
0.0,0.2801930043152
0.245361328125,0.41679020251605287
0.41162109375,
0.52392578125,
0.599609375,
0.663330078125,
0.706298828125,
0.739013671875,
0.76904296875,
0.7939453125,
0.82177734375,
0.841064453125,
0.858642578125,
0.872314453125,
0.88330078125,
0.89794921875,
0.9111328125,
0.919677734375,
0.927978515625,
0.934326171875,
0.938720703125,
0.94482421875,
0.94970703125,
0.95556640625,
0.958251953125,
0.961669921875,
0.965087890625,
0.96875,
0.97265625,
0.974365234375,
0.97607421875,
0.978271484375,
0.98095703125,
0.98193359375,
0.982666015625,
0.984130859375,
0.985107421875,
0.986572265625,
0.98876953125,
0.989501953125,
0.990966796875,
0.99169921875,
0.992431640625,
0.992919921875,
0.99365234375,
0.993896484375,
0.994140625,
0.99462890625,
0.9951171875,
0.995361328125,
0.99560546875,
0.995849609375,
0.996337890625,
0.996826171875,
0.996826171875,
0.996826171875,
0.9970703125,
0.997314453125,
0.99755859375,
0.997802734375,
0.997802734375,
0.997802734375,
0.998046875,
0.998291015625,
0.998291015625,
0.99853515625,
0.998779296875,
0.999267578125,
0.999267578125,
0.99951171875,
0.99951171875,
0.99951171875,
0.99951171875,
0.99951171875,
0.99951171875,
0.99951171875,
0.99951171875,
0.99951171875,
0.99951171875,
0.99951171875,
0.99951171875,
0.99951171875,
0.99951171875,
0.999755859375,
0.999755859375,
0.999755859375,
0.999755859375,
0.999755859375,
0.999755859375,
0.999755859375,
1.0,
