learned_per_gen,power_fit
0.00390625,0.0027018862092892735
0.009765625,2.029852371361792
0.021484375,
0.0361328125,
0.060546875,
0.09375,
0.13671875,
0.1806640625,
0.240234375,
0.30078125,
0.373046875,
0.4482421875,
0.5283203125,
0.6171875,
0.7177734375,
0.822265625,
0.919921875,
0.97265625,
0.9970703125,
1.0,
