learned_per_gen,power_fit
0.0009765625,0.001206274968860078
0.004150390625,2.3014640043473804
0.01318359375,
0.02783203125,
0.048095703125,
0.0732421875,
0.106201171875,
0.14501953125,
0.19091796875,
0.24365234375,
0.30126953125,
0.365234375,
0.43994140625,
0.517822265625,
0.602294921875,
0.692138671875,
0.782958984375,
0.862548828125,
0.9228515625,
0.962158203125,
0.981689453125,
0.9970703125,
0.999755859375,
1.0,
