learned_per_gen,power_fit
0.00390625,0.013284227188099264
0.0205078125,1.6625420931818835
0.052734375,
0.0986328125,
0.1591796875,
0.224609375,
0.3017578125,
0.4091796875,
0.5400390625,
0.6689453125,
0.7919921875,
0.87890625,
0.94140625,
0.97265625,
0.984375,
0.990234375,
0.99609375,
0.9970703125,
0.998046875,
0.998046875,
0.9990234375,
0.9990234375,
0.9990234375,
0.9990234375,
0.9990234375,
0.9990234375,
1.0,
