learned_per_gen,power_fit
0.00390625,0.020704446876165235
0.0146484375,1.2853425074028637
0.0390625,
0.07421875,
0.125,
0.189453125,
0.25,
0.314453125,
0.380859375,
0.4423828125,
0.4912109375,
0.5400390625,
0.583984375,
0.615234375,
0.6474609375,
0.6728515625,
0.70703125,
0.7373046875,
0.767578125,
0.794921875,
0.8193359375,
0.8447265625,
0.87109375,
0.8974609375,
0.9228515625,
0.9404296875,
0.9609375,
0.978515625,
0.98828125,
0.9970703125,
1.0,
