learned_per_gen,power_fit
0.0,0.27528519658817635
0.40234375,0.6329664688030053
0.6388888888888888,
0.7803819444444444,
0.8641493055555556,
0.9249131944444444,
0.9548611111111112,
0.9739583333333334,
0.9852430555555556,
0.9891493055555556,
0.9947916666666666,
0.9973958333333334,
0.9982638888888888,
0.9986979166666666,
0.9995659722222222,
0.9995659722222222,
1.0,
