learned_per_gen,power_fit
0.0,0.17139813424694134
0.4049479166666667,1.0714353753997061
0.6471354166666666,
0.7964409722222222,
0.8914930555555556,
0.9318576388888888,
0.9587673611111112,
0.9787326388888888,
0.9869791666666666,
0.9908854166666666,
0.9943576388888888,
0.9952256944444444,
0.9969618055555556,
0.9986979166666666,
0.9995659722222222,
0.9995659722222222,
1.0,
