learned_per_gen,power_fit
0.0009765625,7.9124883567135225
0.002197265625,4.23362996935159
0.0029296875,0.7672467502744741
0.004150390625,0.4544117891938379
0.007568359375,
0.01025390625,
0.0166015625,
0.023193359375,
0.030029296875,
0.038818359375,
0.047607421875,
0.059326171875,
0.07080078125,
0.08349609375,
0.0966796875,
0.11181640625,
0.128662109375,
0.145751953125,
0.16455078125,
0.1826171875,
0.204345703125,
0.22802734375,
0.254638671875,
0.28369140625,
0.309326171875,
0.336181640625,
0.363525390625,
0.39453125,
0.4287109375,
0.4619140625,
0.49658203125,
0.5302734375,
0.57080078125,
0.610595703125,
0.652099609375,
0.693359375,
0.733642578125,
0.776611328125,
0.8232421875,
0.8681640625,
0.8994140625,
0.929443359375,
0.9462890625,
0.959716796875,
0.972900390625,
0.98388671875,
0.991455078125,
0.99560546875,
0.9990234375,
1.0,
