learned_per_gen,power_fit
0.0,0.17128045045587464
0.39813232421875,1.0594115104793753
0.64569091796875,
0.783203125,
0.87030029296875,
0.9210205078125,
0.95135498046875,
0.96917724609375,
0.981689453125,
0.98870849609375,
0.99359130859375,
0.99609375,
0.99755859375,
0.99859619140625,
0.99908447265625,
0.99932861328125,
0.999755859375,
0.99993896484375,
0.99993896484375,
1.0,
