learned_per_gen,power_fit
0.00390625,0.00040445154513747467
0.005859375,2.3390583885986733
0.0107421875,
0.0166015625,
0.0234375,
0.03125,
0.041015625,
0.0556640625,
0.0693359375,
0.080078125,
0.1025390625,
0.130859375,
0.1640625,
0.201171875,
0.2451171875,
0.2978515625,
0.3544921875,
0.416015625,
0.4814453125,
0.560546875,
0.63671875,
0.7138671875,
0.79296875,
0.8515625,
0.9169921875,
0.9638671875,
0.990234375,
1.0,
