learned_per_gen,power_fit
0.0009765625,0.0009141364762557005
0.00341796875,2.004224525122526
0.008544921875,
0.01416015625,
0.0224609375,
0.032470703125,
0.044921875,
0.05908203125,
0.075439453125,
0.093505859375,
0.112060546875,
0.13427734375,
0.15625,
0.182373046875,
0.208251953125,
0.2373046875,
0.26806640625,
0.300537109375,
0.335205078125,
0.37060546875,
0.409423828125,
0.447998046875,
0.489013671875,
0.53369140625,
0.580078125,
0.627197265625,
0.67724609375,
0.72802734375,
0.783447265625,
0.83837890625,
0.896484375,
0.955810546875,
0.9775390625,
0.989501953125,
0.996826171875,
1.0,
