learned_per_gen,power_fit
0.000244140625,0.0001569257412169257
0.00054931640625,2.093141681886136
0.00128173828125,
0.00250244140625,
0.00421142578125,
0.00616455078125,
0.00885009765625,
0.01190185546875,
0.0152587890625,
0.0189208984375,
0.02349853515625,
0.02862548828125,
0.033935546875,
0.0399169921875,
0.046142578125,
0.05291748046875,
0.06024169921875,
0.06817626953125,
0.07659912109375,
0.08526611328125,
0.09466552734375,
0.1041259765625,
0.1143798828125,
0.1243896484375,
0.13507080078125,
0.146728515625,
0.1583251953125,
0.17108154296875,
0.1842041015625,
0.19732666015625,
0.2105712890625,
0.22528076171875,
0.2401123046875,
0.25482177734375,
0.2705078125,
0.28656005859375,
0.30328369140625,
0.3201904296875,
0.33734130859375,
0.35540771484375,
0.37420654296875,
0.39300537109375,
0.4122314453125,
0.4327392578125,
0.45306396484375,
0.47406005859375,
0.494140625,
0.51580810546875,
0.53741455078125,
0.5592041015625,
0.58233642578125,
0.60614013671875,
0.6304931640625,
0.65496826171875,
0.68011474609375,
0.704833984375,
0.73077392578125,
0.757568359375,
0.7838134765625,
0.81146240234375,
0.83941650390625,
0.866943359375,
0.89532470703125,
0.92352294921875,
0.94964599609375,
0.96124267578125,
0.9703369140625,
0.977783203125,
0.98388671875,
0.98895263671875,
0.99322509765625,
0.99639892578125,
0.9986572265625,
0.999755859375,
1.0,
