learned_per_gen,power_fit
0.00390625,0.003204738091971516
0.0185546875,2.358969746271287
0.04296875,
0.0810546875,
0.142578125,
0.22265625,
0.314453125,
0.4326171875,
0.580078125,
0.732421875,
0.8466796875,
0.927734375,
0.970703125,
0.98828125,
1.0,
