learned_per_gen,power_fit
0.0009765625,0.00040898457221308707
0.001708984375,1.667589927432065
0.00244140625,
0.00390625,
0.005615234375,
0.00927734375,
0.011962890625,
0.01513671875,
0.018798828125,
0.021484375,
0.025390625,
0.02978515625,
0.0322265625,
0.035400390625,
0.03759765625,
0.04052734375,
0.0439453125,
0.04833984375,
0.05322265625,
0.05810546875,
0.06396484375,
0.07080078125,
0.076904296875,
0.083740234375,
0.09130859375,
0.0986328125,
0.10791015625,
0.113037109375,
0.121826171875,
0.1279296875,
0.134765625,
0.14111328125,
0.149169921875,
0.1552734375,
0.161376953125,
0.16748046875,
0.17236328125,
0.1767578125,
0.181640625,
0.186279296875,
0.19384765625,
0.200927734375,
0.20654296875,
0.2138671875,
0.222412109375,
0.23046875,
0.239990234375,
0.248779296875,
0.259521484375,
0.26904296875,
0.279052734375,
0.29150390625,
0.302001953125,
0.312744140625,
0.324462890625,
0.336181640625,
0.35009765625,
0.3603515625,
0.37548828125,
0.388671875,
0.40185546875,
0.413330078125,
0.425537109375,
0.439208984375,
0.451171875,
0.468017578125,
0.4873046875,
0.505859375,
0.519775390625,
0.537841796875,
0.553955078125,
0.57080078125,
0.585205078125,
0.6005859375,
0.6181640625,
0.635009765625,
0.651123046875,
0.66552734375,
0.677978515625,
0.694091796875,
0.71240234375,
0.733154296875,
0.7470703125,
0.763916015625,
0.782470703125,
0.79833984375,
0.8154296875,
0.832275390625,
0.849365234375,
0.86328125,
0.879638671875,
0.891357421875,
0.904296875,
0.9169921875,
0.922607421875,
0.9306640625,
0.93505859375,
0.93994140625,
0.94677734375,
0.95166015625,
0.955078125,
0.9609375,
0.96630859375,
0.969482421875,
0.97314453125,
0.976806640625,
0.98046875,
0.983642578125,
0.986083984375,
0.988525390625,
0.990234375,
0.99267578125,
0.993896484375,
0.995361328125,
0.996337890625,
0.9970703125,
0.99853515625,
0.998779296875,
0.999267578125,
0.999267578125,
0.999267578125,
0.99951171875,
0.999755859375,
1.0,
