learned_per_gen,power_fit
0.00390625,0.002238647933470449
0.0078125,1.9764253632703512
0.015625,
0.0302734375,
0.052734375,
0.078125,
0.1064453125,
0.1416015625,
0.169921875,
0.2119140625,
0.2607421875,
0.3046875,
0.349609375,
0.408203125,
0.4775390625,
0.5498046875,
0.6240234375,
0.6953125,
0.763671875,
0.8359375,
0.8896484375,
0.9287109375,
0.9619140625,
0.9794921875,
0.9892578125,
0.99609375,
0.9990234375,
0.9990234375,
1.0,
