learned_per_gen,power_fit
0.00390625,0.0027179372165795903
0.0107421875,2.0570513941719026
0.029296875,
0.05078125,
0.078125,
0.109375,
0.1484375,
0.1904296875,
0.248046875,
0.30859375,
0.3779296875,
0.453125,
0.5244140625,
0.6103515625,
0.7021484375,
0.80859375,
0.8818359375,
0.919921875,
0.9560546875,
0.9814453125,
0.9951171875,
0.9970703125,
0.998046875,
1.0,
