learned_per_gen,power_fit
0.0,0.2796363625540462
0.3984375,0.5770633628229913
0.612548828125,
0.729248046875,
0.8046875,
0.857177734375,
0.892333984375,
0.915771484375,
0.93701171875,
0.951904296875,
0.962646484375,
0.9716796875,
0.979736328125,
0.9853515625,
0.9892578125,
0.991455078125,
0.99365234375,
0.99560546875,
0.996826171875,
0.997314453125,
0.997802734375,
0.99853515625,
0.99853515625,
0.999267578125,
0.99951171875,
0.99951171875,
0.99951171875,
0.999755859375,
0.999755859375,
0.999755859375,
0.999755859375,
0.999755859375,
0.999755859375,
0.999755859375,
0.999755859375,
0.999755859375,
0.999755859375,
1.0,
