learned_per_gen,power_fit
0.0,0.20625790134978542
0.155517578125,0.46623725171501834
0.27197265625,
0.363525390625,
0.436767578125,
0.4990234375,
0.5556640625,
0.5947265625,
0.6298828125,
0.66259765625,
0.687744140625,
0.712890625,
0.74169921875,
0.758544921875,
0.774658203125,
0.7900390625,
0.8037109375,
0.81591796875,
0.828857421875,
0.83837890625,
0.847900390625,
0.857421875,
0.864990234375,
0.876708984375,
0.884033203125,
0.890869140625,
0.896484375,
0.903076171875,
0.9091796875,
0.914794921875,
0.920166015625,
0.92529296875,
0.9296875,
0.93408203125,
0.937744140625,
0.943359375,
0.94677734375,
0.9501953125,
0.95361328125,
0.9560546875,
0.959228515625,
0.961669921875,
0.96533203125,
0.967041015625,
0.97021484375,
0.972900390625,
0.974365234375,
0.975830078125,
0.9765625,
0.978759765625,
0.97998046875,
0.9814453125,
0.9833984375,
0.98486328125,
0.98583984375,
0.98681640625,
0.98779296875,
0.988037109375,
0.988525390625,
0.989501953125,
0.99072265625,
0.990966796875,
0.9912109375,
0.991455078125,
0.991943359375,
0.992431640625,
0.992431640625,
0.992919921875,
0.99365234375,
0.994384765625,
0.9951171875,
0.995361328125,
0.995849609375,
0.995849609375,
0.99609375,
0.996337890625,
0.996826171875,
0.9970703125,
0.997314453125,
0.99755859375,
0.997802734375,
0.998046875,
0.998046875,
0.998046875,
0.99853515625,
0.99853515625,
0.99853515625,
0.99853515625,
0.99853515625,
0.99853515625,
0.99853515625,
0.99853515625,
0.99853515625,
0.998779296875,
0.998779296875,
0.998779296875,
0.998779296875,
0.9990234375,
0.999267578125,
0.999267578125,
0.999267578125,
0.999267578125,
0.999267578125,
0.999267578125,
0.99951171875,
0.99951171875,
0.99951171875,
0.99951171875,
0.99951171875,
0.999755859375,
1.0,
