learned_per_gen,power_fit
0.00043402777777777775,0.00025649772520011383
0.0015190972222222222,2.028413217019647
0.002712673611111111,
0.004991319444444444,
0.007378472222222222,
0.010308159722222222,
0.013997395833333334,
0.017686631944444444,
0.023003472222222224,
0.028103298611111112,
0.03342013888888889,
0.0390625,
0.04578993055555555,
0.053276909722222224,
0.0615234375,
0.07085503472222222,
0.08072916666666667,
0.0910373263888889,
0.10199652777777778,
0.11371527777777778,
0.12456597222222222,
0.1357421875,
0.14854600694444445,
0.1618923611111111,
0.17567274305555555,
0.1902126736111111,
0.2046440972222222,
0.2192925347222222,
0.2370876736111111,
0.2527126736111111,
0.2701822916666667,
0.2880859375,
0.3089192708333333,
0.3273654513888889,
0.3483072916666667,
0.3690321180555556,
0.3909505208333333,
0.4140625,
0.4372829861111111,
0.4599609375,
0.4832899305555556,
0.5073784722222222,
0.5339626736111112,
0.5582682291666666,
0.5843098958333334,
0.6115451388888888,
0.6396484375,
0.6668836805555556,
0.6961805555555556,
0.7250434027777778,
0.7566189236111112,
0.7881944444444444,
0.8148871527777778,
0.8376736111111112,
0.8591579861111112,
0.8806423611111112,
0.8991970486111112,
0.9157986111111112,
0.9288194444444444,
0.9397786458333334,
0.9505208333333334,
0.9600694444444444,
0.9678819444444444,
0.9752604166666666,
0.9809027777777778,
0.986328125,
0.9903428819444444,
0.9930555555555556,
0.9964192708333334,
0.9979383680555556,
0.9993489583333334,
0.9996744791666666,
1.0,
