learned_per_gen,power_fit
0.0,0.17793479421503725
0.3623046875,0.9453568828953021
0.58447265625,
0.729736328125,
0.8291015625,
0.8916015625,
0.93017578125,
0.954833984375,
0.97216796875,
0.982666015625,
0.989501953125,
0.992919921875,
0.994873046875,
0.996826171875,
0.998046875,
0.99853515625,
0.998779296875,
0.999267578125,
0.999755859375,
0.999755859375,
0.999755859375,
0.999755859375,
0.999755859375,
1.0,
