learned_per_gen,power_fit
0.00390625,0.009756217962757028
0.01171875,1.7720962549608663
0.0400390625,
0.091796875,
0.1591796875,
0.2392578125,
0.322265625,
0.412109375,
0.4990234375,
0.576171875,
0.658203125,
0.7255859375,
0.79296875,
0.8466796875,
0.8896484375,
0.9228515625,
0.9482421875,
0.9677734375,
0.9873046875,
0.9970703125,
1.0,
