learned_per_gen,power_fit
0.0,0.18499163870633487
0.5251736111111112,1.1789856602072135
0.7608506944444444,
0.8767361111111112,
0.9379340277777778,
0.96875,
0.9856770833333334,
0.9926215277777778,
0.9965277777777778,
0.9978298611111112,
0.9986979166666666,
0.9991319444444444,
0.9991319444444444,
0.9995659722222222,
1.0,
