learned_per_gen,power_fit
0.00390625,0.0042283593419457114
0.0185546875,2.3908303275106872
0.056640625,
0.119140625,
0.201171875,
0.302734375,
0.4443359375,
0.5986328125,
0.7783203125,
0.9140625,
0.9775390625,
0.9970703125,
1.0,
