learned_per_gen,power_fit
0.0009765625,0.0008394873719224266
0.003173828125,2.037157843268869
0.007080078125,
0.013427734375,
0.02197265625,
0.0322265625,
0.044677734375,
0.05859375,
0.07421875,
0.091796875,
0.111572265625,
0.13330078125,
0.157470703125,
0.18310546875,
0.21044921875,
0.2392578125,
0.271240234375,
0.304443359375,
0.33984375,
0.376953125,
0.416015625,
0.45703125,
0.499755859375,
0.54541015625,
0.5927734375,
0.64111328125,
0.6923828125,
0.74462890625,
0.79931640625,
0.857177734375,
0.915771484375,
0.9755859375,
0.993408203125,
0.999267578125,
1.0,
