learned_per_gen,power_fit
0.0,0.1944230435448302
0.45196533203125,1.0109800791080468
0.69598388671875,
0.83154296875,
0.9073486328125,
0.9495849609375,
0.9727783203125,
0.983642578125,
0.99078369140625,
0.9947509765625,
0.9971923828125,
0.99835205078125,
0.99896240234375,
0.99932861328125,
0.9996337890625,
0.9998779296875,
0.99993896484375,
0.99993896484375,
1.0,
