learned_per_gen,power_fit
0.001736111111111111,3.180690711058604e-5
0.003472222222222222,2.798370370883592
0.004340277777777778,
0.005208333333333333,
0.005642361111111111,
0.006510416666666667,
0.0078125,
0.009982638888888888,
0.013454861111111112,
0.017795138888888888,
0.02734375,
0.035590277777777776,
0.04383680555555555,
0.05078125,
0.06163194444444445,
0.0703125,
0.08289930555555555,
0.10069444444444445,
0.11848958333333333,
0.1371527777777778,
0.1566840277777778,
0.1814236111111111,
0.20789930555555555,
0.23914930555555555,
0.2660590277777778,
0.2960069444444444,
0.3220486111111111,
0.3532986111111111,
0.3871527777777778,
0.421875,
0.4665798611111111,
0.5021701388888888,
0.5477430555555556,
0.5928819444444444,
0.6328125,
0.6684027777777778,
0.70703125,
0.7408854166666666,
0.7760416666666666,
0.8103298611111112,
0.8385416666666666,
0.8611111111111112,
0.8767361111111112,
0.89453125,
0.9105902777777778,
0.9227430555555556,
0.9370659722222222,
0.9518229166666666,
0.9652777777777778,
0.9743923611111112,
0.9813368055555556,
0.9869791666666666,
0.9904513888888888,
0.9934895833333334,
0.9965277777777778,
0.9991319444444444,
1.0,
