learned_per_gen,power_fit
0.0,0.16242906477203672
0.46484375,1.209978338428538
0.689453125,
0.8076171875,
0.890625,
0.9404296875,
0.966796875,
0.9765625,
0.9833984375,
0.9912109375,
0.9970703125,
0.998046875,
0.9990234375,
0.9990234375,
1.0,
