learned_per_gen,power_fit
0.0009765625,0.0006723547457565196
0.00341796875,2.408081230247695
0.010009765625,
0.019775390625,
0.03369140625,
0.051513671875,
0.07421875,
0.098388671875,
0.130859375,
0.171142578125,
0.217529296875,
0.26904296875,
0.323486328125,
0.38623046875,
0.4521484375,
0.52392578125,
0.591064453125,
0.660400390625,
0.731201171875,
0.798095703125,
0.861572265625,
0.908935546875,
0.944091796875,
0.96875,
0.986083984375,
0.994873046875,
0.9990234375,
1.0,
