learned_per_gen,power_fit
0.001736111111111111,0.0009608592125367804
0.005208333333333333,2.0506715727533043
0.010416666666666666,
0.016927083333333332,
0.025607638888888888,
0.03689236111111111,
0.05251736111111111,
0.06987847222222222,
0.08723958333333333,
0.1076388888888889,
0.1310763888888889,
0.15885416666666666,
0.1853298611111111,
0.2126736111111111,
0.2482638888888889,
0.2829861111111111,
0.3190104166666667,
0.3585069444444444,
0.4058159722222222,
0.4479166666666667,
0.4965277777777778,
0.5486111111111112,
0.6006944444444444,
0.6549479166666666,
0.7122395833333334,
0.7660590277777778,
0.8255208333333334,
0.8715277777777778,
0.9097222222222222,
0.9375,
0.9578993055555556,
0.9756944444444444,
0.9852430555555556,
0.9930555555555556,
0.9982638888888888,
0.9995659722222222,
1.0,
