learned_per_gen,power_fit
0.00390625,0.0013729799572514878
0.0078125,2.2446132593150088
0.017578125,
0.0341796875,
0.0517578125,
0.0771484375,
0.1025390625,
0.1396484375,
0.1865234375,
0.2431640625,
0.3115234375,
0.3662109375,
0.4267578125,
0.494140625,
0.5791015625,
0.6630859375,
0.7509765625,
0.8154296875,
0.869140625,
0.9072265625,
0.943359375,
0.9736328125,
0.990234375,
0.9990234375,
1.0,
