learned_per_gen,power_fit
0.0,0.17383425082961035
0.3532986111111111,0.9551190193790056
0.5711805555555556,
0.7287326388888888,
0.8250868055555556,
0.8845486111111112,
0.9279513888888888,
0.9513888888888888,
0.9717881944444444,
0.9817708333333334,
0.9878472222222222,
0.9939236111111112,
0.9952256944444444,
0.99609375,
0.9982638888888888,
0.9986979166666666,
0.9991319444444444,
0.9991319444444444,
0.9995659722222222,
0.9995659722222222,
0.9995659722222222,
0.9995659722222222,
1.0,
