learned_per_gen,power_fit
0.0,0.19514087458045934
0.45257568359375,1.0087057074534564
0.697998046875,
0.83221435546875,
0.9066162109375,
0.94769287109375,
0.97076416015625,
0.984130859375,
0.9908447265625,
0.9952392578125,
0.99761962890625,
0.99884033203125,
0.9993896484375,
0.99969482421875,
0.9998779296875,
0.9998779296875,
0.99993896484375,
1.0,
