learned_per_gen,power_fit
0.0,0.17634090062505875
0.359375,0.9444132818691507
0.5824652777777778,
0.7191840277777778,
0.81640625,
0.8854166666666666,
0.921875,
0.9479166666666666,
0.9665798611111112,
0.9765625,
0.9852430555555556,
0.9891493055555556,
0.9939236111111112,
0.99609375,
0.9973958333333334,
0.9982638888888888,
0.9986979166666666,
0.9986979166666666,
0.9995659722222222,
0.9995659722222222,
0.9995659722222222,
0.9995659722222222,
0.9995659722222222,
1.0,
