learned_per_gen,power_fit
0.000244140625,0.00013078040111101822
0.00067138671875,2.061247535231753
0.00140380859375,
0.00244140625,
0.0037841796875,
0.005615234375,
0.0078125,
0.00970458984375,
0.01214599609375,
0.01470947265625,
0.01763916015625,
0.0213623046875,
0.0255126953125,
0.030029296875,
0.03466796875,
0.03985595703125,
0.04559326171875,
0.05126953125,
0.057373046875,
0.0640869140625,
0.0706787109375,
0.0775146484375,
0.084716796875,
0.09259033203125,
0.10064697265625,
0.108154296875,
0.1156005859375,
0.1248779296875,
0.13446044921875,
0.14312744140625,
0.15313720703125,
0.16363525390625,
0.17523193359375,
0.1871337890625,
0.199462890625,
0.211669921875,
0.2244873046875,
0.23663330078125,
0.2503662109375,
0.26318359375,
0.2763671875,
0.2900390625,
0.303955078125,
0.31805419921875,
0.33404541015625,
0.34918212890625,
0.364990234375,
0.382568359375,
0.3995361328125,
0.415771484375,
0.43304443359375,
0.4515380859375,
0.47015380859375,
0.4891357421875,
0.50860595703125,
0.52691650390625,
0.54705810546875,
0.56561279296875,
0.58551025390625,
0.6060791015625,
0.6278076171875,
0.64862060546875,
0.66986083984375,
0.69219970703125,
0.714111328125,
0.7366943359375,
0.75762939453125,
0.77764892578125,
0.7978515625,
0.81829833984375,
0.83648681640625,
0.8536376953125,
0.867919921875,
0.87945556640625,
0.89129638671875,
0.90374755859375,
0.9154052734375,
0.9263916015625,
0.93695068359375,
0.94683837890625,
0.95709228515625,
0.96417236328125,
0.970703125,
0.97637939453125,
0.98028564453125,
0.98358154296875,
0.9874267578125,
0.99029541015625,
0.9927978515625,
0.9945068359375,
0.99627685546875,
0.9974365234375,
0.998046875,
0.99871826171875,
0.99908447265625,
0.99945068359375,
0.99981689453125,
0.9998779296875,
0.99993896484375,
1.0,
