learned_per_gen,power_fit
0.0,0.30227266860831936
0.343505859375,0.44479409558851524
0.531494140625,
0.635498046875,
0.70361328125,
0.7578125,
0.7958984375,
0.828369140625,
0.8515625,
0.8720703125,
0.889892578125,
0.908203125,
0.919189453125,
0.931640625,
0.940185546875,
0.949951171875,
0.95458984375,
0.96142578125,
0.966796875,
0.96923828125,
0.974365234375,
0.97705078125,
0.979736328125,
0.98193359375,
0.985107421875,
0.987060546875,
0.98779296875,
0.989501953125,
0.990478515625,
0.9912109375,
0.992919921875,
0.993896484375,
0.994873046875,
0.99560546875,
0.995849609375,
0.99609375,
0.99658203125,
0.99658203125,
0.997802734375,
0.998291015625,
0.998291015625,
0.998779296875,
0.9990234375,
0.999267578125,
0.999267578125,
0.999267578125,
0.999755859375,
0.999755859375,
0.999755859375,
0.999755859375,
0.999755859375,
0.999755859375,
0.999755859375,
0.999755859375,
0.999755859375,
0.999755859375,
0.999755859375,
0.999755859375,
0.999755859375,
0.999755859375,
0.999755859375,
1.0,
