learned_per_gen,power_fit
0.0,0.2217173102861977
0.50933837890625,0.9556136136844966
0.75689697265625,
0.87652587890625,
0.93658447265625,
0.9681396484375,
0.98358154296875,
0.99176025390625,
0.99603271484375,
0.9979248046875,
0.99908447265625,
0.9996337890625,
0.99981689453125,
0.9998779296875,
0.99993896484375,
0.99993896484375,
1.0,
