learned_per_gen,power_fit
0.0009765625,0.0009597582450675854
0.004150390625,2.2992990316521738
0.00927734375,
0.02001953125,
0.03466796875,
0.05810546875,
0.0830078125,
0.116455078125,
0.1513671875,
0.192138671875,
0.24072265625,
0.290771484375,
0.349609375,
0.412353515625,
0.476318359375,
0.5537109375,
0.637451171875,
0.71826171875,
0.79833984375,
0.86279296875,
0.913330078125,
0.947265625,
0.97314453125,
0.987548828125,
0.994873046875,
0.998779296875,
0.999755859375,
1.0,
