learned_per_gen,power_fit
0.0009765625,5.7266516785178456e-5
0.001220703125,2.219498118881709
0.00146484375,
0.002197265625,
0.003173828125,
0.00439453125,
0.006103515625,
0.007568359375,
0.008544921875,
0.011962890625,
0.01513671875,
0.0185546875,
0.021240234375,
0.023681640625,
0.02685546875,
0.029541015625,
0.03369140625,
0.03759765625,
0.04150390625,
0.046142578125,
0.051025390625,
0.0556640625,
0.0615234375,
0.06884765625,
0.0732421875,
0.077880859375,
0.084228515625,
0.09033203125,
0.097900390625,
0.10546875,
0.115478515625,
0.12353515625,
0.133544921875,
0.141357421875,
0.1513671875,
0.159912109375,
0.16943359375,
0.178955078125,
0.191650390625,
0.203125,
0.217529296875,
0.23046875,
0.245361328125,
0.258544921875,
0.27099609375,
0.282958984375,
0.296875,
0.311767578125,
0.32666015625,
0.339111328125,
0.351806640625,
0.36572265625,
0.38134765625,
0.396240234375,
0.41064453125,
0.42822265625,
0.443359375,
0.457763671875,
0.4755859375,
0.49267578125,
0.51171875,
0.531494140625,
0.549072265625,
0.567626953125,
0.583984375,
0.604736328125,
0.626220703125,
0.64453125,
0.66650390625,
0.688232421875,
0.70654296875,
0.726318359375,
0.7470703125,
0.76708984375,
0.7890625,
0.810546875,
0.830078125,
0.84619140625,
0.861328125,
0.875732421875,
0.891845703125,
0.903564453125,
0.9150390625,
0.924560546875,
0.933837890625,
0.941162109375,
0.947509765625,
0.952392578125,
0.95751953125,
0.962646484375,
0.966064453125,
0.9716796875,
0.97705078125,
0.9814453125,
0.983154296875,
0.986083984375,
0.989013671875,
0.9912109375,
0.9931640625,
0.994384765625,
0.995361328125,
0.99658203125,
0.99755859375,
0.998779296875,
0.99951171875,
1.0,
