learned_per_gen,power_fit
0.0,0.1477168020765946
0.3016493055555556,1.0019358721866574
0.5112847222222222,
0.6514756944444444,
0.7582465277777778,
0.8246527777777778,
0.87109375,
0.90625,
0.9314236111111112,
0.9461805555555556,
0.9665798611111112,
0.9730902777777778,
0.9813368055555556,
0.9874131944444444,
0.9917534722222222,
0.9943576388888888,
0.9952256944444444,
0.9973958333333334,
0.9982638888888888,
0.9991319444444444,
0.9991319444444444,
1.0,
