learned_per_gen,power_fit
0.000244140625,0.0006382331318552508
0.00091552734375,1.7711032748919724
0.0025634765625,
0.00506591796875,
0.00885009765625,
0.013671875,
0.0194091796875,
0.02587890625,
0.0335693359375,
0.0423583984375,
0.05242919921875,
0.06207275390625,
0.07366943359375,
0.08612060546875,
0.09979248046875,
0.11279296875,
0.12713623046875,
0.1422119140625,
0.156982421875,
0.17376708984375,
0.1898193359375,
0.20660400390625,
0.2236328125,
0.24114990234375,
0.25994873046875,
0.27996826171875,
0.30126953125,
0.32293701171875,
0.343505859375,
0.36639404296875,
0.38983154296875,
0.4114990234375,
0.43450927734375,
0.45733642578125,
0.47930908203125,
0.501220703125,
0.52337646484375,
0.5455322265625,
0.566162109375,
0.58526611328125,
0.60321044921875,
0.62274169921875,
0.6392822265625,
0.6556396484375,
0.67340087890625,
0.688720703125,
0.70452880859375,
0.7181396484375,
0.730224609375,
0.74237060546875,
0.751953125,
0.7607421875,
0.76824951171875,
0.77630615234375,
0.7845458984375,
0.79254150390625,
0.79949951171875,
0.8062744140625,
0.81304931640625,
0.81976318359375,
0.82708740234375,
0.83380126953125,
0.84051513671875,
0.84747314453125,
0.8538818359375,
0.85986328125,
0.8662109375,
0.8724365234375,
0.87860107421875,
0.88372802734375,
0.88934326171875,
0.89544677734375,
0.90142822265625,
0.906494140625,
0.91168212890625,
0.91748046875,
0.92266845703125,
0.92767333984375,
0.93292236328125,
0.93768310546875,
0.9422607421875,
0.9464111328125,
0.950439453125,
0.9542236328125,
0.9583740234375,
0.96148681640625,
0.9649658203125,
0.96832275390625,
0.97149658203125,
0.97412109375,
0.9765625,
0.97930908203125,
0.98199462890625,
0.98431396484375,
0.98651123046875,
0.98858642578125,
0.9908447265625,
0.992431640625,
0.99371337890625,
0.994873046875,
0.9959716796875,
0.99676513671875,
0.9976806640625,
0.99822998046875,
0.9986572265625,
0.99908447265625,
0.9993896484375,
0.9996337890625,
0.99981689453125,
0.99993896484375,
1.0,
