learned_per_gen,power_fit
0.0009765625,0.00022650329973411743
0.00146484375,2.1800629733007764
0.001953125,
0.00341796875,
0.006591796875,
0.010009765625,
0.013427734375,
0.017333984375,
0.023193359375,
0.030517578125,
0.0380859375,
0.047607421875,
0.0595703125,
0.07177734375,
0.08154296875,
0.09619140625,
0.11376953125,
0.1279296875,
0.1416015625,
0.15771484375,
0.17626953125,
0.192138671875,
0.208984375,
0.22998046875,
0.251953125,
0.274658203125,
0.298828125,
0.322998046875,
0.347900390625,
0.374755859375,
0.404296875,
0.43310546875,
0.462158203125,
0.494873046875,
0.529296875,
0.560302734375,
0.59228515625,
0.625732421875,
0.65869140625,
0.6923828125,
0.727294921875,
0.761962890625,
0.802001953125,
0.83251953125,
0.86572265625,
0.894287109375,
0.913330078125,
0.93017578125,
0.943115234375,
0.9560546875,
0.968017578125,
0.977783203125,
0.984619140625,
0.9912109375,
0.996826171875,
0.999267578125,
1.0,
