learned_per_gen,power_fit
0.00390625,0.0014343847392797265
0.0107421875,2.258018049162192
0.0234375,
0.0380859375,
0.0576171875,
0.080078125,
0.1142578125,
0.154296875,
0.19921875,
0.26171875,
0.3251953125,
0.392578125,
0.4658203125,
0.5517578125,
0.6484375,
0.732421875,
0.8251953125,
0.9091796875,
0.9658203125,
0.9931640625,
1.0,
