learned_per_gen,power_fit
0.00390625,2.539722356385025
0.0322265625,2.041659238516435
0.0869140625,0.341291305686479
0.1640625,0.26222009599005086
0.2529296875,
0.3525390625,
0.4638671875,
0.560546875,
0.65234375,
0.73828125,
0.794921875,
0.84765625,
0.896484375,
0.9404296875,
0.96484375,
0.984375,
1.0,
