learned_per_gen,power_fit
0.00390625,0.003785155295411658
0.0146484375,2.3881705531269457
0.046875,
0.10546875,
0.181640625,
0.2724609375,
0.3935546875,
0.529296875,
0.6708984375,
0.8125,
0.90625,
0.9580078125,
0.990234375,
1.0,
