learned_per_gen,power_fit
0.00390625,0.00014885804124098494
0.0068359375,2.865533033858675
0.01171875,
0.0185546875,
0.0244140625,
0.03125,
0.044921875,
0.0595703125,
0.0771484375,
0.099609375,
0.13671875,
0.1806640625,
0.2412109375,
0.30078125,
0.3671875,
0.439453125,
0.515625,
0.5927734375,
0.671875,
0.755859375,
0.841796875,
0.9169921875,
0.98046875,
0.9990234375,
1.0,
