learned_per_gen,power_fit
0.00043402777777777775,0.000165769740525136
0.0009765625,2.134396358561577
0.001736111111111111,
0.002495659722222222,
0.0037977430555555555,
0.006510416666666667,
0.009548611111111112,
0.013020833333333334,
0.016710069444444444,
0.022026909722222224,
0.026692708333333332,
0.03211805555555555,
0.03786892361111111,
0.044379340277777776,
0.05197482638888889,
0.061197916666666664,
0.0695529513888889,
0.0791015625,
0.08875868055555555,
0.09895833333333333,
0.11024305555555555,
0.12120225694444445,
0.13444010416666666,
0.14854600694444445,
0.1616753472222222,
0.17567274305555555,
0.189453125,
0.2043185763888889,
0.2189670138888889,
0.23600260416666666,
0.2534722222222222,
0.2705078125,
0.2885199652777778,
0.3068576388888889,
0.3255208333333333,
0.3471137152777778,
0.3687065972222222,
0.390625,
0.4138454861111111,
0.4359809027777778,
0.4585503472222222,
0.4827473958333333,
0.5086805555555556,
0.5315755208333334,
0.5575086805555556,
0.5843098958333334,
0.6108940972222222,
0.6399739583333334,
0.6671006944444444,
0.6988932291666666,
0.7284071180555556,
0.7612847222222222,
0.7903645833333334,
0.8200954861111112,
0.849609375,
0.8736979166666666,
0.8909505208333334,
0.9065755208333334,
0.9226345486111112,
0.9377170138888888,
0.9496527777777778,
0.9609375,
0.9691840277777778,
0.9763454861111112,
0.9828559027777778,
0.9887152777777778,
0.9926215277777778,
0.9959852430555556,
0.9983723958333334,
0.9996744791666666,
1.0,
