learned_per_gen,power_fit
0.00390625,0.01282094742419181
0.015625,1.4815081254392446
0.03125,
0.0615234375,
0.109375,
0.166015625,
0.2236328125,
0.291015625,
0.359375,
0.419921875,
0.4765625,
0.5341796875,
0.58203125,
0.6259765625,
0.6640625,
0.693359375,
0.7255859375,
0.7529296875,
0.7783203125,
0.810546875,
0.83984375,
0.865234375,
0.8876953125,
0.9140625,
0.9462890625,
0.9697265625,
0.9873046875,
0.9970703125,
1.0,
