learned_per_gen,power_fit
0.0009765625,0.0013286921482721977
0.007080078125,2.411261422648905
0.022216796875,
0.044677734375,
0.074951171875,
0.1123046875,
0.158203125,
0.2109375,
0.271484375,
0.33935546875,
0.41455078125,
0.49609375,
0.58837890625,
0.685546875,
0.792724609375,
0.9091796875,
0.98095703125,
0.997802734375,
1.0,
