learned_per_gen,power_fit
0.0009765625,3.279758863767684
0.0068359375,3.5932744190786683
0.02099609375,0.4793857540731692
0.042236328125,0.5862830358892201
0.072998046875,
0.111572265625,
0.1572265625,
0.210205078125,
0.270751953125,
0.33935546875,
0.413818359375,
0.49658203125,
0.58740234375,
0.6865234375,
0.792724609375,
0.907958984375,
0.980224609375,
0.996337890625,
1.0,
