learned_per_gen,power_fit
0.000244140625,0.00020123665623903212
0.0008544921875,2.1453658316488946
0.00189208984375,
0.00396728515625,
0.0062255859375,
0.00927734375,
0.01263427734375,
0.01666259765625,
0.021484375,
0.02716064453125,
0.03375244140625,
0.0401611328125,
0.04779052734375,
0.05694580078125,
0.06640625,
0.07696533203125,
0.08709716796875,
0.0980224609375,
0.111083984375,
0.12469482421875,
0.13836669921875,
0.154052734375,
0.1712646484375,
0.18829345703125,
0.206787109375,
0.22552490234375,
0.24346923828125,
0.26336669921875,
0.28399658203125,
0.304931640625,
0.3271484375,
0.34930419921875,
0.3721923828125,
0.394775390625,
0.42034912109375,
0.445556640625,
0.4720458984375,
0.50006103515625,
0.53057861328125,
0.56109619140625,
0.591796875,
0.62188720703125,
0.65350341796875,
0.6844482421875,
0.71612548828125,
0.745361328125,
0.777587890625,
0.80609130859375,
0.83294677734375,
0.85589599609375,
0.87615966796875,
0.89532470703125,
0.91229248046875,
0.927490234375,
0.93963623046875,
0.95025634765625,
0.95941162109375,
0.9677734375,
0.97515869140625,
0.98095703125,
0.9859619140625,
0.98968505859375,
0.9931640625,
0.99658203125,
0.9981689453125,
0.99920654296875,
0.9996337890625,
0.9998779296875,
1.0,
