learned_per_gen,power_fit
0.00390625,0.003450460723860214
0.021484375,2.5430151357531687
0.056640625,
0.119140625,
0.203125,
0.330078125,
0.4873046875,
0.6669921875,
0.822265625,
0.9482421875,
0.9892578125,
1.0,
