learned_per_gen,power_fit
0.0,0.15073510341058224
0.306640625,0.9982290907188955
0.521484375,
0.6640625,
0.763671875,
0.837890625,
0.87890625,
0.9208984375,
0.94140625,
0.962890625,
0.966796875,
0.9755859375,
0.9833984375,
0.9892578125,
0.990234375,
0.9921875,
0.9970703125,
0.998046875,
0.998046875,
0.9990234375,
1.0,
