learned_per_gen,power_fit
0.00390625,0.000722279118718623
0.0078125,2.3479277175035347
0.0126953125,
0.0224609375,
0.0322265625,
0.0537109375,
0.076171875,
0.1005859375,
0.1171875,
0.1494140625,
0.1953125,
0.25390625,
0.30078125,
0.357421875,
0.4150390625,
0.4541015625,
0.5078125,
0.57421875,
0.64453125,
0.7294921875,
0.8046875,
0.8662109375,
0.91796875,
0.9482421875,
0.974609375,
0.9873046875,
0.9970703125,
0.9990234375,
1.0,
