learned_per_gen,power_fit
0.0,0.21659919082807225
0.5086805555555556,0.9284124577432791
0.7100694444444444,
0.8159722222222222,
0.87890625,
0.9201388888888888,
0.9418402777777778,
0.9605034722222222,
0.9748263888888888,
0.984375,
0.98828125,
0.9926215277777778,
0.9947916666666666,
0.9956597222222222,
0.9969618055555556,
0.9973958333333334,
0.9986979166666666,
0.9991319444444444,
0.9995659722222222,
1.0,
