learned_per_gen,power_fit
0.00390625,0.0025799006721234467
0.013671875,2.2473724238740567
0.0283203125,
0.05078125,
0.0908203125,
0.138671875,
0.208984375,
0.2841796875,
0.3603515625,
0.4619140625,
0.5576171875,
0.6357421875,
0.728515625,
0.83203125,
0.9013671875,
0.9443359375,
0.96875,
0.986328125,
0.9931640625,
0.9970703125,
0.9990234375,
1.0,
