learned_per_gen,power_fit
0.0009765625,3.5872284652449915
0.006103515625,3.333065303973197
0.018310546875,0.5046882564404732
0.0380859375,0.5225845521555006
0.063720703125,
0.097412109375,
0.13720703125,
0.183837890625,
0.2392578125,
0.30078125,
0.36962890625,
0.449462890625,
0.5322265625,
0.621337890625,
0.720947265625,
0.82568359375,
0.9130859375,
0.96337890625,
0.9892578125,
0.99755859375,
0.999755859375,
1.0,
