learned_per_gen,power_fit
0.00390625,0.00626608272266434
0.01171875,1.792608825840033
0.029296875,
0.0546875,
0.095703125,
0.1435546875,
0.2080078125,
0.2724609375,
0.341796875,
0.40625,
0.46875,
0.5361328125,
0.6015625,
0.6669921875,
0.720703125,
0.76953125,
0.818359375,
0.8583984375,
0.8857421875,
0.9140625,
0.939453125,
0.9580078125,
0.9755859375,
0.9892578125,
0.9990234375,
1.0,
