learned_per_gen,power_fit
0.00390625,0.0022023334180479065
0.01171875,2.1109228993600153
0.02734375,
0.0458984375,
0.06640625,
0.095703125,
0.1328125,
0.1748046875,
0.2236328125,
0.2861328125,
0.349609375,
0.41796875,
0.494140625,
0.5703125,
0.66015625,
0.7607421875,
0.849609375,
0.9150390625,
0.9619140625,
0.9814453125,
0.9951171875,
0.9990234375,
1.0,
