learned_per_gen,power_fit
0.00390625,2.49805579813189
0.015625,2.8971733861519247
0.046875,0.4478896430605087
0.1025390625,0.6264091625541586
0.1650390625,
0.259765625,
0.384765625,
0.5302734375,
0.6875,
0.830078125,
0.9228515625,
0.9716796875,
0.994140625,
1.0,
