learned_per_gen,power_fit
0.00390625,0.003876961304452858
0.0126953125,1.8981796950873888
0.0302734375,
0.0517578125,
0.0810546875,
0.115234375,
0.166015625,
0.2060546875,
0.24609375,
0.298828125,
0.3642578125,
0.439453125,
0.5107421875,
0.580078125,
0.669921875,
0.7578125,
0.83984375,
0.90234375,
0.9404296875,
0.9716796875,
0.986328125,
0.9912109375,
0.9951171875,
1.0,
