learned_per_gen,power_fit
0.00390625,0.0009059851852129695
0.0068359375,2.3764268897335743
0.0126953125,
0.025390625,
0.041015625,
0.060546875,
0.0908203125,
0.123046875,
0.1669921875,
0.2197265625,
0.2724609375,
0.3388671875,
0.3955078125,
0.4697265625,
0.5458984375,
0.6220703125,
0.7138671875,
0.7890625,
0.8505859375,
0.9111328125,
0.9443359375,
0.9677734375,
0.98046875,
0.994140625,
1.0,
