learned_per_gen,power_fit
0.00390625,0.0035503390078428583
0.0166015625,2.4577329298044597
0.05078125,
0.10546875,
0.1962890625,
0.3076171875,
0.4453125,
0.626953125,
0.791015625,
0.91015625,
0.9765625,
0.998046875,
1.0,
