learned_per_gen,power_fit
0.00390625,0.0024094538116513167
0.0146484375,2.300075008010525
0.02734375,
0.0498046875,
0.091796875,
0.1494140625,
0.21484375,
0.2978515625,
0.3759765625,
0.4765625,
0.5791015625,
0.6826171875,
0.7783203125,
0.8681640625,
0.9296875,
0.970703125,
0.9931640625,
0.9990234375,
1.0,
