learned_per_gen,power_fit
0.0009765625,0.0008203501746828542
0.004638671875,2.379665627081721
0.01025390625,
0.019287109375,
0.0361328125,
0.05908203125,
0.086181640625,
0.1142578125,
0.152587890625,
0.197998046875,
0.2470703125,
0.304443359375,
0.36572265625,
0.4326171875,
0.502197265625,
0.581787109375,
0.66259765625,
0.74609375,
0.8193359375,
0.8837890625,
0.931884765625,
0.96484375,
0.984619140625,
0.99609375,
0.9990234375,
1.0,
