learned_per_gen,power_fit
0.00043402777777777775,0.0009406412968213708
0.0009765625,1.727105316342662
0.0014105902777777778,
0.0032552083333333335,
0.006510416666666667,
0.009765625,
0.014756944444444444,
0.01953125,
0.025716145833333332,
0.033637152777777776,
0.04220920138888889,
0.05186631944444445,
0.062174479166666664,
0.07367621527777778,
0.08506944444444445,
0.0984157986111111,
0.1125217013888889,
0.12879774305555555,
0.1430121527777778,
0.1586371527777778,
0.1762152777777778,
0.1945529513888889,
0.21397569444444445,
0.23350694444444445,
0.2523871527777778,
0.2710503472222222,
0.2900390625,
0.3080512152777778,
0.3279079861111111,
0.3472222222222222,
0.3668619791666667,
0.3874782986111111,
0.4070095486111111,
0.4271918402777778,
0.4470486111111111,
0.4672309027777778,
0.4890407986111111,
0.5086805555555556,
0.5305989583333334,
0.552734375,
0.5753038194444444,
0.5965711805555556,
0.6170789930555556,
0.6368272569444444,
0.6564670138888888,
0.6743706597222222,
0.6946614583333334,
0.7137586805555556,
0.7331814236111112,
0.7501085069444444,
0.7651909722222222,
0.7786458333333334,
0.7905815972222222,
0.8003472222222222,
0.8114149305555556,
0.8212890625,
0.8311631944444444,
0.8406032986111112,
0.8500434027777778,
0.857421875,
0.8656684027777778,
0.8736979166666666,
0.8810763888888888,
0.8885633680555556,
0.8956163194444444,
0.9016927083333334,
0.9079861111111112,
0.9137369791666666,
0.9215494791666666,
0.9287109375,
0.9347873263888888,
0.94140625,
0.9466145833333334,
0.9517144097222222,
0.9563802083333334,
0.9611545138888888,
0.9651692708333334,
0.9709201388888888,
0.9754774305555556,
0.9794921875,
0.9837239583333334,
0.9875217013888888,
0.9912109375,
0.9942491319444444,
0.9957682291666666,
0.998046875,
0.9992404513888888,
0.9997829861111112,
0.9998914930555556,
0.9998914930555556,
0.9998914930555556,
1.0,
