learned_per_gen,power_fit
0.00390625,0.0017171229108534855
0.013671875,2.333351261476566
0.0302734375,
0.05078125,
0.078125,
0.107421875,
0.154296875,
0.2138671875,
0.294921875,
0.3701171875,
0.462890625,
0.556640625,
0.6591796875,
0.7490234375,
0.8447265625,
0.923828125,
0.9638671875,
0.9853515625,
0.9951171875,
0.998046875,
1.0,
