learned_per_gen,power_fit
0.00390625,0.009244254266784926
0.0166015625,1.6985909209171508
0.0439453125,
0.08203125,
0.1259765625,
0.1787109375,
0.2421875,
0.30859375,
0.38671875,
0.46875,
0.5673828125,
0.6669921875,
0.7470703125,
0.810546875,
0.8759765625,
0.91796875,
0.9560546875,
0.970703125,
0.98046875,
0.984375,
0.9912109375,
0.994140625,
0.99609375,
0.9970703125,
0.9970703125,
0.998046875,
0.9990234375,
0.9990234375,
0.9990234375,
1.0,
