learned_per_gen,power_fit
0.00043402777777777775,0.0014931000276732563
0.001736111111111111,1.7584357402851012
0.004665798611111111,
0.009765625,
0.014973958333333334,
0.023003472222222224,
0.03396267361111111,
0.045247395833333336,
0.05859375,
0.07454427083333333,
0.0929904513888889,
0.11197916666666667,
0.13563368055555555,
0.15950520833333334,
0.1804470486111111,
0.2013888888888889,
0.2209201388888889,
0.24327256944444445,
0.2681206597222222,
0.2924262152777778,
0.3213975694444444,
0.3475477430555556,
0.3764105902777778,
0.4029947916666667,
0.4320746527777778,
0.4618055555555556,
0.4919704861111111,
0.5251736111111112,
0.5593532986111112,
0.5921223958333334,
0.6200086805555556,
0.6465928819444444,
0.6716579861111112,
0.6959635416666666,
0.7166883680555556,
0.7392578125,
0.7590060763888888,
0.7777777777777778,
0.7958984375,
0.8098958333333334,
0.8244357638888888,
0.837890625,
0.8525390625,
0.8668619791666666,
0.8804253472222222,
0.8932291666666666,
0.9046223958333334,
0.9157986111111112,
0.9262152777777778,
0.9353298611111112,
0.9447699652777778,
0.9542100694444444,
0.9636501736111112,
0.9700520833333334,
0.9763454861111112,
0.9833984375,
0.9883897569444444,
0.9918619791666666,
0.9946831597222222,
0.9971788194444444,
0.9993489583333334,
0.9998914930555556,
1.0,
