learned_per_gen,power_fit
0.0009765625,0.0016026063453419657
0.00390625,1.9164377904809642
0.010498046875,
0.023193359375,
0.040771484375,
0.061767578125,
0.08642578125,
0.113037109375,
0.138671875,
0.167724609375,
0.201416015625,
0.233642578125,
0.2685546875,
0.306884765625,
0.345458984375,
0.38916015625,
0.428955078125,
0.47021484375,
0.510009765625,
0.545654296875,
0.58740234375,
0.62744140625,
0.67138671875,
0.714599609375,
0.7548828125,
0.794189453125,
0.82373046875,
0.852783203125,
0.877685546875,
0.900146484375,
0.921630859375,
0.941162109375,
0.956787109375,
0.966552734375,
0.97265625,
0.9775390625,
0.9814453125,
0.9853515625,
0.98876953125,
0.991455078125,
0.993408203125,
0.995361328125,
0.9970703125,
0.99853515625,
0.999755859375,
1.0,
