learned_per_gen,power_fit
0.00390625,0.0023791599085288754
0.0107421875,2.0180940478018767
0.021484375,
0.03515625,
0.060546875,
0.0888671875,
0.12109375,
0.158203125,
0.205078125,
0.248046875,
0.2978515625,
0.3564453125,
0.4228515625,
0.4921875,
0.5673828125,
0.6318359375,
0.724609375,
0.80859375,
0.8681640625,
0.9208984375,
0.9560546875,
0.982421875,
0.9892578125,
0.9951171875,
0.9990234375,
1.0,
