learned_per_gen,power_fit
0.000244140625,8.405904757484528e-5
0.00079345703125,2.1190318323712383
0.00115966796875,
0.001708984375,
0.002685546875,
0.00421142578125,
0.00592041015625,
0.007568359375,
0.0093994140625,
0.011474609375,
0.01397705078125,
0.01617431640625,
0.01904296875,
0.0220947265625,
0.02471923828125,
0.02880859375,
0.03314208984375,
0.03753662109375,
0.042724609375,
0.04815673828125,
0.0537109375,
0.059326171875,
0.0660400390625,
0.07208251953125,
0.07806396484375,
0.084716796875,
0.09222412109375,
0.09893798828125,
0.10601806640625,
0.1131591796875,
0.12158203125,
0.1295166015625,
0.13763427734375,
0.147216796875,
0.156005859375,
0.16619873046875,
0.17633056640625,
0.186767578125,
0.197265625,
0.2078857421875,
0.2197265625,
0.23114013671875,
0.24407958984375,
0.256103515625,
0.26806640625,
0.28070068359375,
0.29339599609375,
0.30682373046875,
0.32086181640625,
0.3341064453125,
0.3487548828125,
0.36456298828125,
0.3795166015625,
0.3944091796875,
0.4093017578125,
0.42474365234375,
0.4404296875,
0.45513916015625,
0.471435546875,
0.48834228515625,
0.5054931640625,
0.52447509765625,
0.54193115234375,
0.5599365234375,
0.5791015625,
0.59820556640625,
0.61505126953125,
0.63525390625,
0.65618896484375,
0.677001953125,
0.6978759765625,
0.7177734375,
0.7384033203125,
0.75958251953125,
0.77838134765625,
0.7977294921875,
0.815673828125,
0.83197021484375,
0.84564208984375,
0.85931396484375,
0.87103271484375,
0.8828125,
0.8941650390625,
0.90478515625,
0.91510009765625,
0.9249267578125,
0.93402099609375,
0.9417724609375,
0.949462890625,
0.95660400390625,
0.96246337890625,
0.96771240234375,
0.9732666015625,
0.97772216796875,
0.98162841796875,
0.9844970703125,
0.9871826171875,
0.98956298828125,
0.99200439453125,
0.99371337890625,
0.9951171875,
0.996337890625,
0.99737548828125,
0.99835205078125,
0.9991455078125,
0.99969482421875,
0.9998779296875,
0.9998779296875,
1.0,
