learned_per_gen,power_fit
0.00390625,0.0155325557695582
0.0322265625,1.5427259052979323
0.0673828125,
0.1142578125,
0.1748046875,
0.25,
0.3193359375,
0.3935546875,
0.4716796875,
0.55078125,
0.6396484375,
0.7236328125,
0.7861328125,
0.8388671875,
0.8896484375,
0.9375,
0.970703125,
0.98828125,
0.994140625,
0.99609375,
0.9990234375,
0.9990234375,
0.9990234375,
0.9990234375,
1.0,
