learned_per_gen,power_fit
0.00390625,0.004500730046373684
0.0283203125,2.575970578417277
0.087890625,
0.1767578125,
0.2998046875,
0.44921875,
0.6298828125,
0.84375,
0.9873046875,
1.0,
