learned_per_gen,power_fit
0.0,0.1744127229561934
0.4981553819444444,1.215434373200654
0.7469618055555556,
0.8734809027777778,
0.9337022569444444,
0.9669053819444444,
0.9842664930555556,
0.9929470486111112,
0.9968532986111112,
0.9983723958333334,
0.9994574652777778,
0.9998914930555556,
1.0,
