learned_per_gen,power_fit
0.00043402777777777775,0.00637752931782653
0.0013020833333333333,1.2281163496647907
0.003472222222222222,
0.006510416666666667,
0.011610243055555556,
0.018771701388888888,
0.025716145833333332,
0.034505208333333336,
0.0439453125,
0.05555555555555555,
0.0673828125,
0.0810546875,
0.09581163194444445,
0.11284722222222222,
0.13053385416666666,
0.150390625,
0.1685112847222222,
0.19129774305555555,
0.2143012152777778,
0.2353515625,
0.2583550347222222,
0.2804904513888889,
0.3032769097222222,
0.3266059027777778,
0.3502604166666667,
0.3731553819444444,
0.3942057291666667,
0.4165581597222222,
0.4370659722222222,
0.4577907986111111,
0.4807942708333333,
0.5001085069444444,
0.5210503472222222,
0.5374348958333334,
0.5534939236111112,
0.5675998263888888,
0.5812717013888888,
0.5948350694444444,
0.6079644097222222,
0.6205512152777778,
0.6333550347222222,
0.6437717013888888,
0.6550564236111112,
0.6667751736111112,
0.6802300347222222,
0.6912977430555556,
0.7033420138888888,
0.7157118055555556,
0.7275390625,
0.73828125,
0.7494574652777778,
0.7605251736111112,
0.7720269097222222,
0.7834201388888888,
0.7954644097222222,
0.8058810763888888,
0.8155381944444444,
0.8234592013888888,
0.8336588541666666,
0.8422309027777778,
0.8505859375,
0.8585069444444444,
0.8655598958333334,
0.8722873263888888,
0.8781467013888888,
0.8845486111111112,
0.8907335069444444,
0.8975694444444444,
0.9026692708333334,
0.9079861111111112,
0.9126519097222222,
0.9172092013888888,
0.9216579861111112,
0.9251302083333334,
0.9299045138888888,
0.9346788194444444,
0.9396701388888888,
0.9442274305555556,
0.9483506944444444,
0.9514973958333334,
0.9551866319444444,
0.9590928819444444,
0.9625651041666666,
0.9663628472222222,
0.9691840277777778,
0.9722222222222222,
0.974609375,
0.9763454861111112,
0.9790581597222222,
0.9810112847222222,
0.9836154513888888,
0.9856770833333334,
0.9877387152777778,
0.9890407986111112,
0.9904513888888888,
0.9917534722222222,
0.9938151041666666,
0.9949001736111112,
0.99609375,
0.9972873263888888,
0.998046875,
0.9984809027777778,
0.9992404513888888,
0.9996744791666666,
0.9998914930555556,
1.0,
