learned_per_gen,power_fit
0.00390625,0.001459918022389698
0.009765625,2.1353595881542993
0.017578125,
0.037109375,
0.0546875,
0.072265625,
0.091796875,
0.115234375,
0.1484375,
0.197265625,
0.248046875,
0.298828125,
0.3515625,
0.4150390625,
0.486328125,
0.5595703125,
0.642578125,
0.7314453125,
0.802734375,
0.869140625,
0.9306640625,
0.9755859375,
0.998046875,
1.0,
