learned_per_gen,power_fit
0.0,0.15215414350850673
0.359619140625,1.098159504392859
0.588134765625,
0.73876953125,
0.82666015625,
0.886474609375,
0.923583984375,
0.95068359375,
0.96484375,
0.977783203125,
0.984130859375,
0.9892578125,
0.992919921875,
0.995361328125,
0.9970703125,
0.997802734375,
0.998779296875,
0.999267578125,
0.99951171875,
1.0,
