learned_per_gen,power_fit
0.00390625,0.0022892368085081515
0.0126953125,2.0521966887708865
0.0263671875,
0.041015625,
0.0654296875,
0.0927734375,
0.12109375,
0.1611328125,
0.208984375,
0.25390625,
0.3154296875,
0.3720703125,
0.4462890625,
0.529296875,
0.6103515625,
0.703125,
0.7890625,
0.8720703125,
0.92578125,
0.95703125,
0.9765625,
0.9921875,
0.998046875,
0.9990234375,
1.0,
