learned_per_gen,power_fit
0.0009765625,0.0009304919828334767
0.003662109375,2.0133696352648043
0.008056640625,
0.01513671875,
0.02392578125,
0.0341796875,
0.046875,
0.061279296875,
0.078125,
0.096435546875,
0.116455078125,
0.138427734375,
0.16259765625,
0.189208984375,
0.217529296875,
0.247802734375,
0.280029296875,
0.31396484375,
0.35009765625,
0.3876953125,
0.427978515625,
0.4697265625,
0.513427734375,
0.55908203125,
0.607177734375,
0.656494140625,
0.70849609375,
0.761962890625,
0.817138671875,
0.875,
0.9345703125,
0.99560546875,
1.0,
