learned_per_gen,power_fit
0.00390625,0.003052500479580146
0.0166015625,2.3276010414761674
0.0390625,
0.080078125,
0.1279296875,
0.2001953125,
0.279296875,
0.384765625,
0.509765625,
0.6474609375,
0.77734375,
0.8759765625,
0.9423828125,
0.978515625,
0.9931640625,
0.9970703125,
0.9990234375,
1.0,
