learned_per_gen,power_fit
0.0,0.27401831162632634
0.43359375,0.5854383024170201
0.6396484375,
0.716796875,
0.767578125,
0.822265625,
0.8515625,
0.8798828125,
0.9033203125,
0.927734375,
0.9375,
0.9482421875,
0.95703125,
0.9619140625,
0.9677734375,
0.9716796875,
0.9755859375,
0.984375,
0.984375,
0.986328125,
0.986328125,
0.9873046875,
0.98828125,
0.9892578125,
0.9912109375,
0.9921875,
0.99609375,
0.9970703125,
0.9970703125,
0.9970703125,
0.9970703125,
0.998046875,
1.0,
