learned_per_gen,power_fit
0.0009765625,0.0012624246521552016
0.004638671875,2.3197771497823054
0.014404296875,
0.030517578125,
0.051513671875,
0.079345703125,
0.116943359375,
0.158203125,
0.208251953125,
0.262939453125,
0.327880859375,
0.39599609375,
0.47509765625,
0.560302734375,
0.6513671875,
0.755126953125,
0.845947265625,
0.91796875,
0.9580078125,
0.983154296875,
0.99462890625,
1.0,
