learned_per_gen,power_fit
0.00390625,0.0005751529784307477
0.005859375,2.3200915324708387
0.0068359375,
0.0126953125,
0.0263671875,
0.03515625,
0.0498046875,
0.07421875,
0.0927734375,
0.1171875,
0.146484375,
0.1865234375,
0.2265625,
0.2646484375,
0.3046875,
0.3564453125,
0.4013671875,
0.4599609375,
0.517578125,
0.5751953125,
0.640625,
0.7109375,
0.7958984375,
0.869140625,
0.9169921875,
0.9443359375,
0.970703125,
0.986328125,
0.994140625,
0.9970703125,
1.0,
