learned_per_gen,power_fit
0.00390625,0.002202100836626289
0.013671875,1.9911766077812485
0.02734375,
0.0380859375,
0.0556640625,
0.078125,
0.10546875,
0.138671875,
0.173828125,
0.21484375,
0.255859375,
0.3037109375,
0.373046875,
0.451171875,
0.5244140625,
0.59765625,
0.673828125,
0.75,
0.810546875,
0.880859375,
0.9326171875,
0.9658203125,
0.9892578125,
0.998046875,
1.0,
