learned_per_gen,power_fit
0.00390625,0.0030590477610226334
0.0107421875,1.948839613469539
0.0146484375,
0.03125,
0.0556640625,
0.0869140625,
0.1279296875,
0.1650390625,
0.2099609375,
0.263671875,
0.3427734375,
0.4150390625,
0.4833984375,
0.5400390625,
0.5947265625,
0.64453125,
0.6943359375,
0.744140625,
0.794921875,
0.837890625,
0.8720703125,
0.90234375,
0.92578125,
0.9365234375,
0.951171875,
0.962890625,
0.9716796875,
0.978515625,
0.986328125,
0.99609375,
0.9990234375,
1.0,
