learned_per_gen,power_fit
0.0,0.14537333734800836
0.578125,1.634076869087224
0.833984375,
0.943359375,
0.9736328125,
0.990234375,
0.9931640625,
0.9990234375,
0.9990234375,
0.9990234375,
0.9990234375,
1.0,
