learned_per_gen,power_fit
0.00390625,2.7906738387461703
0.0166015625,2.085537961682355
0.0498046875,0.4658150895572381
0.103515625,0.411980613626059
0.1748046875,
0.27734375,
0.396484375,
0.5498046875,
0.701171875,
0.83984375,
0.923828125,
0.9638671875,
0.9912109375,
0.998046875,
1.0,
