learned_per_gen,power_fit
0.00390625,0.0011974318172032947
0.0107421875,2.191789292272196
0.0166015625,
0.0263671875,
0.0419921875,
0.064453125,
0.083984375,
0.1142578125,
0.1513671875,
0.1865234375,
0.2314453125,
0.2783203125,
0.3291015625,
0.3759765625,
0.44921875,
0.533203125,
0.6171875,
0.69140625,
0.755859375,
0.814453125,
0.849609375,
0.880859375,
0.9091796875,
0.935546875,
0.9541015625,
0.970703125,
0.984375,
0.9951171875,
0.9990234375,
0.9990234375,
1.0,
