learned_per_gen,power_fit
0.0,0.16660083819289165
0.4014756944444444,1.0701266667667195
0.6193576388888888,
0.7721354166666666,
0.8671875,
0.9188368055555556,
0.9539930555555556,
0.9774305555555556,
0.9861111111111112,
0.9895833333333334,
0.9930555555555556,
0.9943576388888888,
0.99609375,
0.9978298611111112,
0.9986979166666666,
0.9991319444444444,
0.9995659722222222,
0.9995659722222222,
0.9995659722222222,
1.0,
