learned_per_gen,power_fit
0.00390625,0.0030607205480752257
0.0126953125,1.9195871104438966
0.025390625,
0.0419921875,
0.0654296875,
0.0966796875,
0.130859375,
0.169921875,
0.2109375,
0.2578125,
0.30078125,
0.3544921875,
0.4208984375,
0.4794921875,
0.556640625,
0.630859375,
0.712890625,
0.7958984375,
0.86328125,
0.912109375,
0.9462890625,
0.966796875,
0.98046875,
0.98828125,
0.9931640625,
0.99609375,
0.99609375,
0.9970703125,
0.9970703125,
0.998046875,
0.9990234375,
1.0,
