learned_per_gen,power_fit
0.000244140625,0.00018654884901249063
0.000732421875,2.047408613659796
0.001708984375,
0.0029296875,
0.004638671875,
0.00701904296875,
0.009521484375,
0.01275634765625,
0.0164794921875,
0.020263671875,
0.02484130859375,
0.029541015625,
0.03509521484375,
0.04095458984375,
0.04754638671875,
0.0543212890625,
0.0614013671875,
0.06890869140625,
0.0770263671875,
0.085693359375,
0.09478759765625,
0.10443115234375,
0.11456298828125,
0.1251220703125,
0.1357421875,
0.1475830078125,
0.15924072265625,
0.17218017578125,
0.18499755859375,
0.198974609375,
0.21270751953125,
0.22705078125,
0.2418212890625,
0.2569580078125,
0.27294921875,
0.28961181640625,
0.3065185546875,
0.3233642578125,
0.3408203125,
0.35894775390625,
0.37762451171875,
0.3963623046875,
0.4168701171875,
0.437255859375,
0.45709228515625,
0.4783935546875,
0.49993896484375,
0.52142333984375,
0.54302978515625,
0.56597900390625,
0.58892822265625,
0.61151123046875,
0.63543701171875,
0.659423828125,
0.68463134765625,
0.7100830078125,
0.736328125,
0.7635498046875,
0.7911376953125,
0.8184814453125,
0.84686279296875,
0.87554931640625,
0.904541015625,
0.93359375,
0.953369140625,
0.96527099609375,
0.973876953125,
0.98101806640625,
0.98687744140625,
0.99139404296875,
0.994384765625,
0.9967041015625,
0.99859619140625,
0.99981689453125,
1.0,
