learned_per_gen,power_fit
0.0,0.22346236618195467
0.4522569444444444,0.832622656691879
0.6736111111111112,
0.7808159722222222,
0.8550347222222222,
0.9040798611111112,
0.9409722222222222,
0.9552951388888888,
0.9657118055555556,
0.9752604166666666,
0.9796006944444444,
0.9856770833333334,
0.9900173611111112,
0.9926215277777778,
0.9952256944444444,
0.9965277777777778,
0.9982638888888888,
0.9982638888888888,
0.9995659722222222,
0.9995659722222222,
0.9995659722222222,
0.9995659722222222,
1.0,
