learned_per_gen,power_fit
0.00390625,0.002754833636719816
0.013671875,2.585923193361678
0.04296875,
0.099609375,
0.1796875,
0.2841796875,
0.4208984375,
0.576171875,
0.7314453125,
0.857421875,
0.947265625,
0.982421875,
0.998046875,
1.0,
