learned_per_gen,power_fit
0.00390625,0.022518899078713638
0.01953125,1.3536695729841335
0.05859375,
0.1123046875,
0.185546875,
0.2578125,
0.3369140625,
0.41796875,
0.474609375,
0.5224609375,
0.5810546875,
0.6376953125,
0.69140625,
0.7392578125,
0.7763671875,
0.8203125,
0.8564453125,
0.890625,
0.9267578125,
0.951171875,
0.9697265625,
0.9833984375,
0.990234375,
0.99609375,
0.998046875,
1.0,
