learned_per_gen,power_fit
0.001736111111111111,0.0036261623606542743
0.014322916666666666,2.256621285353828
0.04210069444444445,
0.08246527777777778,
0.1388888888888889,
0.20833333333333334,
0.2912326388888889,
0.3875868055555556,
0.4969618055555556,
0.62109375,
0.7599826388888888,
0.9110243055555556,
0.9969618055555556,
1.0,
