learned_per_gen,power_fit
0.00390625,0.019593862734487738
0.0234375,1.4412348566374662
0.0654296875,
0.123046875,
0.203125,
0.275390625,
0.3447265625,
0.404296875,
0.4755859375,
0.5478515625,
0.6162109375,
0.68359375,
0.7490234375,
0.802734375,
0.849609375,
0.88671875,
0.916015625,
0.9404296875,
0.962890625,
0.9765625,
0.9873046875,
0.99609375,
0.9990234375,
1.0,
