learned_per_gen,power_fit
0.000244140625,0.00012123359049669796
0.00054931640625,1.9360712743381483
0.0009765625,
0.00152587890625,
0.00238037109375,
0.00372314453125,
0.0048828125,
0.00628662109375,
0.008544921875,
0.01031494140625,
0.01220703125,
0.01446533203125,
0.01641845703125,
0.0191650390625,
0.02197265625,
0.0250244140625,
0.0281982421875,
0.031005859375,
0.0340576171875,
0.03692626953125,
0.040771484375,
0.04449462890625,
0.04876708984375,
0.05340576171875,
0.05755615234375,
0.0621337890625,
0.06683349609375,
0.071533203125,
0.07684326171875,
0.08282470703125,
0.088623046875,
0.093994140625,
0.0997314453125,
0.10662841796875,
0.112060546875,
0.11834716796875,
0.125,
0.13165283203125,
0.138916015625,
0.14630126953125,
0.15374755859375,
0.16180419921875,
0.1702880859375,
0.177734375,
0.18670654296875,
0.1954345703125,
0.203857421875,
0.21270751953125,
0.221923828125,
0.23236083984375,
0.241943359375,
0.25103759765625,
0.26226806640625,
0.2730712890625,
0.28375244140625,
0.295654296875,
0.30621337890625,
0.31573486328125,
0.32733154296875,
0.3388671875,
0.35040283203125,
0.36114501953125,
0.373046875,
0.385009765625,
0.39874267578125,
0.41168212890625,
0.42608642578125,
0.44049072265625,
0.453857421875,
0.46820068359375,
0.48236083984375,
0.4976806640625,
0.51300048828125,
0.52801513671875,
0.542724609375,
0.558349609375,
0.5740966796875,
0.5906982421875,
0.60693359375,
0.62225341796875,
0.638427734375,
0.65472412109375,
0.66998291015625,
0.6876220703125,
0.7047119140625,
0.72137451171875,
0.73809814453125,
0.7557373046875,
0.771240234375,
0.78765869140625,
0.80120849609375,
0.81549072265625,
0.8271484375,
0.8392333984375,
0.8504638671875,
0.861083984375,
0.87109375,
0.881103515625,
0.89105224609375,
0.89971923828125,
0.90771484375,
0.91644287109375,
0.9248046875,
0.93243408203125,
0.939453125,
0.9461669921875,
0.9527587890625,
0.95843505859375,
0.96380615234375,
0.96893310546875,
0.9737548828125,
0.97833251953125,
0.9822998046875,
0.9859619140625,
0.98919677734375,
0.99151611328125,
0.99322509765625,
0.99493408203125,
0.9964599609375,
0.9974365234375,
0.9979248046875,
0.998291015625,
0.99871826171875,
0.9990234375,
0.999267578125,
0.99951171875,
0.99957275390625,
0.99969482421875,
0.99993896484375,
0.99993896484375,
0.99993896484375,
1.0,
