learned_per_gen,power_fit
0.000244140625,0.00013220036724400627
0.00067138671875,1.9244674786789655
0.00140380859375,
0.001953125,
0.0029296875,
0.00396728515625,
0.0052490234375,
0.0067138671875,
0.008056640625,
0.009765625,
0.0118408203125,
0.01361083984375,
0.01593017578125,
0.01824951171875,
0.02105712890625,
0.02410888671875,
0.02667236328125,
0.03021240234375,
0.033447265625,
0.037109375,
0.0413818359375,
0.04559326171875,
0.0499267578125,
0.053955078125,
0.05889892578125,
0.06396484375,
0.06903076171875,
0.07440185546875,
0.080078125,
0.08599853515625,
0.09222412109375,
0.09832763671875,
0.1051025390625,
0.111328125,
0.11846923828125,
0.1256103515625,
0.1328125,
0.140380859375,
0.14788818359375,
0.15576171875,
0.16387939453125,
0.17291259765625,
0.18157958984375,
0.19085693359375,
0.20062255859375,
0.21038818359375,
0.21881103515625,
0.22784423828125,
0.2376708984375,
0.2471923828125,
0.25738525390625,
0.26715087890625,
0.2779541015625,
0.28826904296875,
0.29949951171875,
0.31072998046875,
0.32244873046875,
0.3350830078125,
0.34600830078125,
0.3590087890625,
0.37103271484375,
0.382568359375,
0.394775390625,
0.4073486328125,
0.42095947265625,
0.43487548828125,
0.448974609375,
0.46246337890625,
0.47674560546875,
0.491455078125,
0.50518798828125,
0.52032470703125,
0.534912109375,
0.54803466796875,
0.563232421875,
0.5792236328125,
0.593994140625,
0.61004638671875,
0.62646484375,
0.64337158203125,
0.65985107421875,
0.67816162109375,
0.69622802734375,
0.71337890625,
0.73138427734375,
0.74920654296875,
0.7667236328125,
0.7838134765625,
0.79962158203125,
0.8148193359375,
0.82928466796875,
0.8438720703125,
0.8575439453125,
0.86968994140625,
0.88128662109375,
0.89154052734375,
0.9012451171875,
0.91015625,
0.91912841796875,
0.92742919921875,
0.93487548828125,
0.94189453125,
0.94842529296875,
0.95452880859375,
0.95989990234375,
0.96624755859375,
0.9718017578125,
0.97711181640625,
0.9814453125,
0.985107421875,
0.9876708984375,
0.98956298828125,
0.99072265625,
0.99237060546875,
0.99462890625,
0.99566650390625,
0.99652099609375,
0.99700927734375,
0.9976806640625,
0.99847412109375,
0.9989013671875,
0.999267578125,
0.99957275390625,
0.99969482421875,
0.99981689453125,
0.9998779296875,
0.99993896484375,
0.99993896484375,
0.99993896484375,
1.0,
