learned_per_gen,power_fit
0.0,0.15600156428996484
0.452392578125,1.2576465199057116
0.695068359375,
0.83447265625,
0.906005859375,
0.9482421875,
0.971923828125,
0.985107421875,
0.99267578125,
0.996337890625,
0.998046875,
0.99853515625,
0.99951171875,
1.0,
