learned_per_gen,power_fit
0.00390625,0.00872688212470449
0.01171875,1.6254805684955125
0.0263671875,
0.0537109375,
0.0966796875,
0.1455078125,
0.19921875,
0.2578125,
0.3203125,
0.3798828125,
0.4501953125,
0.517578125,
0.5830078125,
0.650390625,
0.703125,
0.75390625,
0.796875,
0.833984375,
0.875,
0.9091796875,
0.943359375,
0.96484375,
0.9833984375,
0.994140625,
0.998046875,
0.9990234375,
0.9990234375,
0.9990234375,
0.9990234375,
0.9990234375,
0.9990234375,
1.0,
