learned_per_gen,power_fit
0.0,0.13173805451776735
0.390625,1.3319970058534454
0.63330078125,
0.78857421875,
0.867431640625,
0.915771484375,
0.947265625,
0.968017578125,
0.978759765625,
0.988037109375,
0.992431640625,
0.995361328125,
0.9970703125,
0.9990234375,
0.99951171875,
1.0,
