learned_per_gen,power_fit
0.001736111111111111,0.0012826942181621056
0.006076388888888889,2.4116928122078822
0.016059027777777776,
0.035590277777777776,
0.06076388888888889,
0.0959201388888889,
0.1384548611111111,
0.19270833333333334,
0.2599826388888889,
0.3359375,
0.4118923611111111,
0.4982638888888889,
0.6028645833333334,
0.7109375,
0.8064236111111112,
0.8793402777777778,
0.9348958333333334,
0.9709201388888888,
0.9908854166666666,
0.9982638888888888,
0.9995659722222222,
1.0,
