learned_per_gen,power_fit
0.0,0.15139998956266362
0.595703125,1.6063137688185154
0.83984375,
0.9287109375,
0.9765625,
0.9912109375,
0.998046875,
0.9990234375,
1.0,
