learned_per_gen,power_fit
0.001736111111111111,0.0027078960588557605
0.009982638888888888,2.2708135997506327
0.028645833333333332,
0.06163194444444445,
0.10677083333333333,
0.1605902777777778,
0.22569444444444445,
0.3033854166666667,
0.3971354166666667,
0.5008680555555556,
0.6176215277777778,
0.7417534722222222,
0.8693576388888888,
0.9444444444444444,
0.9765625,
0.9952256944444444,
1.0,
