learned_per_gen,power_fit
0.00390625,0.0050303505491478984
0.0126953125,1.9110759457953412
0.03515625,
0.0634765625,
0.1044921875,
0.154296875,
0.2080078125,
0.2705078125,
0.3359375,
0.4033203125,
0.50390625,
0.587890625,
0.6767578125,
0.7705078125,
0.845703125,
0.90234375,
0.9423828125,
0.978515625,
0.986328125,
0.994140625,
0.994140625,
0.99609375,
0.9970703125,
0.9970703125,
0.998046875,
0.9990234375,
1.0,
