learned_per_gen,power_fit
0.00390625,0.0015558662740087308
0.01171875,2.3220524499259474
0.021484375,
0.0380859375,
0.0634765625,
0.1025390625,
0.142578125,
0.1904296875,
0.2607421875,
0.3251953125,
0.404296875,
0.5009765625,
0.6044921875,
0.70703125,
0.7919921875,
0.8828125,
0.9423828125,
0.9658203125,
0.984375,
0.994140625,
0.99609375,
0.9990234375,
1.0,
