learned_per_gen,power_fit
0.00390625,0.001814079035245855
0.0078125,1.9200410847964342
0.0107421875,
0.017578125,
0.0302734375,
0.044921875,
0.056640625,
0.0771484375,
0.103515625,
0.1357421875,
0.1669921875,
0.21484375,
0.2587890625,
0.310546875,
0.3583984375,
0.4130859375,
0.474609375,
0.5458984375,
0.607421875,
0.66796875,
0.740234375,
0.8037109375,
0.8662109375,
0.9140625,
0.9453125,
0.97265625,
0.9873046875,
0.998046875,
1.0,
