learned_per_gen,power_fit
0.00390625,0.0017195656460607621
0.009765625,1.9934471072731457
0.0166015625,
0.02734375,
0.041015625,
0.0615234375,
0.0869140625,
0.1123046875,
0.140625,
0.1650390625,
0.20703125,
0.240234375,
0.28515625,
0.330078125,
0.373046875,
0.43359375,
0.4931640625,
0.572265625,
0.634765625,
0.6953125,
0.7568359375,
0.814453125,
0.859375,
0.904296875,
0.9326171875,
0.947265625,
0.9609375,
0.9697265625,
0.9833984375,
0.9931640625,
0.9990234375,
0.9990234375,
1.0,
