learned_per_gen,power_fit
0.0,0.34298507644274756
0.4969618055555556,0.452765687275163
0.6662326388888888,
0.7473958333333334,
0.8055555555555556,
0.84375,
0.8771701388888888,
0.9032118055555556,
0.9244791666666666,
0.9388020833333334,
0.94921875,
0.9605034722222222,
0.9657118055555556,
0.96875,
0.9748263888888888,
0.9796006944444444,
0.9830729166666666,
0.9852430555555556,
0.98828125,
0.9895833333333334,
0.9908854166666666,
0.9934895833333334,
0.9943576388888888,
0.9952256944444444,
0.9965277777777778,
0.9978298611111112,
0.9986979166666666,
0.9991319444444444,
0.9991319444444444,
0.9995659722222222,
0.9995659722222222,
0.9995659722222222,
0.9995659722222222,
0.9995659722222222,
0.9995659722222222,
0.9995659722222222,
0.9995659722222222,
0.9995659722222222,
0.9995659722222222,
0.9995659722222222,
0.9995659722222222,
0.9995659722222222,
0.9995659722222222,
0.9995659722222222,
1.0,
