learned_per_gen,power_fit
0.00390625,0.02779022829139445
0.025390625,1.183709710985231
0.0712890625,
0.125,
0.189453125,
0.2470703125,
0.2939453125,
0.33984375,
0.3896484375,
0.4384765625,
0.4853515625,
0.5263671875,
0.5703125,
0.6064453125,
0.6484375,
0.6953125,
0.732421875,
0.767578125,
0.798828125,
0.8291015625,
0.86328125,
0.896484375,
0.931640625,
0.9609375,
0.986328125,
0.9990234375,
1.0,
