learned_per_gen,power_fit
0.0,0.17188340970504618
0.396484375,1.0153840167065185
0.6220703125,
0.7392578125,
0.8076171875,
0.8603515625,
0.90234375,
0.923828125,
0.9453125,
0.962890625,
0.974609375,
0.98046875,
0.9833984375,
0.9892578125,
0.9921875,
0.9951171875,
0.9990234375,
0.9990234375,
1.0,
