learned_per_gen,power_fit
0.00390625,0.023354845461122684
0.0166015625,1.2721747051700476
0.046875,
0.0927734375,
0.1552734375,
0.2236328125,
0.2998046875,
0.3642578125,
0.4248046875,
0.474609375,
0.5166015625,
0.5556640625,
0.587890625,
0.623046875,
0.6591796875,
0.689453125,
0.720703125,
0.7568359375,
0.7880859375,
0.81640625,
0.845703125,
0.869140625,
0.9013671875,
0.9384765625,
0.9716796875,
0.9931640625,
1.0,
