learned_per_gen,power_fit
0.0009765625,0.003989615198266182
0.002197265625,1.6616704046232669
0.005615234375,
0.01513671875,
0.02880859375,
0.045654296875,
0.06640625,
0.093017578125,
0.123046875,
0.16015625,
0.19970703125,
0.24365234375,
0.29150390625,
0.3359375,
0.38671875,
0.431396484375,
0.47607421875,
0.51904296875,
0.56494140625,
0.603271484375,
0.637939453125,
0.669921875,
0.69970703125,
0.728515625,
0.754638671875,
0.777099609375,
0.7998046875,
0.822998046875,
0.844482421875,
0.862060546875,
0.87646484375,
0.890869140625,
0.90185546875,
0.912841796875,
0.923583984375,
0.93408203125,
0.94287109375,
0.951904296875,
0.95947265625,
0.967529296875,
0.974365234375,
0.982177734375,
0.98974609375,
0.993408203125,
0.99755859375,
0.999755859375,
1.0,
