learned_per_gen,power_fit
0.00390625,0.0025980703942097005
0.0126953125,2.159772602648896
0.0263671875,
0.0537109375,
0.0859375,
0.12890625,
0.1748046875,
0.2275390625,
0.2958984375,
0.3720703125,
0.4658203125,
0.5595703125,
0.642578125,
0.7158203125,
0.7919921875,
0.85546875,
0.9228515625,
0.958984375,
0.982421875,
0.9921875,
0.9970703125,
1.0,
