learned_per_gen,power_fit
0.0,0.15405861052021652
0.245849609375,0.8660175837495008
0.43505859375,
0.58203125,
0.68505859375,
0.758544921875,
0.818115234375,
0.85888671875,
0.896484375,
0.9189453125,
0.939453125,
0.952392578125,
0.9638671875,
0.97265625,
0.9794921875,
0.9853515625,
0.98974609375,
0.993408203125,
0.99560546875,
0.9970703125,
0.998291015625,
0.99853515625,
0.99853515625,
0.9990234375,
0.999267578125,
0.999267578125,
0.999755859375,
0.999755859375,
0.999755859375,
1.0,
