learned_per_gen,power_fit
0.00390625,0.0019999798241255385
0.0078125,2.0609167444360206
0.017578125,
0.033203125,
0.0576171875,
0.0791015625,
0.107421875,
0.146484375,
0.185546875,
0.234375,
0.2783203125,
0.333984375,
0.3916015625,
0.4599609375,
0.52734375,
0.6025390625,
0.6943359375,
0.78515625,
0.873046875,
0.9287109375,
0.958984375,
0.9814453125,
0.998046875,
1.0,
