learned_per_gen,power_fit
0.001736111111111111,0.001894507609518093
0.008680555555555556,2.4044170539277414
0.026475694444444444,
0.05251736111111111,
0.08940972222222222,
0.140625,
0.2052951388888889,
0.2829861111111111,
0.3715277777777778,
0.4717881944444444,
0.58203125,
0.7074652777777778,
0.83203125,
0.9266493055555556,
0.9735243055555556,
0.9934895833333334,
0.9995659722222222,
1.0,
