learned_per_gen,power_fit
0.000244140625,0.00010130483731481224
0.00048828125,2.0493727238129242
0.0009765625,
0.00152587890625,
0.00238037109375,
0.00347900390625,
0.0047607421875,
0.00634765625,
0.008544921875,
0.01043701171875,
0.01324462890625,
0.01580810546875,
0.0185546875,
0.02239990234375,
0.02593994140625,
0.02935791015625,
0.03387451171875,
0.03814697265625,
0.0421142578125,
0.0465087890625,
0.05120849609375,
0.05682373046875,
0.06292724609375,
0.06878662109375,
0.0738525390625,
0.07940673828125,
0.08587646484375,
0.09295654296875,
0.09954833984375,
0.10760498046875,
0.11480712890625,
0.12249755859375,
0.13067626953125,
0.1397705078125,
0.14794921875,
0.1575927734375,
0.16693115234375,
0.1759033203125,
0.185302734375,
0.19537353515625,
0.2042236328125,
0.21533203125,
0.22564697265625,
0.23681640625,
0.24847412109375,
0.25994873046875,
0.2711181640625,
0.2830810546875,
0.29437255859375,
0.30767822265625,
0.32037353515625,
0.33221435546875,
0.345458984375,
0.35943603515625,
0.373779296875,
0.387939453125,
0.40191650390625,
0.41583251953125,
0.42974853515625,
0.44683837890625,
0.46112060546875,
0.477783203125,
0.49468994140625,
0.5107421875,
0.526611328125,
0.54339599609375,
0.55963134765625,
0.5775146484375,
0.59539794921875,
0.6126708984375,
0.63104248046875,
0.65045166015625,
0.66949462890625,
0.68634033203125,
0.706298828125,
0.72698974609375,
0.74737548828125,
0.76678466796875,
0.7845458984375,
0.8043212890625,
0.8216552734375,
0.83770751953125,
0.85302734375,
0.86688232421875,
0.88018798828125,
0.8912353515625,
0.9017333984375,
0.91168212890625,
0.9215087890625,
0.93011474609375,
0.93792724609375,
0.94537353515625,
0.95135498046875,
0.9578857421875,
0.96337890625,
0.96868896484375,
0.9732666015625,
0.9775390625,
0.9818115234375,
0.98516845703125,
0.988037109375,
0.99041748046875,
0.99261474609375,
0.99420166015625,
0.99542236328125,
0.99652099609375,
0.99774169921875,
0.9989013671875,
0.9993896484375,
0.999755859375,
0.9998779296875,
0.99993896484375,
0.99993896484375,
0.99993896484375,
0.99993896484375,
0.99993896484375,
1.0,
