learned_per_gen,power_fit
0.00390625,0.0006520665987682557
0.0078125,2.284808585925174
0.013671875,
0.0205078125,
0.0263671875,
0.0361328125,
0.0517578125,
0.0693359375,
0.1015625,
0.12890625,
0.158203125,
0.19140625,
0.224609375,
0.2724609375,
0.3173828125,
0.3759765625,
0.4404296875,
0.49609375,
0.5625,
0.630859375,
0.701171875,
0.7734375,
0.822265625,
0.8740234375,
0.92578125,
0.9619140625,
0.984375,
0.994140625,
1.0,
