learned_per_gen,power_fit
0.001736111111111111,0.0018562810473957082
0.0078125,2.3184261163089954
0.022569444444444444,
0.04600694444444445,
0.07682291666666667,
0.11848958333333333,
0.16666666666666666,
0.2326388888888889,
0.3059895833333333,
0.3836805555555556,
0.4670138888888889,
0.5729166666666666,
0.6762152777777778,
0.7821180555555556,
0.8745659722222222,
0.94140625,
0.9769965277777778,
0.9913194444444444,
0.9982638888888888,
1.0,
