learned_per_gen,power_fit
0.00390625,0.003619126533427135
0.0185546875,2.4643349661900738
0.0556640625,
0.111328125,
0.1884765625,
0.30078125,
0.4375,
0.6005859375,
0.7763671875,
0.9072265625,
0.9716796875,
0.994140625,
0.998046875,
1.0,
