learned_per_gen,power_fit
0.0009765625,0.0006977169051968481
0.00244140625,2.0802102594727114
0.00634765625,
0.0126953125,
0.020263671875,
0.02978515625,
0.04052734375,
0.052490234375,
0.067138671875,
0.083984375,
0.102783203125,
0.1220703125,
0.1455078125,
0.1689453125,
0.19384765625,
0.22314453125,
0.2529296875,
0.285400390625,
0.31884765625,
0.355224609375,
0.39208984375,
0.430419921875,
0.4697265625,
0.51123046875,
0.55615234375,
0.603271484375,
0.65283203125,
0.703125,
0.753173828125,
0.806884765625,
0.862548828125,
0.917724609375,
0.950439453125,
0.970703125,
0.984619140625,
0.99267578125,
0.99755859375,
0.9990234375,
1.0,
