learned_per_gen,power_fit
0.0,0.22920295333852606
0.4053955078125,0.7776410976962229
0.63531494140625,
0.776611328125,
0.857421875,
0.9090576171875,
0.9393310546875,
0.96051025390625,
0.97344970703125,
0.98065185546875,
0.98736572265625,
0.99163818359375,
0.9937744140625,
0.995849609375,
0.9970703125,
0.9981689453125,
0.99859619140625,
0.999267578125,
0.99951171875,
0.99969482421875,
0.99969482421875,
0.999755859375,
0.9998779296875,
0.9998779296875,
0.99993896484375,
0.99993896484375,
1.0,
