learned_per_gen,power_fit
0.0,0.34766594582522914
0.6981201171875,0.6635020581057285
0.91259765625,
0.9720458984375,
0.99078369140625,
0.9970703125,
0.99896240234375,
0.99981689453125,
0.9998779296875,
0.99993896484375,
1.0,
