learned_per_gen,power_fit
0.0,0.17326501960548607
0.494140625,1.1613982524291055
0.693359375,
0.8017578125,
0.873046875,
0.90625,
0.935546875,
0.947265625,
0.9609375,
0.9755859375,
0.9794921875,
0.9833984375,
0.990234375,
0.9970703125,
0.9990234375,
1.0,
