learned_per_gen,power_fit
0.00390625,0.0006024609108031076
0.0068359375,2.3486911874268435
0.01171875,
0.0166015625,
0.025390625,
0.037109375,
0.0556640625,
0.0791015625,
0.1025390625,
0.134765625,
0.166015625,
0.2138671875,
0.25,
0.2958984375,
0.34765625,
0.4052734375,
0.466796875,
0.52734375,
0.5927734375,
0.6591796875,
0.72265625,
0.7822265625,
0.83984375,
0.884765625,
0.9228515625,
0.9453125,
0.9599609375,
0.974609375,
0.9853515625,
0.9912109375,
0.994140625,
0.99609375,
0.9990234375,
1.0,
