learned_per_gen,power_fit
0.0009765625,0.0003942928337368378
0.002197265625,2.118739233046194
0.003662109375,
0.007080078125,
0.01171875,
0.01708984375,
0.024169921875,
0.03271484375,
0.041015625,
0.049072265625,
0.06103515625,
0.072998046875,
0.087646484375,
0.10546875,
0.125,
0.14306640625,
0.162109375,
0.183837890625,
0.203369140625,
0.2255859375,
0.248046875,
0.274169921875,
0.299560546875,
0.329345703125,
0.362060546875,
0.395263671875,
0.426513671875,
0.456787109375,
0.493408203125,
0.531494140625,
0.566162109375,
0.60400390625,
0.637451171875,
0.6767578125,
0.718994140625,
0.757080078125,
0.793212890625,
0.823974609375,
0.851806640625,
0.879150390625,
0.90087890625,
0.91943359375,
0.937744140625,
0.950927734375,
0.96044921875,
0.970947265625,
0.979248046875,
0.985107421875,
0.989501953125,
0.99267578125,
0.994873046875,
0.996826171875,
0.99853515625,
0.99951171875,
1.0,
