learned_per_gen,power_fit
0.00390625,0.0017821033236501724
0.01171875,2.0217790895865377
0.0205078125,
0.03515625,
0.0498046875,
0.0703125,
0.0927734375,
0.1181640625,
0.1435546875,
0.181640625,
0.224609375,
0.2744140625,
0.322265625,
0.3818359375,
0.443359375,
0.509765625,
0.5859375,
0.6630859375,
0.734375,
0.8037109375,
0.8720703125,
0.919921875,
0.9521484375,
0.9775390625,
0.9951171875,
1.0,
