learned_per_gen,power_fit
0.00390625,0.001709146122993834
0.009765625,1.9736421378857012
0.017578125,
0.0234375,
0.03515625,
0.056640625,
0.080078125,
0.109375,
0.1376953125,
0.171875,
0.1953125,
0.2236328125,
0.263671875,
0.3037109375,
0.3544921875,
0.40625,
0.4677734375,
0.517578125,
0.58203125,
0.642578125,
0.6923828125,
0.763671875,
0.8154296875,
0.85546875,
0.896484375,
0.93359375,
0.9755859375,
0.9892578125,
0.99609375,
0.9970703125,
0.9990234375,
0.9990234375,
1.0,
