learned_per_gen,power_fit
0.0009765625,0.0012217734630234846
0.005126953125,2.322306593460849
0.013427734375,
0.02880859375,
0.048583984375,
0.075439453125,
0.109375,
0.153076171875,
0.203369140625,
0.2587890625,
0.32421875,
0.39404296875,
0.466796875,
0.55322265625,
0.642822265625,
0.733154296875,
0.82470703125,
0.904296875,
0.950927734375,
0.978759765625,
0.99462890625,
0.998046875,
0.9990234375,
0.99951171875,
1.0,
