learned_per_gen,power_fit
0.0,0.24450564169065492
0.2899305555555556,0.5857260271201521
0.4978298611111111,
0.6189236111111112,
0.7230902777777778,
0.7890625,
0.8415798611111112,
0.8719618055555556,
0.8975694444444444,
0.9188368055555556,
0.9318576388888888,
0.9435763888888888,
0.9535590277777778,
0.9657118055555556,
0.9722222222222222,
0.9774305555555556,
0.9813368055555556,
0.9835069444444444,
0.9869791666666666,
0.9913194444444444,
0.9930555555555556,
0.9952256944444444,
0.99609375,
0.99609375,
0.9965277777777778,
0.9973958333333334,
0.9973958333333334,
0.9978298611111112,
0.9982638888888888,
0.9982638888888888,
0.9986979166666666,
0.9986979166666666,
0.9991319444444444,
0.9991319444444444,
0.9991319444444444,
0.9991319444444444,
0.9991319444444444,
0.9991319444444444,
0.9991319444444444,
0.9991319444444444,
0.9991319444444444,
0.9991319444444444,
0.9995659722222222,
0.9995659722222222,
1.0,
