learned_per_gen,power_fit
0.00390625,0.002626824160489262
0.0126953125,2.026749104407985
0.0244140625,
0.041015625,
0.068359375,
0.09765625,
0.1357421875,
0.1796875,
0.224609375,
0.279296875,
0.3427734375,
0.4013671875,
0.4638671875,
0.541015625,
0.625,
0.70703125,
0.8046875,
0.87890625,
0.921875,
0.94921875,
0.974609375,
0.9892578125,
0.9990234375,
1.0,
