learned_per_gen,power_fit
0.0009765625,0.001289087241362995
0.001953125,1.9064419486879651
0.005615234375,
0.010498046875,
0.01806640625,
0.0283203125,
0.041259765625,
0.056884765625,
0.076171875,
0.097900390625,
0.11767578125,
0.140625,
0.1689453125,
0.1953125,
0.224853515625,
0.257568359375,
0.293701171875,
0.327392578125,
0.3623046875,
0.401611328125,
0.43896484375,
0.476318359375,
0.515380859375,
0.552978515625,
0.58740234375,
0.618408203125,
0.648681640625,
0.67822265625,
0.708740234375,
0.737548828125,
0.76806640625,
0.796142578125,
0.82275390625,
0.849853515625,
0.872314453125,
0.894775390625,
0.914794921875,
0.9345703125,
0.950439453125,
0.96044921875,
0.96728515625,
0.973388671875,
0.978515625,
0.983642578125,
0.988525390625,
0.9921875,
0.99560546875,
0.9970703125,
0.998779296875,
0.999755859375,
1.0,
