learned_per_gen,power_fit
0.00390625,0.0006453542921386316
0.0087890625,2.3302100741616294
0.013671875,
0.021484375,
0.033203125,
0.0478515625,
0.0625,
0.08203125,
0.10546875,
0.12890625,
0.1640625,
0.208984375,
0.2568359375,
0.306640625,
0.365234375,
0.41015625,
0.4716796875,
0.5380859375,
0.6015625,
0.6845703125,
0.7568359375,
0.8125,
0.861328125,
0.8984375,
0.9287109375,
0.9599609375,
0.9755859375,
0.982421875,
0.98828125,
0.9912109375,
0.994140625,
0.998046875,
1.0,
