learned_per_gen,power_fit
0.0009765625,0.0024328368807173314
0.006591796875,1.883952639388265
0.018798828125,
0.036865234375,
0.0634765625,
0.095703125,
0.13427734375,
0.173828125,
0.21533203125,
0.25732421875,
0.29833984375,
0.342529296875,
0.38623046875,
0.435302734375,
0.4833984375,
0.532470703125,
0.58251953125,
0.629150390625,
0.676513671875,
0.719970703125,
0.7607421875,
0.796142578125,
0.8291015625,
0.860595703125,
0.883056640625,
0.90380859375,
0.922607421875,
0.9404296875,
0.95263671875,
0.95947265625,
0.965576171875,
0.970947265625,
0.97607421875,
0.980224609375,
0.9853515625,
0.98876953125,
0.9921875,
0.99462890625,
0.9970703125,
0.998779296875,
1.0,
