learned_per_gen,power_fit
0.00390625,0.006335730615544812
0.0185546875,1.8572613267627787
0.041015625,
0.068359375,
0.103515625,
0.150390625,
0.21875,
0.310546875,
0.39453125,
0.4912109375,
0.5732421875,
0.640625,
0.703125,
0.751953125,
0.7998046875,
0.8486328125,
0.8837890625,
0.904296875,
0.921875,
0.9404296875,
0.9521484375,
0.96875,
0.9853515625,
0.9951171875,
1.0,
