learned_per_gen,power_fit
0.00390625,0.002608912830124542
0.0126953125,1.9909968262825446
0.0234375,
0.041015625,
0.064453125,
0.09765625,
0.1279296875,
0.1611328125,
0.205078125,
0.25,
0.310546875,
0.369140625,
0.431640625,
0.494140625,
0.564453125,
0.6416015625,
0.72265625,
0.7958984375,
0.857421875,
0.9111328125,
0.943359375,
0.9697265625,
0.9892578125,
0.9970703125,
1.0,
