learned_per_gen,power_fit
0.0,0.25357086173307847
0.505126953125,0.8037332770847108
0.743408203125,
0.86376953125,
0.929931640625,
0.95947265625,
0.978759765625,
0.987548828125,
0.993408203125,
0.995361328125,
0.99755859375,
0.998291015625,
0.998779296875,
0.99951171875,
0.99951171875,
0.99951171875,
0.999755859375,
0.999755859375,
0.999755859375,
0.999755859375,
0.999755859375,
1.0,
