learned_per_gen,power_fit
0.001736111111111111,0.0011303295761281842
0.009114583333333334,2.46834610449326
0.018663194444444444,
0.031684027777777776,
0.05772569444444445,
0.09244791666666667,
0.1362847222222222,
0.1918402777777778,
0.2612847222222222,
0.3342013888888889,
0.4171006944444444,
0.5151909722222222,
0.6085069444444444,
0.7048611111111112,
0.7934027777777778,
0.8680555555555556,
0.9318576388888888,
0.9691840277777778,
0.9926215277777778,
0.9978298611111112,
0.9995659722222222,
1.0,
