learned_per_gen,power_fit
0.0,0.2474350551771028
0.3025173611111111,0.5798586231362686
0.4997829861111111,
0.6312934027777778,
0.7210286458333334,
0.787109375,
0.8327907986111112,
0.8670789930555556,
0.8955078125,
0.9166666666666666,
0.9339192708333334,
0.9449869791666666,
0.9558376736111112,
0.9635416666666666,
0.970703125,
0.9764539930555556,
0.9798177083333334,
0.9840494791666666,
0.9870876736111112,
0.9894748263888888,
0.9919704861111112,
0.9928385416666666,
0.9942491319444444,
0.9946831597222222,
0.9955512152777778,
0.99609375,
0.9964192708333334,
0.9968532986111112,
0.9971788194444444,
0.9976128472222222,
0.9978298611111112,
0.9984809027777778,
0.9986979166666666,
0.9988064236111112,
0.9990234375,
0.9991319444444444,
0.9992404513888888,
0.9995659722222222,
0.9997829861111112,
0.9997829861111112,
0.9997829861111112,
0.9997829861111112,
0.9997829861111112,
0.9997829861111112,
0.9998914930555556,
1.0,
