learned_per_gen,power_fit
0.00390625,0.00230550598701283
0.009765625,2.039948522143435
0.02734375,
0.04296875,
0.0634765625,
0.0859375,
0.12109375,
0.1591796875,
0.2021484375,
0.251953125,
0.3076171875,
0.3681640625,
0.435546875,
0.509765625,
0.59765625,
0.69140625,
0.7841796875,
0.85546875,
0.9033203125,
0.9384765625,
0.9658203125,
0.982421875,
0.99609375,
1.0,
