learned_per_gen,power_fit
0.0,0.21326072791960715
0.59771728515625,1.1306378715399013
0.8360595703125,
0.93670654296875,
0.97479248046875,
0.99072265625,
0.9962158203125,
0.99822998046875,
0.999267578125,
0.999755859375,
0.9998779296875,
0.99993896484375,
1.0,
