learned_per_gen,power_fit
0.0009765625,0.002242154145846792
0.00732421875,2.193673389215365
0.023193359375,
0.046142578125,
0.076904296875,
0.115234375,
0.161376953125,
0.21533203125,
0.276611328125,
0.346923828125,
0.423828125,
0.5087890625,
0.6025390625,
0.703125,
0.8125,
0.9287109375,
0.995849609375,
1.0,
