learned_per_gen,power_fit
0.0,0.17628041001005967
0.3579644097222222,0.9470454427607218
0.5779079861111112,
0.7286241319444444,
0.8236762152777778,
0.8848741319444444,
0.9239366319444444,
0.9547526041666666,
0.9704861111111112,
0.9790581597222222,
0.9860026041666666,
0.9908854166666666,
0.9938151041666666,
0.99609375,
0.9973958333333334,
0.9983723958333334,
0.9989149305555556,
0.9989149305555556,
0.9991319444444444,
0.9995659722222222,
0.9998914930555556,
0.9998914930555556,
1.0,
