learned_per_gen,power_fit
0.00390625,0.008777999590758747
0.015625,1.8337227051035923
0.0478515625,
0.0966796875,
0.1572265625,
0.236328125,
0.322265625,
0.4130859375,
0.5126953125,
0.5966796875,
0.6943359375,
0.7763671875,
0.830078125,
0.87890625,
0.921875,
0.951171875,
0.97265625,
0.986328125,
0.998046875,
0.9990234375,
1.0,
