learned_per_gen,power_fit
0.00043402777777777775,0.00021265488602781172
0.0013020833333333333,2.1119787270874517
0.002495659722222222,
0.0048828125,
0.007378472222222222,
0.011176215277777778,
0.015190972222222222,
0.01953125,
0.024305555555555556,
0.029513888888888888,
0.036566840277777776,
0.042534722222222224,
0.04893663194444445,
0.056206597222222224,
0.0652126736111111,
0.0740017361111111,
0.08365885416666667,
0.09418402777777778,
0.1056857638888889,
0.11783854166666667,
0.13020833333333334,
0.1450737847222222,
0.1593967013888889,
0.1736111111111111,
0.18977864583333334,
0.2060546875,
0.22428385416666666,
0.2412109375,
0.2603081597222222,
0.2809244791666667,
0.3012152777777778,
0.3218315972222222,
0.34375,
0.3669704861111111,
0.3909505208333333,
0.4152560763888889,
0.4388020833333333,
0.4618055555555556,
0.4884982638888889,
0.5134548611111112,
0.5402560763888888,
0.5674913194444444,
0.5954861111111112,
0.6244574652777778,
0.6558159722222222,
0.6858723958333334,
0.7164713541666666,
0.7495659722222222,
0.7810329861111112,
0.814453125,
0.8446180555555556,
0.8701171875,
0.8927951388888888,
0.9104817708333334,
0.9261067708333334,
0.9401041666666666,
0.9503038194444444,
0.9610460069444444,
0.9700520833333334,
0.9771050347222222,
0.9832899305555556,
0.9895833333333334,
0.9942491319444444,
0.9969618055555556,
0.9990234375,
1.0,
