learned_per_gen,power_fit
0.0009765625,3.264798120967244
0.007080078125,3.567933874769992
0.0224609375,0.47746973612133203
0.04541015625,0.5797352072968812
0.076171875,
0.11328125,
0.15869140625,
0.21337890625,
0.274169921875,
0.343017578125,
0.41845703125,
0.50341796875,
0.594970703125,
0.695556640625,
0.8037109375,
0.91943359375,
0.988037109375,
0.999267578125,
1.0,
