learned_per_gen,power_fit
0.00390625,0.0024482360350827925
0.01171875,2.0187013797993103
0.0234375,
0.0390625,
0.0615234375,
0.087890625,
0.1279296875,
0.162109375,
0.20703125,
0.25390625,
0.314453125,
0.3671875,
0.43359375,
0.5009765625,
0.5771484375,
0.64453125,
0.7353515625,
0.806640625,
0.8583984375,
0.8984375,
0.93359375,
0.9580078125,
0.9794921875,
0.9892578125,
0.99609375,
1.0,
