learned_per_gen,power_fit
0.00390625,0.002324966801488286
0.009765625,2.0864424083229456
0.0205078125,
0.041015625,
0.0673828125,
0.0986328125,
0.1396484375,
0.173828125,
0.2265625,
0.283203125,
0.3486328125,
0.4140625,
0.4873046875,
0.5654296875,
0.65234375,
0.748046875,
0.8251953125,
0.90234375,
0.9501953125,
0.9833984375,
0.99609375,
0.9990234375,
1.0,
