learned_per_gen,power_fit
0.00390625,0.013931320231020422
0.0263671875,1.8260948786715754
0.0849609375,
0.1767578125,
0.27734375,
0.3798828125,
0.494140625,
0.6064453125,
0.708984375,
0.802734375,
0.87890625,
0.9443359375,
0.9716796875,
0.9931640625,
0.9990234375,
1.0,
