learned_per_gen,power_fit
0.00043402777777777775,0.004369164013100573
0.001953125,1.371592208725376
0.004665798611111111,
0.009331597222222222,
0.017144097222222224,
0.027126736111111112,
0.03917100694444445,
0.052734375,
0.06803385416666667,
0.08485243055555555,
0.1025390625,
0.1208767361111111,
0.1392144097222222,
0.1591796875,
0.1801215277777778,
0.1974826388888889,
0.21668836805555555,
0.23502604166666666,
0.2540147569444444,
0.2738715277777778,
0.2915581597222222,
0.3097873263888889,
0.3276909722222222,
0.349609375,
0.3713107638888889,
0.3923611111111111,
0.4151475694444444,
0.4357638888888889,
0.4584418402777778,
0.4784071180555556,
0.4971788194444444,
0.5162760416666666,
0.5362413194444444,
0.5544704861111112,
0.572265625,
0.5902777777777778,
0.6085069444444444,
0.6277126736111112,
0.6452907986111112,
0.6631944444444444,
0.6830512152777778,
0.7024739583333334,
0.7198350694444444,
0.7370876736111112,
0.7547743055555556,
0.7739800347222222,
0.7912326388888888,
0.8071831597222222,
0.8233506944444444,
0.8406032986111112,
0.8563368055555556,
0.8694661458333334,
0.8827039930555556,
0.8923611111111112,
0.9027777777777778,
0.912109375,
0.9210069444444444,
0.9276258680555556,
0.935546875,
0.9419487847222222,
0.9481336805555556,
0.9543185763888888,
0.9610460069444444,
0.9663628472222222,
0.9720052083333334,
0.9772135416666666,
0.9816623263888888,
0.9848090277777778,
0.98828125,
0.9917534722222222,
0.9938151041666666,
0.99609375,
0.9976128472222222,
0.9982638888888888,
0.9991319444444444,
0.9995659722222222,
0.9995659722222222,
0.9998914930555556,
1.0,
