learned_per_gen,power_fit
0.00390625,0.0024643973463083207
0.0126953125,2.4019216072214022
0.0400390625,
0.0703125,
0.1142578125,
0.177734375,
0.2666015625,
0.3662109375,
0.4814453125,
0.6220703125,
0.7548828125,
0.86328125,
0.935546875,
0.9765625,
0.99609375,
0.998046875,
0.998046875,
1.0,
