learned_per_gen,power_fit
0.000244140625,0.0008941839952149959
0.00103759765625,1.7906752366792162
0.002685546875,
0.0047607421875,
0.008056640625,
0.012451171875,
0.01776123046875,
0.0244140625,
0.03173828125,
0.040771484375,
0.05133056640625,
0.0623779296875,
0.07537841796875,
0.088623046875,
0.1041259765625,
0.120361328125,
0.13604736328125,
0.15252685546875,
0.16864013671875,
0.186767578125,
0.20550537109375,
0.224609375,
0.24420166015625,
0.26519775390625,
0.28759765625,
0.312255859375,
0.33544921875,
0.3582763671875,
0.38153076171875,
0.40643310546875,
0.430908203125,
0.45367431640625,
0.47991943359375,
0.50592041015625,
0.53131103515625,
0.55877685546875,
0.58526611328125,
0.60992431640625,
0.63433837890625,
0.65765380859375,
0.6800537109375,
0.70196533203125,
0.72052001953125,
0.7420654296875,
0.76324462890625,
0.78240966796875,
0.80035400390625,
0.818359375,
0.83587646484375,
0.8509521484375,
0.865966796875,
0.87774658203125,
0.88812255859375,
0.8994140625,
0.9090576171875,
0.91925048828125,
0.92889404296875,
0.93621826171875,
0.94378662109375,
0.94952392578125,
0.95379638671875,
0.95867919921875,
0.9632568359375,
0.96807861328125,
0.97222900390625,
0.9754638671875,
0.97808837890625,
0.98065185546875,
0.983642578125,
0.98553466796875,
0.98699951171875,
0.9884033203125,
0.98992919921875,
0.99090576171875,
0.99224853515625,
0.993408203125,
0.994384765625,
0.99530029296875,
0.996337890625,
0.99725341796875,
0.99786376953125,
0.99871826171875,
0.99951171875,
0.99981689453125,
0.99993896484375,
1.0,
