learned_per_gen,power_fit
0.00390625,0.029495225253918827
0.0205078125,1.1911532709074621
0.060546875,
0.1123046875,
0.1787109375,
0.2529296875,
0.3212890625,
0.388671875,
0.447265625,
0.5009765625,
0.537109375,
0.5693359375,
0.6005859375,
0.6337890625,
0.66796875,
0.69921875,
0.7353515625,
0.7724609375,
0.798828125,
0.8291015625,
0.8603515625,
0.8896484375,
0.921875,
0.95703125,
0.982421875,
0.99609375,
1.0,
