learned_per_gen,power_fit
0.00390625,0.0018501533683627086
0.0087890625,2.1920342587301627
0.0185546875,
0.03515625,
0.0654296875,
0.091796875,
0.1318359375,
0.1787109375,
0.2294921875,
0.2880859375,
0.353515625,
0.431640625,
0.5126953125,
0.5859375,
0.6748046875,
0.765625,
0.873046875,
0.9521484375,
0.9892578125,
0.998046875,
0.9990234375,
1.0,
