learned_per_gen,power_fit
0.0009765625,0.0006588096434725205
0.001708984375,2.355840435445564
0.00634765625,
0.013427734375,
0.025634765625,
0.0419921875,
0.06298828125,
0.087646484375,
0.117919921875,
0.150390625,
0.1904296875,
0.2333984375,
0.277587890625,
0.328369140625,
0.38671875,
0.451171875,
0.517822265625,
0.59375,
0.6708984375,
0.749267578125,
0.811767578125,
0.869873046875,
0.912109375,
0.94921875,
0.972900390625,
0.988037109375,
0.995849609375,
0.99853515625,
0.999755859375,
1.0,
