learned_per_gen,power_fit
0.00390625,0.0013904853916748162
0.0078125,2.3402346432440697
0.017578125,
0.029296875,
0.05078125,
0.083984375,
0.12109375,
0.181640625,
0.248046875,
0.3125,
0.3837890625,
0.46875,
0.5625,
0.662109375,
0.7490234375,
0.8173828125,
0.8798828125,
0.9306640625,
0.9619140625,
0.98046875,
0.986328125,
0.9892578125,
0.994140625,
0.998046875,
0.9990234375,
0.9990234375,
1.0,
