learned_per_gen,power_fit
0.001736111111111111,0.002254687438404675
0.008680555555555556,2.2763598885116765
0.023871527777777776,
0.05164930555555555,
0.09027777777777778,
0.13411458333333334,
0.18880208333333334,
0.2560763888888889,
0.3359375,
0.4262152777777778,
0.5286458333333334,
0.6388888888888888,
0.75,
0.8463541666666666,
0.9153645833333334,
0.9635416666666666,
0.9865451388888888,
0.9969618055555556,
0.9991319444444444,
0.9995659722222222,
1.0,
