learned_per_gen,power_fit
0.00043402777777777775,0.005610791359024298
0.0018446180555555555,1.3119326155919957
0.0037977430555555555,
0.0078125,
0.013671875,
0.021918402777777776,
0.03211805555555555,
0.04318576388888889,
0.056966145833333336,
0.07313368055555555,
0.08919270833333333,
0.10807291666666667,
0.1291232638888889,
0.14735243055555555,
0.16883680555555555,
0.19140625,
0.21354166666666666,
0.2353515625,
0.2581380208333333,
0.2809244791666667,
0.3059895833333333,
0.3292100694444444,
0.3565538194444444,
0.3824869791666667,
0.4093967013888889,
0.4354383680555556,
0.4605034722222222,
0.4848090277777778,
0.5073784722222222,
0.5298394097222222,
0.5483940972222222,
0.5686848958333334,
0.5881076388888888,
0.6063368055555556,
0.6236979166666666,
0.6399739583333334,
0.6565755208333334,
0.6712239583333334,
0.6850043402777778,
0.7003038194444444,
0.7139756944444444,
0.7277560763888888,
0.7384982638888888,
0.7495659722222222,
0.7590060763888888,
0.7696397569444444,
0.7786458333333334,
0.7887369791666666,
0.7982855902777778,
0.8067491319444444,
0.8155381944444444,
0.8228081597222222,
0.8324652777777778,
0.8406032986111112,
0.8490668402777778,
0.8563368055555556,
0.8640407986111112,
0.8719618055555556,
0.87890625,
0.8862847222222222,
0.892578125,
0.8982204861111112,
0.904296875,
0.9104817708333334,
0.9155815972222222,
0.9212239583333334,
0.9269748263888888,
0.9329427083333334,
0.9380425347222222,
0.9420572916666666,
0.9461805555555556,
0.9504123263888888,
0.9547526041666666,
0.9593098958333334,
0.9638671875,
0.9677734375,
0.9716796875,
0.9758029513888888,
0.9789496527777778,
0.9823133680555556,
0.9853515625,
0.9886067708333334,
0.9909939236111112,
0.9940321180555556,
0.99609375,
0.9977213541666666,
0.9990234375,
0.9995659722222222,
0.9998914930555556,
1.0,
