learned_per_gen,power_fit
0.00390625,0.0044484461900612905
0.0126953125,1.9165863075728848
0.0283203125,
0.0517578125,
0.0888671875,
0.123046875,
0.1787109375,
0.2470703125,
0.30859375,
0.37109375,
0.44921875,
0.533203125,
0.615234375,
0.6767578125,
0.740234375,
0.79296875,
0.8447265625,
0.8876953125,
0.9228515625,
0.9482421875,
0.966796875,
0.9775390625,
0.9833984375,
0.98828125,
0.9931640625,
0.9970703125,
0.998046875,
1.0,
