learned_per_gen,power_fit
0.0,0.16605249426086188
0.478515625,1.2241458776089356
0.712890625,
0.8447265625,
0.9111328125,
0.947265625,
0.966796875,
0.9775390625,
0.986328125,
0.9892578125,
0.9931640625,
0.99609375,
0.99609375,
0.998046875,
1.0,
