learned_per_gen,power_fit
0.001736111111111111,0.0026638285796968092
0.008246527777777778,2.230056721100804
0.02734375,
0.05555555555555555,
0.0954861111111111,
0.1480034722222222,
0.2048611111111111,
0.27734375,
0.3585069444444444,
0.4500868055555556,
0.5516493055555556,
0.6701388888888888,
0.7881944444444444,
0.8862847222222222,
0.9444444444444444,
0.9787326388888888,
0.9908854166666666,
0.9991319444444444,
1.0,
