learned_per_gen,power_fit
0.0,0.022078646800570142
0.7078993055555556,5.0
0.9149305555555556,
0.9713541666666666,
0.9913194444444444,
0.9978298611111112,
0.9995659722222222,
1.0,
