learned_per_gen,power_fit
0.0,0.25549894470645246
0.7026909722222222,1.0428358812169456
0.9166666666666666,
0.9752604166666666,
0.9930555555555556,
0.9978298611111112,
0.9995659722222222,
1.0,
