learned_per_gen,power_fit
0.0009765625,6.026008693127555
0.002685546875,3.831286458678545
0.007080078125,0.6363543966379374
0.0126953125,0.42296181232748703
0.020751953125,
0.031005859375,
0.041259765625,
0.053466796875,
0.0693359375,
0.08544921875,
0.102783203125,
0.1240234375,
0.145751953125,
0.170654296875,
0.19482421875,
0.22412109375,
0.252197265625,
0.283447265625,
0.316162109375,
0.3486328125,
0.3857421875,
0.422607421875,
0.4619140625,
0.504638671875,
0.547119140625,
0.59228515625,
0.641357421875,
0.690185546875,
0.740966796875,
0.793701171875,
0.846435546875,
0.90380859375,
0.938232421875,
0.9599609375,
0.976806640625,
0.98876953125,
0.99560546875,
0.999755859375,
1.0,
