learned_per_gen,power_fit
0.00390625,0.001711038853118975
0.0087890625,2.0658172238827692
0.015625,
0.02734375,
0.0439453125,
0.0703125,
0.095703125,
0.1259765625,
0.1611328125,
0.2001953125,
0.240234375,
0.291015625,
0.3408203125,
0.4013671875,
0.462890625,
0.5224609375,
0.5947265625,
0.671875,
0.744140625,
0.81640625,
0.8720703125,
0.9130859375,
0.94140625,
0.9638671875,
0.9814453125,
0.9892578125,
0.994140625,
0.998046875,
0.998046875,
0.9990234375,
1.0,
