learned_per_gen,power_fit
0.00390625,0.004633849431512368
0.0185546875,2.026328473185194
0.041015625,
0.078125,
0.11328125,
0.162109375,
0.2255859375,
0.318359375,
0.4091796875,
0.5,
0.6064453125,
0.716796875,
0.8232421875,
0.892578125,
0.9384765625,
0.9697265625,
0.984375,
0.9912109375,
0.9951171875,
0.99609375,
0.9970703125,
0.998046875,
0.9990234375,
0.9990234375,
1.0,
