learned_per_gen,power_fit
0.0,0.1784239632051008
0.5073784722222222,1.189640915314403
0.7426215277777778,
0.859375,
0.9197048611111112,
0.9544270833333334,
0.9743923611111112,
0.9852430555555556,
0.9921875,
0.9947916666666666,
0.9986979166666666,
0.9991319444444444,
0.9995659722222222,
0.9995659722222222,
1.0,
