learned_per_gen,power_fit
0.00043402777777777775,0.0004073964601744483
0.0010850694444444445,2.0108543849356986
0.0028211805555555555,
0.004991319444444444,
0.008029513888888888,
0.01171875,
0.016167534722222224,
0.022786458333333332,
0.029513888888888888,
0.037543402777777776,
0.046549479166666664,
0.056098090277777776,
0.0675998263888889,
0.07996961805555555,
0.09364149305555555,
0.10731336805555555,
0.12044270833333333,
0.1372612847222222,
0.1531032986111111,
0.1706814236111111,
0.1896701388888889,
0.20594618055555555,
0.2251519097222222,
0.2472873263888889,
0.2673611111111111,
0.2873263888888889,
0.3078342013888889,
0.3301866319444444,
0.3551432291666667,
0.3784722222222222,
0.4054904513888889,
0.431640625,
0.4595269097222222,
0.4901258680555556,
0.5210503472222222,
0.5485026041666666,
0.5792100694444444,
0.6095920138888888,
0.6391059027777778,
0.6656901041666666,
0.6920572916666666,
0.7153862847222222,
0.7375217013888888,
0.7582465277777778,
0.7764756944444444,
0.7941623263888888,
0.8107638888888888,
0.8274739583333334,
0.8426649305555556,
0.8587239583333334,
0.8733723958333334,
0.8863932291666666,
0.8974609375,
0.9087456597222222,
0.9189453125,
0.9281684027777778,
0.9371744791666666,
0.9440104166666666,
0.9532335069444444,
0.9584418402777778,
0.9646267361111112,
0.9710286458333334,
0.9756944444444444,
0.9818793402777778,
0.9860026041666666,
0.9905598958333334,
0.9938151041666666,
0.9959852430555556,
0.9969618055555556,
0.9979383680555556,
0.9988064236111112,
0.9990234375,
0.9993489583333334,
0.9995659722222222,
0.9997829861111112,
1.0,
