learned_per_gen,power_fit
0.00390625,0.0029384381908916456
0.009765625,1.969782050299518
0.0224609375,
0.04296875,
0.064453125,
0.095703125,
0.1357421875,
0.1796875,
0.2275390625,
0.28125,
0.3310546875,
0.3857421875,
0.4609375,
0.546875,
0.6376953125,
0.732421875,
0.8232421875,
0.8955078125,
0.9462890625,
0.9716796875,
0.9912109375,
0.9970703125,
1.0,
