learned_per_gen,power_fit
0.00390625,0.003920613942174024
0.025390625,2.433830832412218
0.05859375,
0.111328125,
0.1953125,
0.3095703125,
0.4462890625,
0.6162109375,
0.7587890625,
0.8896484375,
0.974609375,
0.9970703125,
0.9990234375,
1.0,
