learned_per_gen,power_fit
0.00390625,0.0026890131628463047
0.0107421875,2.0345276221971784
0.0234375,
0.04296875,
0.06640625,
0.1025390625,
0.14453125,
0.1884765625,
0.240234375,
0.2822265625,
0.35546875,
0.4287109375,
0.5107421875,
0.595703125,
0.685546875,
0.7822265625,
0.8662109375,
0.931640625,
0.96484375,
0.984375,
0.9931640625,
1.0,
