learned_per_gen,power_fit
0.0009765625,0.0013918225844801345
0.0068359375,2.252289667692424
0.015380859375,
0.031494140625,
0.052490234375,
0.08251953125,
0.111083984375,
0.150146484375,
0.197021484375,
0.250244140625,
0.305419921875,
0.372314453125,
0.449951171875,
0.53271484375,
0.62109375,
0.71044921875,
0.79443359375,
0.86767578125,
0.92138671875,
0.95556640625,
0.97412109375,
0.986083984375,
0.992431640625,
0.99755859375,
0.9990234375,
0.99951171875,
0.999755859375,
1.0,
