learned_per_gen,power_fit
0.00390625,0.0009202836245717315
0.0068359375,2.2766339947328795
0.013671875,
0.0205078125,
0.033203125,
0.052734375,
0.078125,
0.103515625,
0.1396484375,
0.1787109375,
0.2119140625,
0.2607421875,
0.318359375,
0.3798828125,
0.4482421875,
0.517578125,
0.599609375,
0.6787109375,
0.75,
0.8173828125,
0.890625,
0.94140625,
0.97265625,
0.99609375,
1.0,
