learned_per_gen,power_fit
0.0,0.14869735233483675
0.432373046875,1.284199246787573
0.683837890625,
0.826904296875,
0.904052734375,
0.953125,
0.974365234375,
0.985595703125,
0.9931640625,
0.995361328125,
0.998779296875,
0.9990234375,
0.999755859375,
1.0,
