learned_per_gen,power_fit
0.00390625,0.0032404639992587325
0.015625,2.504744893874688
0.052734375,
0.1005859375,
0.1865234375,
0.287109375,
0.423828125,
0.572265625,
0.7509765625,
0.8818359375,
0.9580078125,
0.9990234375,
1.0,
