learned_per_gen,power_fit
0.0009765625,0.0009376858467128347
0.00341796875,2.011640835783197
0.0087890625,
0.015625,
0.02392578125,
0.03466796875,
0.046875,
0.0615234375,
0.078369140625,
0.0966796875,
0.116943359375,
0.138916015625,
0.163330078125,
0.189453125,
0.21826171875,
0.248291015625,
0.280517578125,
0.314208984375,
0.35009765625,
0.387939453125,
0.427734375,
0.469482421875,
0.512939453125,
0.558837890625,
0.606689453125,
0.656005859375,
0.70751953125,
0.760986328125,
0.815673828125,
0.87353515625,
0.93359375,
0.994873046875,
1.0,
