learned_per_gen,power_fit
0.0009765625,8.957016875351938e-6
0.001220703125,2.4848859882597276
0.001220703125,
0.001708984375,
0.002197265625,
0.002685546875,
0.0029296875,
0.003662109375,
0.004638671875,
0.005126953125,
0.00634765625,
0.006591796875,
0.006591796875,
0.007080078125,
0.00830078125,
0.010498046875,
0.011474609375,
0.0126953125,
0.013916015625,
0.015380859375,
0.017822265625,
0.0205078125,
0.022705078125,
0.026123046875,
0.02978515625,
0.03125,
0.03515625,
0.037841796875,
0.041259765625,
0.0439453125,
0.046142578125,
0.0478515625,
0.051025390625,
0.0556640625,
0.061279296875,
0.06494140625,
0.068603515625,
0.072509765625,
0.07861328125,
0.083984375,
0.088623046875,
0.09521484375,
0.100830078125,
0.108154296875,
0.113525390625,
0.12109375,
0.12841796875,
0.13427734375,
0.14111328125,
0.146484375,
0.15283203125,
0.161376953125,
0.171142578125,
0.181640625,
0.18994140625,
0.2001953125,
0.209228515625,
0.216796875,
0.22705078125,
0.236083984375,
0.243896484375,
0.25634765625,
0.264892578125,
0.276123046875,
0.287109375,
0.29931640625,
0.312255859375,
0.322265625,
0.33544921875,
0.34814453125,
0.357177734375,
0.36962890625,
0.3798828125,
0.390380859375,
0.404541015625,
0.41845703125,
0.433837890625,
0.447998046875,
0.458984375,
0.473876953125,
0.488037109375,
0.50048828125,
0.5166015625,
0.532470703125,
0.55126953125,
0.566162109375,
0.5859375,
0.6083984375,
0.627685546875,
0.644775390625,
0.664794921875,
0.6796875,
0.696044921875,
0.7099609375,
0.7265625,
0.740478515625,
0.75537109375,
0.772705078125,
0.78857421875,
0.8017578125,
0.8154296875,
0.830810546875,
0.841796875,
0.8515625,
0.8642578125,
0.875,
0.8837890625,
0.89501953125,
0.906005859375,
0.916259765625,
0.925537109375,
0.93408203125,
0.9404296875,
0.947021484375,
0.954345703125,
0.961669921875,
0.9677734375,
0.97216796875,
0.977783203125,
0.9814453125,
0.984375,
0.9873046875,
0.990234375,
0.992431640625,
0.99462890625,
0.99658203125,
0.997314453125,
0.998046875,
0.9990234375,
0.9990234375,
0.9990234375,
0.999267578125,
0.99951171875,
0.999755859375,
0.999755859375,
0.999755859375,
0.999755859375,
0.999755859375,
0.999755859375,
0.999755859375,
0.999755859375,
0.999755859375,
0.999755859375,
0.999755859375,
0.999755859375,
0.999755859375,
0.999755859375,
0.999755859375,
0.999755859375,
1.0,
