learned_per_gen,power_fit
0.00390625,0.0013565391859631688
0.0078125,2.1664709997025806
0.015625,
0.02734375,
0.044921875,
0.0673828125,
0.091796875,
0.1201171875,
0.16015625,
0.2041015625,
0.2490234375,
0.2919921875,
0.34765625,
0.4091796875,
0.4755859375,
0.552734375,
0.6318359375,
0.6943359375,
0.76171875,
0.8271484375,
0.88671875,
0.927734375,
0.953125,
0.96484375,
0.974609375,
0.9833984375,
0.9892578125,
0.9951171875,
0.9970703125,
0.9990234375,
0.9990234375,
0.9990234375,
1.0,
