learned_per_gen,power_fit
0.000244140625,0.0023875769324063836
0.00140380859375,1.5110285941374393
0.003173828125,
0.0059814453125,
0.00927734375,
0.0145263671875,
0.02044677734375,
0.02764892578125,
0.0361328125,
0.04681396484375,
0.05694580078125,
0.068359375,
0.08135986328125,
0.09564208984375,
0.10919189453125,
0.12451171875,
0.142333984375,
0.15972900390625,
0.178466796875,
0.19818115234375,
0.219970703125,
0.2425537109375,
0.26513671875,
0.2886962890625,
0.31103515625,
0.33294677734375,
0.35479736328125,
0.37811279296875,
0.40380859375,
0.4298095703125,
0.45489501953125,
0.48101806640625,
0.50531005859375,
0.530029296875,
0.5537109375,
0.57513427734375,
0.596923828125,
0.6171875,
0.63848876953125,
0.659912109375,
0.67779541015625,
0.69671630859375,
0.71466064453125,
0.73126220703125,
0.7462158203125,
0.75909423828125,
0.77386474609375,
0.78753662109375,
0.7994384765625,
0.81024169921875,
0.8216552734375,
0.8306884765625,
0.8402099609375,
0.84796142578125,
0.85614013671875,
0.86480712890625,
0.87255859375,
0.88031005859375,
0.8870849609375,
0.8944091796875,
0.90093994140625,
0.9075927734375,
0.91302490234375,
0.91845703125,
0.92376708984375,
0.9293212890625,
0.934326171875,
0.9390869140625,
0.94378662109375,
0.948486328125,
0.952880859375,
0.95611572265625,
0.95904541015625,
0.96148681640625,
0.964111328125,
0.96673583984375,
0.96966552734375,
0.9725341796875,
0.9747314453125,
0.9766845703125,
0.97882080078125,
0.9810791015625,
0.983154296875,
0.9854736328125,
0.987548828125,
0.9891357421875,
0.99053955078125,
0.99169921875,
0.992919921875,
0.99407958984375,
0.99493408203125,
0.9959716796875,
0.9969482421875,
0.99761962890625,
0.99853515625,
0.99957275390625,
0.99969482421875,
0.9998779296875,
1.0,
