learned_per_gen,power_fit
0.0009765625,0.0013147098001913412
0.002197265625,1.5846184294124182
0.004150390625,
0.00830078125,
0.011962890625,
0.01611328125,
0.0224609375,
0.0283203125,
0.03564453125,
0.0439453125,
0.051025390625,
0.0595703125,
0.067626953125,
0.07763671875,
0.0859375,
0.095947265625,
0.10302734375,
0.11474609375,
0.12548828125,
0.138427734375,
0.149658203125,
0.163330078125,
0.18017578125,
0.194091796875,
0.210205078125,
0.223388671875,
0.238037109375,
0.25537109375,
0.273681640625,
0.289794921875,
0.307861328125,
0.326416015625,
0.34521484375,
0.3642578125,
0.38037109375,
0.40185546875,
0.4169921875,
0.430419921875,
0.4482421875,
0.4677734375,
0.48681640625,
0.505859375,
0.52685546875,
0.543701171875,
0.561767578125,
0.578125,
0.593994140625,
0.609130859375,
0.6240234375,
0.64013671875,
0.65576171875,
0.668701171875,
0.68408203125,
0.698486328125,
0.714111328125,
0.725830078125,
0.73681640625,
0.749755859375,
0.759765625,
0.77099609375,
0.781005859375,
0.790283203125,
0.798828125,
0.808349609375,
0.817138671875,
0.82666015625,
0.836181640625,
0.843505859375,
0.851318359375,
0.859130859375,
0.8662109375,
0.877197265625,
0.88525390625,
0.895263671875,
0.90283203125,
0.91259765625,
0.922119140625,
0.933349609375,
0.94189453125,
0.950927734375,
0.96044921875,
0.966064453125,
0.972900390625,
0.975830078125,
0.979736328125,
0.984375,
0.987548828125,
0.9912109375,
0.992431640625,
0.99365234375,
0.994873046875,
0.99609375,
0.997314453125,
0.998291015625,
0.9990234375,
0.999267578125,
0.99951171875,
0.99951171875,
0.999755859375,
0.999755859375,
0.999755859375,
0.999755859375,
0.999755859375,
0.999755859375,
0.999755859375,
0.999755859375,
1.0,
