learned_per_gen,power_fit
0.0,0.1522284020326276
0.59765625,1.6005471782367389
0.8385416666666666,
0.9440104166666666,
0.9774305555555556,
0.9895833333333334,
0.9969618055555556,
0.9982638888888888,
0.9982638888888888,
0.9995659722222222,
1.0,
