learned_per_gen,power_fit
0.0,0.21643068970547524
0.502685546875,0.9616128567191125
0.73876953125,
0.859375,
0.927490234375,
0.96044921875,
0.977783203125,
0.9853515625,
0.99072265625,
0.99462890625,
0.996337890625,
0.997314453125,
0.998046875,
0.998291015625,
0.999267578125,
0.99951171875,
0.999755859375,
0.999755859375,
1.0,
