learned_per_gen,power_fit
0.0009765625,0.003202856659977099
0.003662109375,1.613925775045826
0.00927734375,
0.0185546875,
0.0283203125,
0.040283203125,
0.053955078125,
0.07080078125,
0.090087890625,
0.111328125,
0.13525390625,
0.16162109375,
0.188720703125,
0.221923828125,
0.259033203125,
0.295166015625,
0.329833984375,
0.361328125,
0.3935546875,
0.425048828125,
0.459716796875,
0.48779296875,
0.513916015625,
0.544677734375,
0.573486328125,
0.60595703125,
0.64208984375,
0.677001953125,
0.715087890625,
0.746337890625,
0.77734375,
0.803466796875,
0.826416015625,
0.84912109375,
0.866455078125,
0.885009765625,
0.90087890625,
0.91455078125,
0.92626953125,
0.934326171875,
0.9423828125,
0.949951171875,
0.955810546875,
0.960693359375,
0.967041015625,
0.97216796875,
0.976318359375,
0.978271484375,
0.979736328125,
0.981201171875,
0.985107421875,
0.988525390625,
0.990234375,
0.99267578125,
0.99462890625,
0.99755859375,
0.999755859375,
1.0,
