learned_per_gen,power_fit
0.0,0.1496067094447963
0.306640625,0.9757859586844673
0.5009765625,
0.6416015625,
0.734375,
0.7939453125,
0.8505859375,
0.896484375,
0.9169921875,
0.935546875,
0.9501953125,
0.966796875,
0.978515625,
0.986328125,
0.98828125,
0.994140625,
0.9951171875,
0.99609375,
0.9970703125,
0.998046875,
0.998046875,
0.998046875,
0.9990234375,
1.0,
