learned_per_gen,power_fit
0.0,0.1341384121629219
0.39599609375,1.3150824916779364
0.63330078125,
0.782958984375,
0.864013671875,
0.92138671875,
0.951171875,
0.97216796875,
0.984375,
0.991455078125,
0.996337890625,
0.997314453125,
0.998291015625,
0.99951171875,
0.999755859375,
1.0,
