learned_per_gen,power_fit
0.0,0.19160997160400445
0.2595486111111111,0.7188267361358945
0.4552951388888889,
0.5842013888888888,
0.6853298611111112,
0.7612847222222222,
0.8185763888888888,
0.8602430555555556,
0.8923611111111112,
0.9136284722222222,
0.9318576388888888,
0.9522569444444444,
0.9596354166666666,
0.97265625,
0.9787326388888888,
0.984375,
0.9865451388888888,
0.98828125,
0.9900173611111112,
0.9913194444444444,
0.9926215277777778,
0.9934895833333334,
0.9956597222222222,
0.9969618055555556,
0.9978298611111112,
0.9978298611111112,
0.9982638888888888,
0.9982638888888888,
0.9986979166666666,
0.9986979166666666,
0.9986979166666666,
0.9991319444444444,
0.9991319444444444,
0.9991319444444444,
0.9991319444444444,
0.9991319444444444,
1.0,
