learned_per_gen,power_fit
0.00390625,0.00250532559453811
0.0107421875,2.0792290071007224
0.021484375,
0.044921875,
0.072265625,
0.103515625,
0.1435546875,
0.1904296875,
0.240234375,
0.30078125,
0.369140625,
0.4404296875,
0.5263671875,
0.615234375,
0.705078125,
0.8046875,
0.91015625,
0.958984375,
0.98828125,
1.0,
