learned_per_gen,power_fit
0.0009765625,0.00047799601201806646
0.002685546875,2.3031136020778935
0.0048828125,
0.010498046875,
0.018798828125,
0.02978515625,
0.04296875,
0.057861328125,
0.075927734375,
0.095458984375,
0.119140625,
0.14599609375,
0.17578125,
0.20947265625,
0.243408203125,
0.28466796875,
0.326171875,
0.370849609375,
0.421630859375,
0.476806640625,
0.532470703125,
0.58837890625,
0.64990234375,
0.71240234375,
0.77197265625,
0.8232421875,
0.861083984375,
0.893798828125,
0.92236328125,
0.946533203125,
0.96484375,
0.978515625,
0.98876953125,
0.99365234375,
0.99755859375,
0.9990234375,
1.0,
