learned_per_gen,power_fit
0.00390625,0.0008135542275613487
0.0078125,2.5573962628881373
0.013671875,
0.02734375,
0.0537109375,
0.08203125,
0.11328125,
0.1513671875,
0.2119140625,
0.2919921875,
0.392578125,
0.478515625,
0.5830078125,
0.6787109375,
0.7509765625,
0.80859375,
0.859375,
0.90234375,
0.935546875,
0.9619140625,
0.9794921875,
0.98828125,
0.9892578125,
0.9921875,
0.9951171875,
0.9970703125,
0.998046875,
1.0,
