learned_per_gen,power_fit
0.0,0.16658754942716206
0.297607421875,0.8898300261294859
0.5078125,
0.645751953125,
0.7431640625,
0.817138671875,
0.867919921875,
0.905029296875,
0.932373046875,
0.94921875,
0.963134765625,
0.9736328125,
0.979248046875,
0.984130859375,
0.98828125,
0.992431640625,
0.99365234375,
0.994384765625,
0.99560546875,
0.996826171875,
0.99755859375,
0.998046875,
0.9990234375,
0.999267578125,
0.99951171875,
1.0,
