learned_per_gen,power_fit
0.0,0.23924762482667422
0.4852430555555556,0.8026875436233414
0.6979166666666666,
0.8068576388888888,
0.87109375,
0.9105902777777778,
0.93359375,
0.9544270833333334,
0.9683159722222222,
0.9774305555555556,
0.9852430555555556,
0.9913194444444444,
0.9913194444444444,
0.9926215277777778,
0.9943576388888888,
0.9956597222222222,
0.9982638888888888,
0.9991319444444444,
0.9995659722222222,
0.9995659722222222,
0.9995659722222222,
0.9995659722222222,
0.9995659722222222,
1.0,
