learned_per_gen,power_fit
0.00390625,0.0020898780074618825
0.0126953125,2.097720346826563
0.0244140625,
0.041015625,
0.0595703125,
0.0908203125,
0.119140625,
0.1640625,
0.20703125,
0.2666015625,
0.318359375,
0.3837890625,
0.4560546875,
0.5302734375,
0.60546875,
0.69921875,
0.7861328125,
0.87109375,
0.9287109375,
0.9599609375,
0.9794921875,
0.99609375,
0.9990234375,
1.0,
