learned_per_gen,power_fit
0.0,0.1762357267167222
0.265625,0.7865225370508941
0.4482421875,
0.5986328125,
0.6875,
0.775390625,
0.8359375,
0.8779296875,
0.9111328125,
0.9365234375,
0.9541015625,
0.9609375,
0.970703125,
0.9765625,
0.9775390625,
0.9814453125,
0.9853515625,
0.990234375,
0.9912109375,
0.9921875,
0.994140625,
0.994140625,
0.9951171875,
0.99609375,
0.99609375,
0.9970703125,
0.9970703125,
0.9970703125,
0.998046875,
0.998046875,
0.998046875,
0.9990234375,
1.0,
