learned_per_gen,power_fit
0.0009765625,0.0044254460566548704
0.003662109375,1.6030602549838664
0.009521484375,
0.015625,
0.025390625,
0.03857421875,
0.05859375,
0.08837890625,
0.124267578125,
0.159912109375,
0.20166015625,
0.24365234375,
0.28173828125,
0.319091796875,
0.3544921875,
0.396240234375,
0.439453125,
0.48095703125,
0.51953125,
0.558349609375,
0.5986328125,
0.638671875,
0.677978515625,
0.71630859375,
0.747314453125,
0.774658203125,
0.798095703125,
0.82080078125,
0.841064453125,
0.85888671875,
0.872314453125,
0.886474609375,
0.899658203125,
0.910888671875,
0.9189453125,
0.92724609375,
0.93603515625,
0.94384765625,
0.95068359375,
0.95654296875,
0.961669921875,
0.967041015625,
0.971435546875,
0.975341796875,
0.979736328125,
0.985107421875,
0.98828125,
0.99267578125,
0.99658203125,
0.99853515625,
1.0,
