learned_per_gen,power_fit
0.0009765625,0.0021487075447692385
0.003173828125,1.6576399472786538
0.00634765625,
0.011474609375,
0.02099609375,
0.030029296875,
0.0419921875,
0.057373046875,
0.072021484375,
0.087158203125,
0.109375,
0.128173828125,
0.14892578125,
0.16943359375,
0.19384765625,
0.217529296875,
0.239501953125,
0.263671875,
0.288818359375,
0.3154296875,
0.3408203125,
0.368408203125,
0.397705078125,
0.42431640625,
0.450927734375,
0.480712890625,
0.507568359375,
0.53515625,
0.560791015625,
0.5859375,
0.61083984375,
0.63916015625,
0.66455078125,
0.6904296875,
0.716552734375,
0.73779296875,
0.760498046875,
0.7822265625,
0.80419921875,
0.824462890625,
0.842041015625,
0.859375,
0.877197265625,
0.896484375,
0.91064453125,
0.92431640625,
0.936279296875,
0.948486328125,
0.958251953125,
0.96875,
0.9765625,
0.980712890625,
0.986572265625,
0.990966796875,
0.992431640625,
0.9951171875,
0.995849609375,
0.997802734375,
0.9990234375,
1.0,
