learned_per_gen,power_fit
0.0,0.19349407842702232
0.4461805555555556,1.0034403462132975
0.6957465277777778,
0.8116319444444444,
0.8932291666666666,
0.9370659722222222,
0.9592013888888888,
0.9739583333333334,
0.9839409722222222,
0.9874131944444444,
0.9921875,
0.9947916666666666,
0.9973958333333334,
0.9982638888888888,
0.9986979166666666,
0.9991319444444444,
0.9995659722222222,
0.9995659722222222,
1.0,
