learned_per_gen,power_fit
0.00390625,0.013601570899001702
0.0205078125,1.5465513676953884
0.0576171875,
0.1025390625,
0.1572265625,
0.2109375,
0.279296875,
0.3447265625,
0.41015625,
0.48828125,
0.57421875,
0.6513671875,
0.716796875,
0.77734375,
0.830078125,
0.8583984375,
0.8828125,
0.9033203125,
0.9228515625,
0.9384765625,
0.9541015625,
0.966796875,
0.9775390625,
0.98828125,
0.9931640625,
0.9990234375,
1.0,
