learned_per_gen,power_fit
0.00390625,0.0016791331737634723
0.009765625,1.9478299484722084
0.0185546875,
0.0283203125,
0.0419921875,
0.056640625,
0.076171875,
0.0947265625,
0.115234375,
0.1484375,
0.17578125,
0.2080078125,
0.2529296875,
0.291015625,
0.330078125,
0.369140625,
0.421875,
0.466796875,
0.52734375,
0.591796875,
0.666015625,
0.744140625,
0.8046875,
0.87109375,
0.9248046875,
0.951171875,
0.9765625,
0.98828125,
0.998046875,
0.9990234375,
1.0,
