learned_per_gen,power_fit
0.00390625,0.008944353537374055
0.0234375,1.9061074091771824
0.05859375,
0.10546875,
0.169921875,
0.2548828125,
0.3662109375,
0.50390625,
0.6298828125,
0.7333984375,
0.822265625,
0.88671875,
0.9423828125,
0.97265625,
0.9892578125,
0.998046875,
0.998046875,
0.9990234375,
0.9990234375,
0.9990234375,
1.0,
