learned_per_gen,power_fit
0.0009765625,0.0037415248754452163
0.00244140625,1.413803464306113
0.005126953125,
0.00830078125,
0.014404296875,
0.0205078125,
0.028076171875,
0.036865234375,
0.048583984375,
0.061279296875,
0.075927734375,
0.093017578125,
0.109619140625,
0.127685546875,
0.147216796875,
0.164306640625,
0.18310546875,
0.209716796875,
0.233642578125,
0.257568359375,
0.282470703125,
0.30712890625,
0.332275390625,
0.35546875,
0.37744140625,
0.40185546875,
0.426513671875,
0.450439453125,
0.466796875,
0.489990234375,
0.51416015625,
0.53662109375,
0.556396484375,
0.574462890625,
0.591796875,
0.610107421875,
0.621826171875,
0.63623046875,
0.6484375,
0.663818359375,
0.679931640625,
0.693359375,
0.70458984375,
0.716552734375,
0.731689453125,
0.745361328125,
0.757568359375,
0.77001953125,
0.782470703125,
0.79443359375,
0.80810546875,
0.821533203125,
0.8349609375,
0.848388671875,
0.86279296875,
0.87548828125,
0.88916015625,
0.9013671875,
0.912353515625,
0.921630859375,
0.9296875,
0.936767578125,
0.94091796875,
0.947509765625,
0.952880859375,
0.956787109375,
0.96240234375,
0.967529296875,
0.972412109375,
0.975830078125,
0.978515625,
0.981689453125,
0.98681640625,
0.988525390625,
0.99169921875,
0.9931640625,
0.99462890625,
0.996826171875,
0.998046875,
0.998779296875,
0.998779296875,
0.9990234375,
0.99951171875,
0.999755859375,
1.0,
