learned_per_gen,power_fit
0.00390625,3.5536666022836267
0.0087890625,3.5111086126735342
0.0205078125,0.5067059217398836
0.0390625,0.5533264816442998
0.06640625,
0.0986328125,
0.1376953125,
0.181640625,
0.22265625,
0.2822265625,
0.3564453125,
0.4228515625,
0.5048828125,
0.5830078125,
0.673828125,
0.7724609375,
0.8544921875,
0.923828125,
0.96875,
0.9921875,
1.0,
