learned_per_gen,power_fit
0.001736111111111111,0.0002401292939990692
0.0030381944444444445,1.9967349846467055
0.004774305555555556,
0.006076388888888889,
0.009114583333333334,
0.012152777777777778,
0.016493055555555556,
0.021267361111111112,
0.024305555555555556,
0.026909722222222224,
0.03342013888888889,
0.038628472222222224,
0.04383680555555555,
0.04991319444444445,
0.05772569444444445,
0.06336805555555555,
0.0703125,
0.07552083333333333,
0.08550347222222222,
0.0954861111111111,
0.1037326388888889,
0.11197916666666667,
0.12109375,
0.13151041666666666,
0.1427951388888889,
0.1566840277777778,
0.1697048611111111,
0.18489583333333334,
0.19791666666666666,
0.21223958333333334,
0.22786458333333334,
0.2439236111111111,
0.2612847222222222,
0.2786458333333333,
0.2921006944444444,
0.3068576388888889,
0.3276909722222222,
0.3454861111111111,
0.3602430555555556,
0.3810763888888889,
0.3993055555555556,
0.4166666666666667,
0.4366319444444444,
0.4600694444444444,
0.48046875,
0.5030381944444444,
0.5269097222222222,
0.5512152777777778,
0.57421875,
0.6011284722222222,
0.6258680555555556,
0.6519097222222222,
0.6740451388888888,
0.6927083333333334,
0.7178819444444444,
0.73828125,
0.7621527777777778,
0.7873263888888888,
0.8072916666666666,
0.8276909722222222,
0.8441840277777778,
0.8563368055555556,
0.87109375,
0.8875868055555556,
0.9027777777777778,
0.9149305555555556,
0.9275173611111112,
0.9383680555555556,
0.9513888888888888,
0.9600694444444444,
0.9683159722222222,
0.9739583333333334,
0.9782986111111112,
0.9809027777777778,
0.9848090277777778,
0.9874131944444444,
0.9895833333333334,
0.9926215277777778,
0.9943576388888888,
0.9952256944444444,
0.9965277777777778,
0.9982638888888888,
0.9986979166666666,
0.9991319444444444,
0.9995659722222222,
0.9995659722222222,
0.9995659722222222,
0.9995659722222222,
1.0,
