learned_per_gen,power_fit
0.00390625,0.002304630481597045
0.013671875,1.943316970559746
0.0224609375,
0.0390625,
0.052734375,
0.072265625,
0.0966796875,
0.1337890625,
0.1640625,
0.2060546875,
0.2451171875,
0.2822265625,
0.3359375,
0.388671875,
0.4453125,
0.505859375,
0.5751953125,
0.6455078125,
0.716796875,
0.7890625,
0.8642578125,
0.92578125,
0.9609375,
0.9833984375,
0.9931640625,
0.9951171875,
0.998046875,
0.9990234375,
0.9990234375,
0.9990234375,
1.0,
