learned_per_gen,power_fit
0.00390625,0.0024196217435624237
0.0126953125,2.0452832665353355
0.025390625,
0.0400390625,
0.0634765625,
0.0966796875,
0.1337890625,
0.171875,
0.2158203125,
0.265625,
0.328125,
0.3876953125,
0.458984375,
0.5283203125,
0.6181640625,
0.705078125,
0.7763671875,
0.8447265625,
0.8955078125,
0.9306640625,
0.9580078125,
0.9775390625,
0.98828125,
0.9951171875,
0.998046875,
0.998046875,
0.9990234375,
0.9990234375,
0.9990234375,
0.9990234375,
0.9990234375,
1.0,
