learned_per_gen,power_fit
0.00390625,0.009087284230579838
0.02734375,1.6116156010991292
0.0654296875,
0.1171875,
0.169921875,
0.2275390625,
0.2939453125,
0.3486328125,
0.390625,
0.4306640625,
0.4716796875,
0.513671875,
0.5556640625,
0.5966796875,
0.6357421875,
0.673828125,
0.7109375,
0.7470703125,
0.7802734375,
0.810546875,
0.84375,
0.875,
0.90625,
0.9375,
0.96875,
1.0,
