learned_per_gen,power_fit
0.0,0.02490510720205651
0.79852294921875,5.0
0.959228515625,
0.99151611328125,
0.998779296875,
0.9996337890625,
1.0,
