learned_per_gen,power_fit
0.00390625,0.0007336217544398944
0.005859375,2.4477312815350296
0.0126953125,
0.021484375,
0.0341796875,
0.0556640625,
0.08203125,
0.12109375,
0.1650390625,
0.2060546875,
0.259765625,
0.3193359375,
0.37890625,
0.435546875,
0.5068359375,
0.5908203125,
0.6787109375,
0.755859375,
0.84765625,
0.916015625,
0.955078125,
0.982421875,
0.994140625,
1.0,
