learned_per_gen,power_fit
0.0009765625,0.0005279341337501602
0.002685546875,2.0706812928993292
0.005615234375,
0.010009765625,
0.01416015625,
0.02099609375,
0.02880859375,
0.03857421875,
0.049072265625,
0.061279296875,
0.0732421875,
0.087890625,
0.10595703125,
0.12451171875,
0.144775390625,
0.165771484375,
0.186767578125,
0.212158203125,
0.236328125,
0.262939453125,
0.28955078125,
0.316650390625,
0.347900390625,
0.38037109375,
0.4150390625,
0.447265625,
0.480224609375,
0.515625,
0.556640625,
0.59814453125,
0.63916015625,
0.68115234375,
0.725341796875,
0.770751953125,
0.810791015625,
0.846435546875,
0.878662109375,
0.90185546875,
0.9228515625,
0.9453125,
0.96044921875,
0.97314453125,
0.98193359375,
0.988037109375,
0.9931640625,
0.99658203125,
0.997802734375,
0.99853515625,
0.99951171875,
0.999755859375,
1.0,
