learned_per_gen,power_fit
0.00390625,0.0046297185524612604
0.0146484375,2.101055827901801
0.0439453125,
0.095703125,
0.177734375,
0.2666015625,
0.3642578125,
0.4716796875,
0.564453125,
0.66015625,
0.728515625,
0.79296875,
0.8359375,
0.8701171875,
0.8994140625,
0.93359375,
0.9609375,
0.986328125,
0.998046875,
1.0,
