learned_per_gen,power_fit
0.00390625,0.006833414028861324
0.0224609375,1.9893719021356315
0.056640625,
0.099609375,
0.166015625,
0.2412109375,
0.3310546875,
0.43359375,
0.552734375,
0.654296875,
0.744140625,
0.8251953125,
0.8876953125,
0.9326171875,
0.9658203125,
0.9814453125,
0.9912109375,
0.998046875,
1.0,
