learned_per_gen,power_fit
0.00390625,0.0010960636035427802
0.009765625,2.322757431421782
0.017578125,
0.029296875,
0.0458984375,
0.07421875,
0.0986328125,
0.134765625,
0.1787109375,
0.228515625,
0.2900390625,
0.3525390625,
0.42578125,
0.5048828125,
0.5791015625,
0.6552734375,
0.748046875,
0.8486328125,
0.931640625,
0.974609375,
0.9912109375,
0.9990234375,
1.0,
