learned_per_gen,power_fit
0.0,0.21521737469429597
0.4926215277777778,0.9581291346569528
0.7378472222222222,
0.85546875,
0.9118923611111112,
0.9544270833333334,
0.9696180555555556,
0.9809027777777778,
0.9900173611111112,
0.9939236111111112,
0.9982638888888888,
0.9991319444444444,
0.9991319444444444,
0.9991319444444444,
0.9995659722222222,
0.9995659722222222,
1.0,
