learned_per_gen,power_fit
0.0,0.14482853872445062
0.3505859375,1.1155165962760851
0.5654296875,
0.712890625,
0.81640625,
0.884765625,
0.927734375,
0.9560546875,
0.96484375,
0.98046875,
0.986328125,
0.9921875,
0.994140625,
0.9951171875,
0.9990234375,
0.9990234375,
1.0,
