learned_per_gen,power_fit
0.0,0.19959852636138462
0.400634765625,0.8954154540623304
0.63134765625,
0.7666015625,
0.856689453125,
0.905517578125,
0.937744140625,
0.9560546875,
0.969482421875,
0.979248046875,
0.988525390625,
0.9912109375,
0.9921875,
0.994140625,
0.996337890625,
0.996826171875,
0.998046875,
0.998291015625,
0.998779296875,
0.9990234375,
0.99951171875,
0.999755859375,
1.0,
