learned_per_gen,power_fit
0.000244140625,0.00010974779019092673
0.00067138671875,2.0751492429059253
0.00115966796875,
0.0020751953125,
0.00335693359375,
0.004638671875,
0.006103515625,
0.00732421875,
0.00933837890625,
0.01129150390625,
0.01458740234375,
0.0177001953125,
0.0213623046875,
0.02545166015625,
0.02984619140625,
0.03448486328125,
0.03912353515625,
0.0433349609375,
0.04925537109375,
0.05438232421875,
0.06011962890625,
0.066650390625,
0.07354736328125,
0.0806884765625,
0.0875244140625,
0.0950927734375,
0.10284423828125,
0.1102294921875,
0.11895751953125,
0.126953125,
0.1361083984375,
0.14520263671875,
0.15509033203125,
0.1656494140625,
0.17608642578125,
0.18658447265625,
0.19818115234375,
0.20941162109375,
0.22149658203125,
0.233154296875,
0.24554443359375,
0.2568359375,
0.26904296875,
0.2818603515625,
0.29522705078125,
0.30963134765625,
0.32330322265625,
0.33807373046875,
0.3524169921875,
0.36712646484375,
0.38348388671875,
0.39886474609375,
0.4154052734375,
0.43218994140625,
0.4483642578125,
0.46478271484375,
0.4815673828125,
0.4991455078125,
0.51751708984375,
0.53680419921875,
0.55438232421875,
0.57275390625,
0.5914306640625,
0.61090087890625,
0.63153076171875,
0.6517333984375,
0.6724853515625,
0.693115234375,
0.71405029296875,
0.734130859375,
0.75555419921875,
0.77642822265625,
0.797119140625,
0.81787109375,
0.83984375,
0.85931396484375,
0.874755859375,
0.88861083984375,
0.9010009765625,
0.91192626953125,
0.92218017578125,
0.9320068359375,
0.9410400390625,
0.9481201171875,
0.9544677734375,
0.9608154296875,
0.9671630859375,
0.97161865234375,
0.97613525390625,
0.97998046875,
0.98419189453125,
0.98773193359375,
0.99029541015625,
0.99224853515625,
0.9940185546875,
0.99554443359375,
0.996337890625,
0.9974365234375,
0.998046875,
0.99871826171875,
0.99920654296875,
0.99969482421875,
0.99981689453125,
1.0,
