learned_per_gen,power_fit
0.00390625,0.0014398081380737001
0.009765625,2.1991247912402345
0.017578125,
0.0302734375,
0.048828125,
0.0693359375,
0.1025390625,
0.13671875,
0.185546875,
0.2314453125,
0.2802734375,
0.337890625,
0.4033203125,
0.482421875,
0.552734375,
0.619140625,
0.6943359375,
0.7666015625,
0.828125,
0.8818359375,
0.9248046875,
0.9521484375,
0.9736328125,
0.9833984375,
0.990234375,
0.99609375,
0.9970703125,
0.998046875,
0.9990234375,
1.0,
