learned_per_gen,power_fit
0.001736111111111111,0.0019079299229831242
0.0078125,2.3966433494841994
0.025607638888888888,
0.05164930555555555,
0.08854166666666667,
0.13975694444444445,
0.2052951388888889,
0.2803819444444444,
0.3671875,
0.4717881944444444,
0.5868055555555556,
0.7100694444444444,
0.8263888888888888,
0.9231770833333334,
0.9730902777777778,
0.9956597222222222,
0.9986979166666666,
1.0,
