learned_per_gen,power_fit
0.00390625,0.0031828948813966283
0.013671875,2.4769258450465412
0.044921875,
0.1015625,
0.173828125,
0.267578125,
0.39453125,
0.541015625,
0.705078125,
0.84765625,
0.9453125,
0.986328125,
0.9970703125,
1.0,
