learned_per_gen,power_fit
0.00390625,0.0005297079558241305
0.0078125,2.2882765355780155
0.009765625,
0.0126953125,
0.01953125,
0.0283203125,
0.0419921875,
0.0576171875,
0.080078125,
0.1083984375,
0.1337890625,
0.15625,
0.1865234375,
0.2177734375,
0.2626953125,
0.30078125,
0.3427734375,
0.3984375,
0.44921875,
0.50390625,
0.56640625,
0.6298828125,
0.697265625,
0.7568359375,
0.8134765625,
0.873046875,
0.9208984375,
0.96484375,
0.98828125,
0.9990234375,
0.9990234375,
1.0,
