learned_per_gen,power_fit
0.0009765625,0.0001986887873924499
0.001708984375,2.0553139501805413
0.0029296875,
0.005126953125,
0.0068359375,
0.008544921875,
0.011474609375,
0.015625,
0.01904296875,
0.02392578125,
0.028076171875,
0.03369140625,
0.039306640625,
0.046142578125,
0.051513671875,
0.058837890625,
0.066162109375,
0.07568359375,
0.0849609375,
0.09423828125,
0.103271484375,
0.114990234375,
0.1259765625,
0.136474609375,
0.14794921875,
0.161376953125,
0.173583984375,
0.187744140625,
0.199951171875,
0.2138671875,
0.228759765625,
0.242431640625,
0.26123046875,
0.27783203125,
0.29833984375,
0.317138671875,
0.335205078125,
0.3515625,
0.36865234375,
0.3916015625,
0.410888671875,
0.428955078125,
0.4482421875,
0.469970703125,
0.490966796875,
0.51513671875,
0.5400390625,
0.56396484375,
0.589599609375,
0.615478515625,
0.6416015625,
0.667724609375,
0.691650390625,
0.716796875,
0.739013671875,
0.764404296875,
0.788818359375,
0.808349609375,
0.827880859375,
0.845703125,
0.86376953125,
0.87841796875,
0.890869140625,
0.90380859375,
0.914306640625,
0.9287109375,
0.941162109375,
0.951171875,
0.9609375,
0.967041015625,
0.973388671875,
0.978271484375,
0.982666015625,
0.986083984375,
0.990478515625,
0.9931640625,
0.994873046875,
0.996337890625,
0.99755859375,
0.998291015625,
0.9990234375,
0.99951171875,
0.999755859375,
1.0,
