learned_per_gen,power_fit
0.00390625,0.0027705391245276267
0.0107421875,1.9407936930365102
0.0224609375,
0.041015625,
0.0595703125,
0.0888671875,
0.12109375,
0.1591796875,
0.1982421875,
0.2412109375,
0.2890625,
0.3486328125,
0.3994140625,
0.458984375,
0.53125,
0.603515625,
0.6923828125,
0.76953125,
0.8447265625,
0.888671875,
0.9296875,
0.9541015625,
0.9736328125,
0.986328125,
0.9990234375,
1.0,
