learned_per_gen,power_fit
0.0,0.2292564283175249
0.45428466796875,0.8509830359942977
0.70147705078125,
0.8338623046875,
0.91070556640625,
0.9520263671875,
0.9730224609375,
0.9847412109375,
0.99188232421875,
0.99554443359375,
0.9976806640625,
0.9986572265625,
0.99932861328125,
0.99951171875,
0.999755859375,
0.99981689453125,
0.9998779296875,
0.99993896484375,
0.99993896484375,
0.99993896484375,
1.0,
