learned_per_gen,power_fit
0.0009765625,0.0004536558649845095
0.00146484375,2.0796804203453836
0.00390625,
0.00732421875,
0.01171875,
0.016357421875,
0.0224609375,
0.030029296875,
0.0380859375,
0.050048828125,
0.060302734375,
0.073974609375,
0.087890625,
0.10400390625,
0.120849609375,
0.1396484375,
0.160400390625,
0.179443359375,
0.20361328125,
0.22998046875,
0.256591796875,
0.285888671875,
0.318115234375,
0.351806640625,
0.38671875,
0.42431640625,
0.462890625,
0.500732421875,
0.5419921875,
0.5830078125,
0.626953125,
0.673828125,
0.721923828125,
0.76708984375,
0.813232421875,
0.854248046875,
0.89990234375,
0.934814453125,
0.95654296875,
0.97021484375,
0.9814453125,
0.990234375,
0.996337890625,
0.999755859375,
1.0,
