learned_per_gen,power_fit
0.0009765625,0.0019431610953710963
0.00439453125,1.8471530243806498
0.011474609375,
0.02490234375,
0.042724609375,
0.06201171875,
0.085205078125,
0.114990234375,
0.147216796875,
0.1845703125,
0.22412109375,
0.2666015625,
0.309814453125,
0.35205078125,
0.396484375,
0.44091796875,
0.485595703125,
0.52880859375,
0.566650390625,
0.6005859375,
0.635009765625,
0.662109375,
0.69287109375,
0.71875,
0.7431640625,
0.765869140625,
0.789794921875,
0.809814453125,
0.8310546875,
0.851806640625,
0.86669921875,
0.880859375,
0.893798828125,
0.905517578125,
0.9169921875,
0.9267578125,
0.93603515625,
0.943603515625,
0.952880859375,
0.960693359375,
0.967529296875,
0.974365234375,
0.9794921875,
0.985107421875,
0.98974609375,
0.993408203125,
0.99658203125,
0.999267578125,
1.0,
