class_length,rho0,delta_lambda,trial,status,completed_at
32,0.1,0.0,1,done,2026-07-23T23:44:54.302
32,0.1,0.1,1,done,2026-07-23T23:44:55.466
32,0.1,0.2,1,done,2026-07-23T23:44:57.113
32,0.1,0.3,1,done,2026-07-23T23:44:59.105
32,0.1,0.4,1,done,2026-07-23T23:45:03.174
48,0.1,0.0,1,done,2026-07-23T23:45:04.625
48,0.1,0.1,1,done,2026-07-23T23:45:06.597
48,0.1,0.2,1,done,2026-07-23T23:45:09.060
48,0.1,0.3,1,done,2026-07-23T23:45:12.298
48,0.1,0.4,1,done,2026-07-23T23:45:22.968
64,0.1,0.0,1,done,2026-07-23T23:45:27.146
64,0.1,0.1,1,done,2026-07-23T23:45:29.631
64,0.1,0.2,1,done,2026-07-23T23:45:32.896
64,0.1,0.3,1,done,2026-07-23T23:45:40.516
64,0.1,0.4,1,done,2026-07-23T23:45:46.869
96,0.1,0.0,1,done,2026-07-23T23:45:52.583
96,0.1,0.1,1,done,2026-07-23T23:45:53.581
96,0.1,0.2,1,done,2026-07-23T23:46:00.225
96,0.1,0.3,1,done,2026-07-23T23:46:08.856
96,0.1,0.4,1,done,2026-07-23T23:46:25.234
128,0.1,0.0,1,done,2026-07-23T23:46:28.418
128,0.1,0.1,1,done,2026-07-23T23:46:33.175
128,0.1,0.2,1,done,2026-07-23T23:46:40.841
128,0.1,0.3,1,done,2026-07-23T23:46:59.633
128,0.1,0.4,1,done,2026-07-23T23:47:14.607
32,0.2,0.0,1,done,2026-07-23T23:47:14.621
32,0.2,0.1,1,done,2026-07-23T23:47:17.571
32,0.2,0.2,1,done,2026-07-23T23:47:17.626
32,0.2,0.3,1,done,2026-07-23T23:47:21.273
32,0.2,0.4,1,done,2026-07-23T23:47:23.861
48,0.2,0.0,1,done,2026-07-23T23:47:23.907
48,0.2,0.1,1,done,2026-07-23T23:47:23.947
48,0.2,0.2,1,done,2026-07-23T23:47:24.024
48,0.2,0.3,1,done,2026-07-23T23:47:24.118
48,0.2,0.4,1,done,2026-07-23T23:47:27.876
64,0.2,0.0,1,done,2026-07-23T23:47:27.958
64,0.2,0.1,1,done,2026-07-23T23:47:28.065
64,0.2,0.2,1,done,2026-07-23T23:47:31.969
64,0.2,0.3,1,done,2026-07-23T23:47:32.256
64,0.2,0.4,1,done,2026-07-23T23:47:35.745
96,0.2,0.0,1,done,2026-07-23T23:47:36.092
96,0.2,0.1,1,done,2026-07-23T23:47:36.545
96,0.2,0.2,1,done,2026-07-23T23:47:36.971
96,0.2,0.3,1,done,2026-07-23T23:47:37.381
96,0.2,0.4,1,done,2026-07-23T23:47:42.752
128,0.2,0.0,1,done,2026-07-23T23:47:43.512
128,0.2,0.1,1,done,2026-07-23T23:47:45.012
128,0.2,0.2,1,done,2026-07-23T23:47:48.333
128,0.2,0.3,1,done,2026-07-23T23:47:49.868
128,0.2,0.4,1,done,2026-07-23T23:47:59.284
32,0.3,0.0,1,done,2026-07-23T23:47:59.293
32,0.3,0.1,1,done,2026-07-23T23:47:59.305
32,0.3,0.2,1,done,2026-07-23T23:47:59.336
32,0.3,0.3,1,done,2026-07-23T23:48:06.032
32,0.3,0.4,1,done,2026-07-23T23:48:06.076
48,0.3,0.0,1,done,2026-07-23T23:48:06.109
48,0.3,0.1,1,done,2026-07-23T23:48:06.134
48,0.3,0.2,1,done,2026-07-23T23:48:06.166
48,0.3,0.3,1,done,2026-07-23T23:48:06.205
48,0.3,0.4,1,done,2026-07-23T23:48:06.288
64,0.3,0.0,1,done,2026-07-23T23:48:06.537
64,0.3,0.1,1,done,2026-07-23T23:48:06.688
64,0.3,0.2,1,done,2026-07-23T23:48:06.864
64,0.3,0.3,1,done,2026-07-23T23:48:06.990
64,0.3,0.4,1,done,2026-07-23T23:48:07.251
96,0.3,0.0,1,done,2026-07-23T23:48:08.134
96,0.3,0.1,1,done,2026-07-23T23:48:09.236
96,0.3,0.2,1,done,2026-07-23T23:48:09.518
96,0.3,0.3,1,done,2026-07-23T23:48:10.570
96,0.3,0.4,1,done,2026-07-23T23:48:12.042
128,0.3,0.0,1,done,2026-07-23T23:48:13.166
128,0.3,0.1,1,done,2026-07-23T23:48:14.954
128,0.3,0.2,1,done,2026-07-23T23:48:16.838
128,0.3,0.3,1,done,2026-07-23T23:48:18.207
128,0.3,0.4,1,done,2026-07-23T23:48:19.713
32,0.4,0.0,1,done,2026-07-23T23:48:19.724
32,0.4,0.1,1,done,2026-07-23T23:48:19.988
32,0.4,0.2,1,done,2026-07-23T23:48:20
32,0.4,0.3,1,done,2026-07-23T23:48:20.026
32,0.4,0.4,1,done,2026-07-23T23:48:25.951
48,0.4,0.0,1,done,2026-07-23T23:48:26.032
48,0.4,0.1,1,done,2026-07-23T23:48:26.137
48,0.4,0.2,1,done,2026-07-23T23:48:28.957
48,0.4,0.3,1,done,2026-07-23T23:48:29.047
48,0.4,0.4,1,done,2026-07-23T23:48:34.523
64,0.4,0.0,1,done,2026-07-23T23:48:34.697
64,0.4,0.1,1,done,2026-07-23T23:48:35.041
64,0.4,0.2,1,done,2026-07-23T23:48:35.242
64,0.4,0.3,1,done,2026-07-23T23:48:35.538
64,0.4,0.4,1,done,2026-07-23T23:48:45.589
96,0.4,0.0,1,done,2026-07-23T23:48:47.266
96,0.4,0.1,1,done,2026-07-23T23:48:49.157
96,0.4,0.2,1,done,2026-07-23T23:48:51.213
96,0.4,0.3,1,done,2026-07-23T23:48:54.661
96,0.4,0.4,1,done,2026-07-23T23:49:02.596
128,0.4,0.0,1,done,2026-07-23T23:49:04.441
128,0.4,0.1,1,done,2026-07-23T23:49:07.119
128,0.4,0.2,1,done,2026-07-23T23:49:08.486
128,0.4,0.3,1,done,2026-07-23T23:49:10.508
128,0.4,0.4,1,done,2026-07-23T23:49:16.124
32,0.5,0.0,1,done,2026-07-23T23:49:16.137
32,0.5,0.1,1,done,2026-07-23T23:49:16.146
32,0.5,0.2,1,done,2026-07-23T23:49:16.186
32,0.5,0.3,1,done,2026-07-23T23:49:16.201
32,0.5,0.4,1,done,2026-07-23T23:49:16.646
48,0.5,0.0,1,done,2026-07-23T23:49:16.738
48,0.5,0.1,1,done,2026-07-23T23:49:16.833
48,0.5,0.2,1,done,2026-07-23T23:49:16.982
48,0.5,0.3,1,done,2026-07-23T23:49:17.337
48,0.5,0.4,1,done,2026-07-23T23:49:29.641
64,0.5,0.0,1,done,2026-07-23T23:49:29.686
64,0.5,0.1,1,done,2026-07-23T23:49:29.789
64,0.5,0.2,1,done,2026-07-23T23:49:29.879
64,0.5,0.3,1,done,2026-07-23T23:49:30.063
64,0.5,0.4,1,done,2026-07-23T23:49:30.229
96,0.5,0.0,1,done,2026-07-23T23:49:30.498
96,0.5,0.1,1,done,2026-07-23T23:49:31.078
96,0.5,0.2,1,done,2026-07-23T23:49:32.251
96,0.5,0.3,1,done,2026-07-23T23:49:33.609
96,0.5,0.4,1,done,2026-07-23T23:49:34.970
128,0.5,0.0,1,done,2026-07-23T23:49:35.972
128,0.5,0.1,1,done,2026-07-23T23:49:37.054
128,0.5,0.2,1,done,2026-07-23T23:49:38.620
128,0.5,0.3,1,done,2026-07-23T23:49:41.402
128,0.5,0.4,1,done,2026-07-23T23:49:48.393
32,0.6,0.0,1,done,2026-07-23T23:49:48.397
32,0.6,0.1,1,done,2026-07-23T23:49:48.403
32,0.6,0.2,1,done,2026-07-23T23:49:48.435
32,0.6,0.3,1,done,2026-07-23T23:49:48.443
32,0.6,0.4,1,done,2026-07-23T23:49:48.605
48,0.6,0.0,1,done,2026-07-23T23:49:48.664
48,0.6,0.1,1,done,2026-07-23T23:49:48.715
48,0.6,0.2,1,done,2026-07-23T23:49:49.133
48,0.6,0.3,1,done,2026-07-23T23:49:49.212
48,0.6,0.4,1,done,2026-07-23T23:49:49.342
64,0.6,0.0,1,done,2026-07-23T23:49:49.877
64,0.6,0.1,1,done,2026-07-23T23:49:50.697
64,0.6,0.2,1,done,2026-07-23T23:49:51.160
64,0.6,0.3,1,done,2026-07-23T23:49:51.651
64,0.6,0.4,1,done,2026-07-23T23:49:53.001
96,0.6,0.0,1,done,2026-07-23T23:49:53.952
96,0.6,0.1,1,done,2026-07-23T23:49:54.654
96,0.6,0.2,1,done,2026-07-23T23:49:55.339
96,0.6,0.3,1,done,2026-07-23T23:49:56.203
96,0.6,0.4,1,done,2026-07-23T23:50:04.032
128,0.6,0.0,1,done,2026-07-23T23:50:09.410
128,0.6,0.1,1,done,2026-07-23T23:50:14.219
128,0.6,0.2,1,done,2026-07-23T23:50:20.229
128,0.6,0.3,1,done,2026-07-23T23:50:27.816
128,0.6,0.4,1,done,2026-07-23T23:50:31.954
32,0.7,0.0,1,done,2026-07-23T23:50:31.960
32,0.7,0.1,1,done,2026-07-23T23:50:31.970
32,0.7,0.2,1,done,2026-07-23T23:50:31.981
32,0.7,0.3,1,done,2026-07-23T23:50:32.006
32,0.7,0.4,1,done,2026-07-23T23:50:35.565
48,0.7,0.0,1,done,2026-07-23T23:50:35.674
48,0.7,0.1,1,done,2026-07-23T23:50:35.969
48,0.7,0.2,1,done,2026-07-23T23:50:36.099
48,0.7,0.3,1,done,2026-07-23T23:50:36.254
48,0.7,0.4,1,done,2026-07-23T23:50:36.707
64,0.7,0.0,1,done,2026-07-23T23:50:37.179
64,0.7,0.1,1,done,2026-07-23T23:50:37.782
64,0.7,0.2,1,done,2026-07-23T23:50:39.317
64,0.7,0.3,1,done,2026-07-23T23:50:39.850
64,0.7,0.4,1,done,2026-07-23T23:50:40.688
96,0.7,0.0,1,done,2026-07-23T23:50:43.204
96,0.7,0.1,1,done,2026-07-23T23:50:45.790
96,0.7,0.2,1,done,2026-07-23T23:50:48.098
96,0.7,0.3,1,done,2026-07-23T23:50:51.388
96,0.7,0.4,1,done,2026-07-23T23:50:53.365
128,0.7,0.0,1,done,2026-07-23T23:50:58.316
128,0.7,0.1,1,done,2026-07-23T23:51:01.448
128,0.7,0.2,1,done,2026-07-23T23:51:04.271
128,0.7,0.3,1,done,2026-07-23T23:51:06.303
128,0.7,0.4,1,done,2026-07-23T23:51:08.765
32,0.8,0.0,1,done,2026-07-23T23:51:08.771
32,0.8,0.1,1,done,2026-07-23T23:51:08.778
32,0.8,0.2,1,done,2026-07-23T23:51:08.788
32,0.8,0.3,1,done,2026-07-23T23:51:08.802
32,0.8,0.4,1,done,2026-07-23T23:51:08.821
48,0.8,0.0,1,done,2026-07-23T23:51:08.914
48,0.8,0.1,1,done,2026-07-23T23:51:08.992
48,0.8,0.2,1,done,2026-07-23T23:51:09.118
48,0.8,0.3,1,done,2026-07-23T23:51:09.935
48,0.8,0.4,1,done,2026-07-23T23:51:10.018
64,0.8,0.0,1,done,2026-07-23T23:51:10.209
64,0.8,0.1,1,done,2026-07-23T23:51:10.407
64,0.8,0.2,1,done,2026-07-23T23:51:11.285
64,0.8,0.3,1,done,2026-07-23T23:51:11.424
64,0.8,0.4,1,done,2026-07-23T23:51:11.945
96,0.8,0.0,1,done,2026-07-23T23:51:12.925
96,0.8,0.1,1,done,2026-07-23T23:51:14.899
96,0.8,0.2,1,done,2026-07-23T23:51:16.228
96,0.8,0.3,1,done,2026-07-23T23:51:17.753
96,0.8,0.4,1,done,2026-07-23T23:51:21.363
128,0.8,0.0,1,done,2026-07-23T23:51:24.235
128,0.8,0.1,1,done,2026-07-23T23:51:27.092
128,0.8,0.2,1,done,2026-07-23T23:51:29.662
128,0.8,0.3,1,done,2026-07-23T23:51:32.336
128,0.8,0.4,1,done,2026-07-23T23:51:34.179
32,0.9,0.0,1,done,2026-07-23T23:51:34.183
32,0.9,0.1,1,done,2026-07-23T23:51:34.469
32,0.9,0.2,1,done,2026-07-23T23:51:34.476
32,0.9,0.3,1,done,2026-07-23T23:51:34.482
32,0.9,0.4,1,done,2026-07-23T23:51:34.492
48,0.9,0.0,1,done,2026-07-23T23:51:34.587
48,0.9,0.1,1,done,2026-07-23T23:51:34.657
48,0.9,0.2,1,done,2026-07-23T23:51:34.724
48,0.9,0.3,1,done,2026-07-23T23:51:34.824
48,0.9,0.4,1,done,2026-07-23T23:51:35.713
64,0.9,0.0,1,done,2026-07-23T23:51:35.814
64,0.9,0.1,1,done,2026-07-23T23:51:36.018
64,0.9,0.2,1,done,2026-07-23T23:51:36.206
64,0.9,0.3,1,done,2026-07-23T23:51:36.693
64,0.9,0.4,1,done,2026-07-23T23:51:36.922
96,0.9,0.0,1,done,2026-07-23T23:51:38.217
96,0.9,0.1,1,done,2026-07-23T23:51:38.779
96,0.9,0.2,1,done,2026-07-23T23:51:39.679
96,0.9,0.3,1,done,2026-07-23T23:51:41.809
96,0.9,0.4,1,done,2026-07-23T23:51:43.021
128,0.9,0.0,1,done,2026-07-23T23:51:44.364
128,0.9,0.1,1,done,2026-07-23T23:51:46.239
128,0.9,0.2,1,done,2026-07-23T23:51:48.137
128,0.9,0.3,1,done,2026-07-23T23:51:50.787
128,0.9,0.4,1,done,2026-07-23T23:51:51.861
32,1.0,0.0,1,done,2026-07-23T23:51:51.915
32,1.0,0.1,1,done,2026-07-23T23:51:51.920
32,1.0,0.2,1,done,2026-07-23T23:51:51.930
32,1.0,0.3,1,done,2026-07-23T23:51:52.096
32,1.0,0.4,1,done,2026-07-23T23:51:52.140
48,1.0,0.0,1,done,2026-07-23T23:51:52.186
48,1.0,0.1,1,done,2026-07-23T23:51:52.253
48,1.0,0.2,1,done,2026-07-23T23:51:52.277
48,1.0,0.3,1,done,2026-07-23T23:51:52.342
48,1.0,0.4,1,done,2026-07-23T23:51:52.417
64,1.0,0.0,1,done,2026-07-23T23:51:52.464
64,1.0,0.1,1,done,2026-07-23T23:51:53.024
64,1.0,0.2,1,done,2026-07-23T23:51:53.150
64,1.0,0.3,1,done,2026-07-23T23:51:53.472
64,1.0,0.4,1,done,2026-07-23T23:51:53.777
96,1.0,0.0,1,done,2026-07-23T23:51:54.278
96,1.0,0.1,1,done,2026-07-23T23:51:54.650
96,1.0,0.2,1,done,2026-07-23T23:51:55.328
96,1.0,0.3,1,done,2026-07-23T23:51:56.335
96,1.0,0.4,1,done,2026-07-23T23:51:57.857
128,1.0,0.0,1,done,2026-07-23T23:51:59.252
128,1.0,0.1,1,done,2026-07-23T23:52:01.172
128,1.0,0.2,1,done,2026-07-23T23:52:02.833
128,1.0,0.3,1,done,2026-07-23T23:52:04.977
128,1.0,0.4,1,done,2026-07-23T23:52:07.794
32,0.1,0.0,2,done,2026-07-23T23:52:21.780
32,0.1,0.1,2,done,2026-07-23T23:52:24.203
32,0.1,0.2,2,done,2026-07-23T23:52:25.273
32,0.1,0.3,2,done,2026-07-23T23:52:25.361
32,0.1,0.4,2,done,2026-07-23T23:52:38.700
48,0.1,0.0,2,done,2026-07-23T23:52:43.266
48,0.1,0.1,2,done,2026-07-23T23:52:43.539
48,0.1,0.2,2,done,2026-07-23T23:52:43.994
48,0.1,0.3,2,done,2026-07-23T23:52:53.856
48,0.1,0.4,2,done,2026-07-23T23:53:16.435
64,0.1,0.0,2,done,2026-07-23T23:53:17.945
64,0.1,0.1,2,done,2026-07-23T23:53:18.888
64,0.1,0.2,2,done,2026-07-23T23:53:40.501
64,0.1,0.3,2,done,2026-07-23T23:53:50.665
64,0.1,0.4,2,done,2026-07-23T23:54:17.963
96,0.1,0.0,2,done,2026-07-23T23:54:20.251
96,0.1,0.1,2,done,2026-07-23T23:54:21.621
96,0.1,0.2,2,done,2026-07-23T23:54:32.274
96,0.1,0.3,2,done,2026-07-23T23:54:49.342
96,0.1,0.4,2,done,2026-07-23T23:55:02.736
128,0.1,0.0,2,done,2026-07-23T23:55:03.731
128,0.1,0.1,2,done,2026-07-23T23:55:05.538
128,0.1,0.2,2,done,2026-07-23T23:55:07.715
128,0.1,0.3,2,done,2026-07-23T23:55:22.388
128,0.1,0.4,2,done,2026-07-23T23:55:47.687
32,0.2,0.0,2,done,2026-07-23T23:55:48.213
32,0.2,0.1,2,done,2026-07-23T23:55:48.227
32,0.2,0.2,2,done,2026-07-23T23:55:48.242
32,0.2,0.3,2,done,2026-07-23T23:55:48.277
32,0.2,0.4,2,done,2026-07-23T23:55:48.334
48,0.2,0.0,2,done,2026-07-23T23:55:48.440
48,0.2,0.1,2,done,2026-07-23T23:55:48.963
48,0.2,0.2,2,done,2026-07-23T23:55:49.111
48,0.2,0.3,2,done,2026-07-23T23:55:55.798
48,0.2,0.4,2,done,2026-07-23T23:56:09.778
64,0.2,0.0,2,done,2026-07-23T23:56:10.042
64,0.2,0.1,2,done,2026-07-23T23:56:10.548
64,0.2,0.2,2,done,2026-07-23T23:56:11.689
64,0.2,0.3,2,done,2026-07-23T23:56:13.010
64,0.2,0.4,2,done,2026-07-23T23:56:19.813
96,0.2,0.0,2,done,2026-07-23T23:56:21.549
96,0.2,0.1,2,done,2026-07-23T23:56:23.316
96,0.2,0.2,2,done,2026-07-23T23:56:25.422
96,0.2,0.3,2,done,2026-07-23T23:56:26.779
96,0.2,0.4,2,done,2026-07-23T23:56:28.664
128,0.2,0.0,2,done,2026-07-23T23:56:31.890
128,0.2,0.1,2,done,2026-07-23T23:56:34.285
128,0.2,0.2,2,done,2026-07-23T23:56:39.072
128,0.2,0.3,2,done,2026-07-23T23:56:43.266
128,0.2,0.4,2,done,2026-07-23T23:56:48.044
32,0.3,0.0,2,done,2026-07-23T23:56:48.058
32,0.3,0.1,2,done,2026-07-23T23:56:48.069
32,0.3,0.2,2,done,2026-07-23T23:56:48.088
32,0.3,0.3,2,done,2026-07-23T23:56:48.119
32,0.3,0.4,2,done,2026-07-23T23:56:48.196
48,0.3,0.0,2,done,2026-07-23T23:56:49.271
48,0.3,0.1,2,done,2026-07-23T23:56:49.402
48,0.3,0.2,2,done,2026-07-23T23:56:49.777
48,0.3,0.3,2,done,2026-07-23T23:56:50.135
48,0.3,0.4,2,done,2026-07-23T23:56:50.994
64,0.3,0.0,2,done,2026-07-23T23:56:51.959
64,0.3,0.1,2,done,2026-07-23T23:56:53.583
64,0.3,0.2,2,done,2026-07-23T23:56:54.437
64,0.3,0.3,2,done,2026-07-23T23:56:54.952
64,0.3,0.4,2,done,2026-07-23T23:56:55.561
96,0.3,0.0,2,done,2026-07-23T23:56:56.534
96,0.3,0.1,2,done,2026-07-23T23:56:57.919
96,0.3,0.2,2,done,2026-07-23T23:56:59.440
96,0.3,0.3,2,done,2026-07-23T23:57:01.472
96,0.3,0.4,2,done,2026-07-23T23:57:20.945
128,0.3,0.0,2,done,2026-07-23T23:57:24.884
128,0.3,0.1,2,done,2026-07-23T23:57:27.238
128,0.3,0.2,2,done,2026-07-23T23:57:28.632
128,0.3,0.3,2,done,2026-07-23T23:57:31.644
128,0.3,0.4,2,done,2026-07-23T23:57:39.208
32,0.4,0.0,2,done,2026-07-23T23:57:39.215
32,0.4,0.1,2,done,2026-07-23T23:57:39.224
32,0.4,0.2,2,done,2026-07-23T23:57:39.238
32,0.4,0.3,2,done,2026-07-23T23:57:39.251
32,0.4,0.4,2,done,2026-07-23T23:57:39.293
48,0.4,0.0,2,done,2026-07-23T23:57:39.484
48,0.4,0.1,2,done,2026-07-23T23:57:39.581
48,0.4,0.2,2,done,2026-07-23T23:57:40.246
48,0.4,0.3,2,done,2026-07-23T23:57:40.313
48,0.4,0.4,2,done,2026-07-23T23:57:40.579
64,0.4,0.0,2,done,2026-07-23T23:57:41
64,0.4,0.1,2,done,2026-07-23T23:57:41.509
64,0.4,0.2,2,done,2026-07-23T23:57:42.888
64,0.4,0.3,2,done,2026-07-23T23:57:44.321
64,0.4,0.4,2,done,2026-07-23T23:57:46.458
96,0.4,0.0,2,done,2026-07-23T23:57:49.476
96,0.4,0.1,2,done,2026-07-23T23:57:52.382
96,0.4,0.2,2,done,2026-07-23T23:57:54.829
96,0.4,0.3,2,done,2026-07-23T23:57:57.964
96,0.4,0.4,2,done,2026-07-23T23:58:00.675
128,0.4,0.0,2,done,2026-07-23T23:58:05.810
128,0.4,0.1,2,done,2026-07-23T23:58:09.040
128,0.4,0.2,2,done,2026-07-23T23:58:12.070
128,0.4,0.3,2,done,2026-07-23T23:58:16.584
128,0.4,0.4,2,done,2026-07-23T23:58:28.238
32,0.5,0.0,2,done,2026-07-23T23:58:28.246
32,0.5,0.1,2,done,2026-07-23T23:58:28.256
32,0.5,0.2,2,done,2026-07-23T23:58:28.280
32,0.5,0.3,2,done,2026-07-23T23:58:28.306
32,0.5,0.4,2,done,2026-07-23T23:58:28.376
48,0.5,0.0,2,done,2026-07-23T23:58:29.175
48,0.5,0.1,2,done,2026-07-23T23:58:29.263
48,0.5,0.2,2,done,2026-07-23T23:58:29.551
48,0.5,0.3,2,done,2026-07-23T23:58:29.651
48,0.5,0.4,2,done,2026-07-23T23:58:29.905
64,0.5,0.0,2,done,2026-07-23T23:58:30.095
64,0.5,0.1,2,done,2026-07-23T23:58:30.462
64,0.5,0.2,2,done,2026-07-23T23:58:30.778
64,0.5,0.3,2,done,2026-07-23T23:58:31.805
64,0.5,0.4,2,done,2026-07-23T23:58:32.750
96,0.5,0.0,2,done,2026-07-23T23:58:35.371
96,0.5,0.1,2,done,2026-07-23T23:58:37.677
96,0.5,0.2,2,done,2026-07-23T23:58:40.544
96,0.5,0.3,2,done,2026-07-23T23:58:44
96,0.5,0.4,2,done,2026-07-23T23:58:47.352
128,0.5,0.0,2,done,2026-07-23T23:58:51.265
128,0.5,0.1,2,done,2026-07-23T23:58:55.395
128,0.5,0.2,2,done,2026-07-23T23:59:01.591
128,0.5,0.3,2,done,2026-07-23T23:59:06.368
128,0.5,0.4,2,done,2026-07-23T23:59:12.444
32,0.6,0.0,2,done,2026-07-23T23:59:12.452
32,0.6,0.1,2,done,2026-07-23T23:59:12.847
32,0.6,0.2,2,done,2026-07-23T23:59:12.855
32,0.6,0.3,2,done,2026-07-23T23:59:12.867
32,0.6,0.4,2,done,2026-07-23T23:59:12.890
48,0.6,0.0,2,done,2026-07-23T23:59:13.049
48,0.6,0.1,2,done,2026-07-23T23:59:13.180
48,0.6,0.2,2,done,2026-07-23T23:59:13.387
48,0.6,0.3,2,done,2026-07-23T23:59:13.491
48,0.6,0.4,2,done,2026-07-23T23:59:13.639
64,0.6,0.0,2,done,2026-07-23T23:59:14.578
64,0.6,0.1,2,done,2026-07-23T23:59:15.568
64,0.6,0.2,2,done,2026-07-23T23:59:16.108
64,0.6,0.3,2,done,2026-07-23T23:59:16.708
64,0.6,0.4,2,done,2026-07-23T23:59:18.856
96,0.6,0.0,2,done,2026-07-23T23:59:21.033
96,0.6,0.1,2,done,2026-07-23T23:59:23.216
96,0.6,0.2,2,done,2026-07-23T23:59:26.077
96,0.6,0.3,2,done,2026-07-23T23:59:28.250
96,0.6,0.4,2,done,2026-07-23T23:59:30.242
128,0.6,0.0,2,done,2026-07-23T23:59:35.270
128,0.6,0.1,2,done,2026-07-23T23:59:41.084
128,0.6,0.2,2,done,2026-07-23T23:59:45.968
128,0.6,0.3,2,done,2026-07-23T23:59:49.010
128,0.6,0.4,2,done,2026-07-23T23:59:52.834
32,0.7,0.0,2,done,2026-07-23T23:59:52.842
32,0.7,0.1,2,done,2026-07-23T23:59:52.853
32,0.7,0.2,2,done,2026-07-23T23:59:52.861
32,0.7,0.3,2,done,2026-07-23T23:59:52.879
32,0.7,0.4,2,done,2026-07-23T23:59:53.129
48,0.7,0.0,2,done,2026-07-23T23:59:53.373
48,0.7,0.1,2,done,2026-07-23T23:59:53.569
48,0.7,0.2,2,done,2026-07-23T23:59:54.278
48,0.7,0.3,2,done,2026-07-23T23:59:54.416
48,0.7,0.4,2,done,2026-07-23T23:59:54.761
64,0.7,0.0,2,done,2026-07-23T23:59:55.591
64,0.7,0.1,2,done,2026-07-23T23:59:56.048
64,0.7,0.2,2,done,2026-07-23T23:59:56.551
64,0.7,0.3,2,done,2026-07-23T23:59:57.315
64,0.7,0.4,2,done,2026-07-23T23:59:58.489
96,0.7,0.0,2,done,2026-07-24T00:00:00.760
96,0.7,0.1,2,done,2026-07-24T00:00:02.560
96,0.7,0.2,2,done,2026-07-24T00:00:05.325
96,0.7,0.3,2,done,2026-07-24T00:00:07.684
96,0.7,0.4,2,done,2026-07-24T00:00:10.232
128,0.7,0.0,2,done,2026-07-24T00:00:13.284
128,0.7,0.1,2,done,2026-07-24T00:00:17.378
128,0.7,0.2,2,done,2026-07-24T00:00:21.032
128,0.7,0.3,2,done,2026-07-24T00:00:22.683
128,0.7,0.4,2,done,2026-07-24T00:00:26.518
32,0.8,0.0,2,done,2026-07-24T00:00:26.529
32,0.8,0.1,2,done,2026-07-24T00:00:26.549
32,0.8,0.2,2,done,2026-07-24T00:00:26.558
32,0.8,0.3,2,done,2026-07-24T00:00:26.572
32,0.8,0.4,2,done,2026-07-24T00:00:26.622
48,0.8,0.0,2,done,2026-07-24T00:00:27.231
48,0.8,0.1,2,done,2026-07-24T00:00:27.294
48,0.8,0.2,2,done,2026-07-24T00:00:27.422
48,0.8,0.3,2,done,2026-07-24T00:00:27.596
48,0.8,0.4,2,done,2026-07-24T00:00:27.753
64,0.8,0.0,2,done,2026-07-24T00:00:28.102
64,0.8,0.1,2,done,2026-07-24T00:00:29.693
64,0.8,0.2,2,done,2026-07-24T00:00:29.986
64,0.8,0.3,2,done,2026-07-24T00:00:30.275
64,0.8,0.4,2,done,2026-07-24T00:00:30.833
96,0.8,0.0,2,done,2026-07-24T00:00:32.299
96,0.8,0.1,2,done,2026-07-24T00:00:33.989
96,0.8,0.2,2,done,2026-07-24T00:00:35.844
96,0.8,0.3,2,done,2026-07-24T00:00:37.267
96,0.8,0.4,2,done,2026-07-24T00:00:38.118
128,0.8,0.0,2,done,2026-07-24T00:00:40.835
128,0.8,0.1,2,done,2026-07-24T00:00:42.435
128,0.8,0.2,2,done,2026-07-24T00:00:45.674
128,0.8,0.3,2,done,2026-07-24T00:00:48.734
128,0.8,0.4,2,done,2026-07-24T00:00:52.586
32,0.9,0.0,2,done,2026-07-24T00:00:52.595
32,0.9,0.1,2,done,2026-07-24T00:00:52.606
32,0.9,0.2,2,done,2026-07-24T00:00:52.624
32,0.9,0.3,2,done,2026-07-24T00:00:52.641
32,0.9,0.4,2,done,2026-07-24T00:00:52.672
48,0.9,0.0,2,done,2026-07-24T00:00:52.896
48,0.9,0.1,2,done,2026-07-24T00:00:53.591
48,0.9,0.2,2,done,2026-07-24T00:00:53.756
48,0.9,0.3,2,done,2026-07-24T00:00:53.946
48,0.9,0.4,2,done,2026-07-24T00:00:54.216
64,0.9,0.0,2,done,2026-07-24T00:00:54.708
64,0.9,0.1,2,done,2026-07-24T00:00:55.030
64,0.9,0.2,2,done,2026-07-24T00:00:57.381
64,0.9,0.3,2,done,2026-07-24T00:00:57.611
64,0.9,0.4,2,done,2026-07-24T00:00:57.969
96,0.9,0.0,2,done,2026-07-24T00:00:59.309
96,0.9,0.1,2,done,2026-07-24T00:01:00.976
96,0.9,0.2,2,done,2026-07-24T00:01:03.607
96,0.9,0.3,2,done,2026-07-24T00:01:06.974
96,0.9,0.4,2,done,2026-07-24T00:01:08.714
128,0.9,0.0,2,done,2026-07-24T00:01:11.299
128,0.9,0.1,2,done,2026-07-24T00:01:14.941
128,0.9,0.2,2,done,2026-07-24T00:01:18.089
128,0.9,0.3,2,done,2026-07-24T00:01:20.668
128,0.9,0.4,2,done,2026-07-24T00:01:22.987
32,1.0,0.0,2,done,2026-07-24T00:01:22.997
32,1.0,0.1,2,done,2026-07-24T00:01:23.011
32,1.0,0.2,2,done,2026-07-24T00:01:23.023
32,1.0,0.3,2,done,2026-07-24T00:01:23.037
32,1.0,0.4,2,done,2026-07-24T00:01:23.058
48,1.0,0.0,2,done,2026-07-24T00:01:23.537
48,1.0,0.1,2,done,2026-07-24T00:01:23.635
48,1.0,0.2,2,done,2026-07-24T00:01:23.731
48,1.0,0.3,2,done,2026-07-24T00:01:23.911
48,1.0,0.4,2,done,2026-07-24T00:01:25.643
64,1.0,0.0,2,done,2026-07-24T00:01:25.960
64,1.0,0.1,2,done,2026-07-24T00:01:26.396
64,1.0,0.2,2,done,2026-07-24T00:01:26.896
64,1.0,0.3,2,done,2026-07-24T00:01:28.947
64,1.0,0.4,2,done,2026-07-24T00:01:29.422
96,1.0,0.0,2,done,2026-07-24T00:01:30.579
96,1.0,0.1,2,done,2026-07-24T00:01:32.074
96,1.0,0.2,2,done,2026-07-24T00:01:33.733
96,1.0,0.3,2,done,2026-07-24T00:01:37.024
96,1.0,0.4,2,done,2026-07-24T00:01:41.844
128,1.0,0.0,2,done,2026-07-24T00:01:44.591
128,1.0,0.1,2,done,2026-07-24T00:01:47.165
128,1.0,0.2,2,done,2026-07-24T00:01:54.155
128,1.0,0.3,2,done,2026-07-24T00:01:57.108
128,1.0,0.4,2,done,2026-07-24T00:02:00.189
32,0.1,0.0,3,done,2026-07-24T00:02:00.239
32,0.1,0.1,3,done,2026-07-24T00:02:00.329
32,0.1,0.2,3,done,2026-07-24T00:02:00.421
32,0.1,0.3,3,done,2026-07-24T00:02:12.293
32,0.1,0.4,3,done,2026-07-24T00:02:26.191
48,0.1,0.0,3,done,2026-07-24T00:02:26.536
48,0.1,0.1,3,done,2026-07-24T00:02:26.659
48,0.1,0.2,3,done,2026-07-24T00:02:26.813
48,0.1,0.3,3,done,2026-07-24T00:02:28.377
48,0.1,0.4,3,done,2026-07-24T00:02:41.380
64,0.1,0.0,3,done,2026-07-24T00:02:41.487
64,0.1,0.1,3,done,2026-07-24T00:02:41.862
64,0.1,0.2,3,done,2026-07-24T00:02:42.033
64,0.1,0.3,3,done,2026-07-24T00:02:42.592
64,0.1,0.4,3,done,2026-07-24T00:02:46.705
96,0.1,0.0,3,done,2026-07-24T00:02:47.446
96,0.1,0.1,3,done,2026-07-24T00:02:47.993
96,0.1,0.2,3,done,2026-07-24T00:02:52.419
96,0.1,0.3,3,done,2026-07-24T00:02:57.762
96,0.1,0.4,3,done,2026-07-24T00:02:58.982
128,0.1,0.0,3,done,2026-07-24T00:03:01.007
128,0.1,0.1,3,done,2026-07-24T00:03:05.155
128,0.1,0.2,3,done,2026-07-24T00:03:07.264
128,0.1,0.3,3,done,2026-07-24T00:03:14.955
128,0.1,0.4,3,done,2026-07-24T00:03:27.250
32,0.2,0.0,3,done,2026-07-24T00:03:27.258
32,0.2,0.1,3,done,2026-07-24T00:03:27.269
32,0.2,0.2,3,done,2026-07-24T00:03:27.292
32,0.2,0.3,3,done,2026-07-24T00:03:27.320
32,0.2,0.4,3,done,2026-07-24T00:03:27.405
48,0.2,0.0,3,done,2026-07-24T00:03:27.460
48,0.2,0.1,3,done,2026-07-24T00:03:27.497
48,0.2,0.2,3,done,2026-07-24T00:03:27.542
48,0.2,0.3,3,done,2026-07-24T00:03:27.837
48,0.2,0.4,3,done,2026-07-24T00:03:29.658
64,0.2,0.0,3,done,2026-07-24T00:03:29.933
64,0.2,0.1,3,done,2026-07-24T00:03:30.175
64,0.2,0.2,3,done,2026-07-24T00:03:30.814
64,0.2,0.3,3,done,2026-07-24T00:03:31.212
64,0.2,0.4,3,done,2026-07-24T00:03:32.530
96,0.2,0.0,3,done,2026-07-24T00:03:33.605
96,0.2,0.1,3,done,2026-07-24T00:03:35.846
96,0.2,0.2,3,done,2026-07-24T00:03:37.196
96,0.2,0.3,3,done,2026-07-24T00:03:39.140
96,0.2,0.4,3,done,2026-07-24T00:03:46.065
128,0.2,0.0,3,done,2026-07-24T00:03:47.273
128,0.2,0.1,3,done,2026-07-24T00:03:48.667
128,0.2,0.2,3,done,2026-07-24T00:03:52.567
128,0.2,0.3,3,done,2026-07-24T00:03:56.131
128,0.2,0.4,3,done,2026-07-24T00:04:05.419
32,0.3,0.0,3,done,2026-07-24T00:04:05.427
32,0.3,0.1,3,done,2026-07-24T00:04:05.436
32,0.3,0.2,3,done,2026-07-24T00:04:05.449
32,0.3,0.3,3,done,2026-07-24T00:04:05.473
32,0.3,0.4,3,done,2026-07-24T00:04:05.511
48,0.3,0.0,3,done,2026-07-24T00:04:05.530
48,0.3,0.1,3,done,2026-07-24T00:04:05.564
48,0.3,0.2,3,done,2026-07-24T00:04:05.595
48,0.3,0.3,3,done,2026-07-24T00:04:05.634
48,0.3,0.4,3,done,2026-07-24T00:04:05.727
64,0.3,0.0,3,done,2026-07-24T00:04:05.781
64,0.3,0.1,3,done,2026-07-24T00:04:05.825
64,0.3,0.2,3,done,2026-07-24T00:04:05.887
64,0.3,0.3,3,done,2026-07-24T00:04:06.194
64,0.3,0.4,3,done,2026-07-24T00:04:06.483
96,0.3,0.0,3,done,2026-07-24T00:04:06.971
96,0.3,0.1,3,done,2026-07-24T00:04:07.525
96,0.3,0.2,3,done,2026-07-24T00:04:08.628
96,0.3,0.3,3,done,2026-07-24T00:04:09.427
96,0.3,0.4,3,done,2026-07-24T00:04:12.444
128,0.3,0.0,3,done,2026-07-24T00:04:14.466
128,0.3,0.1,3,done,2026-07-24T00:04:17.451
128,0.3,0.2,3,done,2026-07-24T00:04:18.303
128,0.3,0.3,3,done,2026-07-24T00:04:20.046
128,0.3,0.4,3,done,2026-07-24T00:04:21.562
32,0.4,0.0,3,done,2026-07-24T00:04:21.568
32,0.4,0.1,3,done,2026-07-24T00:04:21.576
32,0.4,0.2,3,done,2026-07-24T00:04:21.584
32,0.4,0.3,3,done,2026-07-24T00:04:21.594
32,0.4,0.4,3,done,2026-07-24T00:04:21.633
48,0.4,0.0,3,done,2026-07-24T00:04:21.647
48,0.4,0.1,3,done,2026-07-24T00:04:21.676
48,0.4,0.2,3,done,2026-07-24T00:04:21.716
48,0.4,0.3,3,done,2026-07-24T00:04:21.760
48,0.4,0.4,3,done,2026-07-24T00:04:21.802
64,0.4,0.0,3,done,2026-07-24T00:04:21.880
64,0.4,0.1,3,done,2026-07-24T00:04:22.028
64,0.4,0.2,3,done,2026-07-24T00:04:22.104
64,0.4,0.3,3,done,2026-07-24T00:04:22.192
64,0.4,0.4,3,done,2026-07-24T00:04:22.305
96,0.4,0.0,3,done,2026-07-24T00:04:22.468
96,0.4,0.1,3,done,2026-07-24T00:04:22.661
96,0.4,0.2,3,done,2026-07-24T00:04:23.405
96,0.4,0.3,3,done,2026-07-24T00:04:23.885
96,0.4,0.4,3,done,2026-07-24T00:04:24.260
128,0.4,0.0,3,done,2026-07-24T00:04:25.561
128,0.4,0.1,3,done,2026-07-24T00:04:27.114
128,0.4,0.2,3,done,2026-07-24T00:04:28.177
128,0.4,0.3,3,done,2026-07-24T00:04:28.731
128,0.4,0.4,3,done,2026-07-24T00:04:29.780
32,0.5,0.0,3,done,2026-07-24T00:04:29.800
32,0.5,0.1,3,done,2026-07-24T00:04:29.805
32,0.5,0.2,3,done,2026-07-24T00:04:29.810
32,0.5,0.3,3,done,2026-07-24T00:04:29.817
32,0.5,0.4,3,done,2026-07-24T00:04:29.844
48,0.5,0.0,3,done,2026-07-24T00:04:29.859
48,0.5,0.1,3,done,2026-07-24T00:04:29.872
48,0.5,0.2,3,done,2026-07-24T00:04:29.889
48,0.5,0.3,3,done,2026-07-24T00:04:29.915
48,0.5,0.4,3,done,2026-07-24T00:04:29.961
64,0.5,0.0,3,done,2026-07-24T00:04:29.986
64,0.5,0.1,3,done,2026-07-24T00:04:30.010
64,0.5,0.2,3,done,2026-07-24T00:04:30.037
64,0.5,0.3,3,done,2026-07-24T00:04:30.078
64,0.5,0.4,3,done,2026-07-24T00:04:30.171
96,0.5,0.0,3,done,2026-07-24T00:04:30.271
96,0.5,0.1,3,done,2026-07-24T00:04:30.479
96,0.5,0.2,3,done,2026-07-24T00:04:30.591
96,0.5,0.3,3,done,2026-07-24T00:04:30.900
96,0.5,0.4,3,done,2026-07-24T00:04:31.243
128,0.5,0.0,3,done,2026-07-24T00:04:31.626
128,0.5,0.1,3,done,2026-07-24T00:04:32.188
128,0.5,0.2,3,done,2026-07-24T00:04:32.664
128,0.5,0.3,3,done,2026-07-24T00:04:33.194
128,0.5,0.4,3,done,2026-07-24T00:04:34.062
32,0.6,0.0,3,done,2026-07-23T23:44:54.302
32,0.6,0.1,3,done,2026-07-23T23:44:54.656
32,0.6,0.2,3,done,2026-07-23T23:44:55.404
32,0.6,0.3,3,done,2026-07-23T23:44:56.076
32,0.6,0.4,3,done,2026-07-23T23:44:57.809
48,0.6,0.0,3,done,2026-07-23T23:44:57.846
48,0.6,0.1,3,done,2026-07-23T23:44:58.994
48,0.6,0.2,3,done,2026-07-23T23:44:59.045
48,0.6,0.3,3,done,2026-07-23T23:44:59.511
48,0.6,0.4,3,done,2026-07-23T23:45:03.028
64,0.6,0.0,3,done,2026-07-23T23:45:03.161
64,0.6,0.1,3,done,2026-07-23T23:45:03.213
64,0.6,0.2,3,done,2026-07-23T23:45:03.962
64,0.6,0.3,3,done,2026-07-23T23:45:04.813
64,0.6,0.4,3,done,2026-07-23T23:45:06.600
96,0.6,0.0,3,done,2026-07-23T23:45:06.699
96,0.6,0.1,3,done,2026-07-23T23:45:06.780
96,0.6,0.2,3,done,2026-07-23T23:45:07.559
96,0.6,0.3,3,done,2026-07-23T23:45:07.976
96,0.6,0.4,3,done,2026-07-23T23:45:10.049
128,0.6,0.0,3,done,2026-07-23T23:45:15.116
128,0.6,0.1,3,done,2026-07-23T23:45:19.830
128,0.6,0.2,3,done,2026-07-23T23:45:22.712
128,0.6,0.3,3,done,2026-07-23T23:45:25.693
128,0.6,0.4,3,done,2026-07-23T23:45:29.818
32,0.7,0.0,3,done,2026-07-23T23:45:30.678
32,0.7,0.1,3,done,2026-07-23T23:45:30.691
32,0.7,0.2,3,done,2026-07-23T23:45:30.700
32,0.7,0.3,3,done,2026-07-23T23:45:30.718
32,0.7,0.4,3,done,2026-07-23T23:45:30.738
48,0.7,0.0,3,done,2026-07-23T23:45:30.778
48,0.7,0.1,3,done,2026-07-23T23:45:30.794
48,0.7,0.2,3,done,2026-07-23T23:45:30.925
48,0.7,0.3,3,done,2026-07-23T23:45:30.959
48,0.7,0.4,3,done,2026-07-23T23:45:35.533
64,0.7,0.0,3,done,2026-07-23T23:45:35.595
64,0.7,0.1,3,done,2026-07-23T23:45:35.669
64,0.7,0.2,3,done,2026-07-23T23:45:35.713
64,0.7,0.3,3,done,2026-07-23T23:45:35.796
64,0.7,0.4,3,done,2026-07-23T23:45:36.118
96,0.7,0.0,3,done,2026-07-23T23:45:36.293
96,0.7,0.1,3,done,2026-07-23T23:45:36.511
96,0.7,0.2,3,done,2026-07-23T23:45:36.862
96,0.7,0.3,3,done,2026-07-23T23:45:37.706
96,0.7,0.4,3,done,2026-07-23T23:45:40.415
128,0.7,0.0,3,done,2026-07-23T23:45:40.973
128,0.7,0.1,3,done,2026-07-23T23:45:41.634
128,0.7,0.2,3,done,2026-07-23T23:45:42.585
128,0.7,0.3,3,done,2026-07-23T23:45:42.937
128,0.7,0.4,3,done,2026-07-23T23:45:46.698
32,0.8,0.0,3,done,2026-07-23T23:45:47.649
32,0.8,0.1,3,done,2026-07-23T23:45:47.665
32,0.8,0.2,3,done,2026-07-23T23:45:47.673
32,0.8,0.3,3,done,2026-07-23T23:45:47.688
32,0.8,0.4,3,done,2026-07-23T23:45:51.643
48,0.8,0.0,3,done,2026-07-23T23:45:51.734
48,0.8,0.1,3,done,2026-07-23T23:45:52.241
48,0.8,0.2,3,done,2026-07-23T23:45:52.267
48,0.8,0.3,3,done,2026-07-23T23:45:52.317
48,0.8,0.4,3,done,2026-07-23T23:45:56.074
64,0.8,0.0,3,done,2026-07-23T23:45:56.235
64,0.8,0.1,3,done,2026-07-23T23:45:56.411
64,0.8,0.2,3,done,2026-07-23T23:45:56.732
64,0.8,0.3,3,done,2026-07-23T23:45:57.232
64,0.8,0.4,3,done,2026-07-23T23:45:57.505
96,0.8,0.0,3,done,2026-07-23T23:45:58.368
96,0.8,0.1,3,done,2026-07-23T23:45:58.557
96,0.8,0.2,3,done,2026-07-23T23:45:58.789
96,0.8,0.3,3,done,2026-07-23T23:46:00.356
96,0.8,0.4,3,done,2026-07-23T23:46:08.021
128,0.8,0.0,3,done,2026-07-23T23:46:08.476
128,0.8,0.1,3,done,2026-07-23T23:46:09.293
128,0.8,0.2,3,done,2026-07-23T23:46:10.034
128,0.8,0.3,3,done,2026-07-23T23:46:12.106
128,0.8,0.4,3,done,2026-07-23T23:46:13.220
32,0.9,0.0,3,done,2026-07-23T23:46:13.226
32,0.9,0.1,3,done,2026-07-23T23:46:13.232
32,0.9,0.2,3,done,2026-07-23T23:46:13.249
32,0.9,0.3,3,done,2026-07-23T23:46:13.265
32,0.9,0.4,3,done,2026-07-23T23:46:13.310
48,0.9,0.0,3,done,2026-07-23T23:46:13.343
48,0.9,0.1,3,done,2026-07-23T23:46:13.359
48,0.9,0.2,3,done,2026-07-23T23:46:13.393
48,0.9,0.3,3,done,2026-07-23T23:46:13.419
48,0.9,0.4,3,done,2026-07-23T23:46:18.762
64,0.9,0.0,3,done,2026-07-23T23:46:18.828
64,0.9,0.1,3,done,2026-07-23T23:46:18.984
64,0.9,0.2,3,done,2026-07-23T23:46:19.189
64,0.9,0.3,3,done,2026-07-23T23:46:19.285
64,0.9,0.4,3,done,2026-07-23T23:46:22.964
96,0.9,0.0,3,done,2026-07-23T23:46:23.667
96,0.9,0.1,3,done,2026-07-23T23:46:23.966
96,0.9,0.2,3,done,2026-07-23T23:46:24.516
96,0.9,0.3,3,done,2026-07-23T23:46:25.308
96,0.9,0.4,3,done,2026-07-23T23:46:26.576
128,0.9,0.0,3,done,2026-07-23T23:46:28.921
128,0.9,0.1,3,done,2026-07-23T23:46:31.455
128,0.9,0.2,3,done,2026-07-23T23:46:33.076
128,0.9,0.3,3,done,2026-07-23T23:46:35.871
128,0.9,0.4,3,done,2026-07-23T23:46:40.401
32,1.0,0.0,3,done,2026-07-23T23:46:40.406
32,1.0,0.1,3,done,2026-07-23T23:46:40.413
32,1.0,0.2,3,done,2026-07-23T23:46:40.423
32,1.0,0.3,3,done,2026-07-23T23:46:40.455
32,1.0,0.4,3,done,2026-07-23T23:46:44.905
48,1.0,0.0,3,done,2026-07-23T23:46:44.918
48,1.0,0.1,3,done,2026-07-23T23:46:44.932
48,1.0,0.2,3,done,2026-07-23T23:46:45.001
48,1.0,0.3,3,done,2026-07-23T23:46:45.041
48,1.0,0.4,3,done,2026-07-23T23:46:45.242
64,1.0,0.0,3,done,2026-07-23T23:46:45.373
64,1.0,0.1,3,done,2026-07-23T23:46:45.472
64,1.0,0.2,3,done,2026-07-23T23:46:45.608
64,1.0,0.3,3,done,2026-07-23T23:46:46.139
64,1.0,0.4,3,done,2026-07-23T23:46:46.306
96,1.0,0.0,3,done,2026-07-23T23:46:47.294
96,1.0,0.1,3,done,2026-07-23T23:46:48.558
96,1.0,0.2,3,done,2026-07-23T23:46:49.806
96,1.0,0.3,3,done,2026-07-23T23:46:51.460
96,1.0,0.4,3,done,2026-07-23T23:46:51.731
128,1.0,0.0,3,done,2026-07-23T23:46:52.765
128,1.0,0.1,3,done,2026-07-23T23:46:54.127
128,1.0,0.2,3,done,2026-07-23T23:46:55.227
128,1.0,0.3,3,done,2026-07-23T23:46:57.152
128,1.0,0.4,3,done,2026-07-23T23:47:04.543
32,0.1,0.0,4,done,2026-07-23T23:47:12.546
32,0.1,0.1,4,done,2026-07-23T23:47:19.662
32,0.1,0.2,4,done,2026-07-23T23:47:19.821
32,0.1,0.3,4,done,2026-07-23T23:47:22.586
32,0.1,0.4,4,done,2026-07-23T23:47:27.821
48,0.1,0.0,4,done,2026-07-23T23:47:31.919
48,0.1,0.1,4,done,2026-07-23T23:47:32.017
48,0.1,0.2,4,done,2026-07-23T23:47:32.243
48,0.1,0.3,4,done,2026-07-23T23:47:32.396
48,0.1,0.4,4,done,2026-07-23T23:47:40.522
64,0.1,0.0,4,done,2026-07-23T23:47:40.847
64,0.1,0.1,4,done,2026-07-23T23:47:43.999
64,0.1,0.2,4,done,2026-07-23T23:47:48.012
64,0.1,0.3,4,done,2026-07-23T23:47:52.855
64,0.1,0.4,4,done,2026-07-23T23:48:01.317
96,0.1,0.0,4,done,2026-07-23T23:48:01.963
96,0.1,0.1,4,done,2026-07-23T23:48:07.058
96,0.1,0.2,4,done,2026-07-23T23:48:14.592
96,0.1,0.3,4,done,2026-07-23T23:48:19.714
96,0.1,0.4,4,done,2026-07-23T23:48:33.033
128,0.1,0.0,4,done,2026-07-23T23:48:34.703
128,0.1,0.1,4,done,2026-07-23T23:48:46.266
128,0.1,0.2,4,done,2026-07-23T23:48:51.091
128,0.1,0.3,4,done,2026-07-23T23:49:03.610
128,0.1,0.4,4,done,2026-07-23T23:49:27.473
32,0.2,0.0,4,done,2026-07-23T23:49:27.489
32,0.2,0.1,4,done,2026-07-23T23:49:27.501
32,0.2,0.2,4,done,2026-07-23T23:49:27.525
32,0.2,0.3,4,done,2026-07-23T23:49:27.551
32,0.2,0.4,4,done,2026-07-23T23:49:27.624
48,0.2,0.0,4,done,2026-07-23T23:49:27.652
48,0.2,0.1,4,done,2026-07-23T23:49:27.675
48,0.2,0.2,4,done,2026-07-23T23:49:27.712
48,0.2,0.3,4,done,2026-07-23T23:49:27.784
48,0.2,0.4,4,done,2026-07-23T23:49:28.343
64,0.2,0.0,4,done,2026-07-23T23:49:28.509
64,0.2,0.1,4,done,2026-07-23T23:49:28.600
64,0.2,0.2,4,done,2026-07-23T23:49:28.745
64,0.2,0.3,4,done,2026-07-23T23:49:34.892
64,0.2,0.4,4,done,2026-07-23T23:49:47.905
96,0.2,0.0,4,done,2026-07-23T23:49:49.188
96,0.2,0.1,4,done,2026-07-23T23:49:50.097
96,0.2,0.2,4,done,2026-07-23T23:49:51.758
96,0.2,0.3,4,done,2026-07-23T23:49:53.710
96,0.2,0.4,4,done,2026-07-23T23:49:56.250
128,0.2,0.0,4,done,2026-07-23T23:49:59.968
128,0.2,0.1,4,done,2026-07-23T23:50:03.605
128,0.2,0.2,4,done,2026-07-23T23:50:09.533
128,0.2,0.3,4,done,2026-07-23T23:50:17.885
128,0.2,0.4,4,done,2026-07-23T23:50:28.169
32,0.3,0.0,4,done,2026-07-23T23:50:28.190
32,0.3,0.1,4,done,2026-07-23T23:50:28.204
32,0.3,0.2,4,done,2026-07-23T23:50:28.219
32,0.3,0.3,4,done,2026-07-23T23:50:28.248
32,0.3,0.4,4,done,2026-07-23T23:50:28.288
48,0.3,0.0,4,done,2026-07-23T23:50:28.485
48,0.3,0.1,4,done,2026-07-23T23:50:28.748
48,0.3,0.2,4,done,2026-07-23T23:50:28.989
48,0.3,0.3,4,done,2026-07-23T23:50:29.637
48,0.3,0.4,4,done,2026-07-23T23:50:35.525
64,0.3,0.0,4,done,2026-07-23T23:50:35.911
64,0.3,0.1,4,done,2026-07-23T23:50:36.251
64,0.3,0.2,4,done,2026-07-23T23:50:36.941
64,0.3,0.3,4,done,2026-07-23T23:50:37.698
64,0.3,0.4,4,done,2026-07-23T23:50:39.526
96,0.3,0.0,4,done,2026-07-23T23:50:40.981
96,0.3,0.1,4,done,2026-07-23T23:50:43.945
96,0.3,0.2,4,done,2026-07-23T23:50:46.901
96,0.3,0.3,4,done,2026-07-23T23:50:51.077
96,0.3,0.4,4,done,2026-07-23T23:50:53.572
128,0.3,0.0,4,done,2026-07-23T23:51:00.108
128,0.3,0.1,4,done,2026-07-23T23:51:02.814
128,0.3,0.2,4,done,2026-07-23T23:51:05.812
128,0.3,0.3,4,done,2026-07-23T23:51:08.192
128,0.3,0.4,4,done,2026-07-23T23:51:11.410
32,0.4,0.0,4,done,2026-07-23T23:51:11.419
32,0.4,0.1,4,done,2026-07-23T23:51:11.456
32,0.4,0.2,4,done,2026-07-23T23:51:11.464
32,0.4,0.3,4,done,2026-07-23T23:51:11.477
32,0.4,0.4,4,done,2026-07-23T23:51:11.728
48,0.4,0.0,4,done,2026-07-23T23:51:11.832
48,0.4,0.1,4,done,2026-07-23T23:51:11.928
48,0.4,0.2,4,done,2026-07-23T23:51:12.108
48,0.4,0.3,4,done,2026-07-23T23:51:12.594
48,0.4,0.4,4,done,2026-07-23T23:51:12.793
64,0.4,0.0,4,done,2026-07-23T23:51:13.307
64,0.4,0.1,4,done,2026-07-23T23:51:13.926
64,0.4,0.2,4,done,2026-07-23T23:51:15.484
64,0.4,0.3,4,done,2026-07-23T23:51:16.142
64,0.4,0.4,4,done,2026-07-23T23:51:16.786
96,0.4,0.0,4,done,2026-07-23T23:51:19.520
96,0.4,0.1,4,done,2026-07-23T23:51:22.180
96,0.4,0.2,4,done,2026-07-23T23:51:23.550
96,0.4,0.3,4,done,2026-07-23T23:51:25.439
96,0.4,0.4,4,done,2026-07-23T23:51:28.028
128,0.4,0.0,4,done,2026-07-23T23:51:31.352
128,0.4,0.1,4,done,2026-07-23T23:51:33.223
128,0.4,0.2,4,done,2026-07-23T23:51:35.695
128,0.4,0.3,4,done,2026-07-23T23:51:38.344
128,0.4,0.4,4,done,2026-07-23T23:51:42.018
32,0.5,0.0,4,done,2026-07-23T23:51:42.030
32,0.5,0.1,4,done,2026-07-23T23:51:42.040
32,0.5,0.2,4,done,2026-07-23T23:51:42.052
32,0.5,0.3,4,done,2026-07-23T23:51:42.066
32,0.5,0.4,4,done,2026-07-23T23:51:42.105
48,0.5,0.0,4,done,2026-07-23T23:51:42.242
48,0.5,0.1,4,done,2026-07-23T23:51:42.366
48,0.5,0.2,4,done,2026-07-23T23:51:42.904
48,0.5,0.3,4,done,2026-07-23T23:51:43.043
48,0.5,0.4,4,done,2026-07-23T23:51:43.201
64,0.5,0.0,4,done,2026-07-23T23:51:43.830
64,0.5,0.1,4,done,2026-07-23T23:51:44.060
64,0.5,0.2,4,done,2026-07-23T23:51:44.402
64,0.5,0.3,4,done,2026-07-23T23:51:44.574
64,0.5,0.4,4,done,2026-07-23T23:51:45.667
96,0.5,0.0,4,done,2026-07-23T23:51:46.565
96,0.5,0.1,4,done,2026-07-23T23:51:47.890
96,0.5,0.2,4,done,2026-07-23T23:51:48.982
96,0.5,0.3,4,done,2026-07-23T23:51:50.804
96,0.5,0.4,4,done,2026-07-23T23:51:51.397
128,0.5,0.0,4,done,2026-07-23T23:51:52.970
128,0.5,0.1,4,done,2026-07-23T23:51:54.189
128,0.5,0.2,4,done,2026-07-23T23:51:55.130
128,0.5,0.3,4,done,2026-07-23T23:51:56.708
128,0.5,0.4,4,done,2026-07-23T23:51:59.761
32,0.6,0.0,4,done,2026-07-23T23:51:59.767
32,0.6,0.1,4,done,2026-07-23T23:51:59.773
32,0.6,0.2,4,done,2026-07-23T23:51:59.780
32,0.6,0.3,4,done,2026-07-23T23:51:59.790
32,0.6,0.4,4,done,2026-07-23T23:51:59.852
48,0.6,0.0,4,done,2026-07-23T23:51:59.948
48,0.6,0.1,4,done,2026-07-23T23:52:00.028
48,0.6,0.2,4,done,2026-07-23T23:52:00.101
48,0.6,0.3,4,done,2026-07-23T23:52:00.201
48,0.6,0.4,4,done,2026-07-23T23:52:00.465
64,0.6,0.0,4,done,2026-07-23T23:52:01.186
64,0.6,0.1,4,done,2026-07-23T23:52:01.427
64,0.6,0.2,4,done,2026-07-23T23:52:02.072
64,0.6,0.3,4,done,2026-07-23T23:52:02.454
64,0.6,0.4,4,done,2026-07-23T23:52:03.418
96,0.6,0.0,4,done,2026-07-23T23:52:04.052
96,0.6,0.1,4,done,2026-07-23T23:52:05.439
96,0.6,0.2,4,done,2026-07-23T23:52:06.267
96,0.6,0.3,4,done,2026-07-23T23:52:08.485
96,0.6,0.4,4,done,2026-07-23T23:52:09.986
128,0.6,0.0,4,done,2026-07-23T23:52:14.959
128,0.6,0.1,4,done,2026-07-23T23:52:17.208
128,0.6,0.2,4,done,2026-07-23T23:52:21.168
128,0.6,0.3,4,done,2026-07-23T23:52:25.203
128,0.6,0.4,4,done,2026-07-23T23:52:27.881
32,0.7,0.0,4,done,2026-07-23T23:52:27.893
32,0.7,0.1,4,done,2026-07-23T23:52:27.912
32,0.7,0.2,4,done,2026-07-23T23:52:27.929
32,0.7,0.3,4,done,2026-07-23T23:52:28.056
32,0.7,0.4,4,done,2026-07-23T23:52:28.095
48,0.7,0.0,4,done,2026-07-23T23:52:28.302
48,0.7,0.1,4,done,2026-07-23T23:52:28.441
48,0.7,0.2,4,done,2026-07-23T23:52:28.534
48,0.7,0.3,4,done,2026-07-23T23:52:28.692
48,0.7,0.4,4,done,2026-07-23T23:52:29.748
64,0.7,0.0,4,done,2026-07-23T23:52:30.026
64,0.7,0.1,4,done,2026-07-23T23:52:30.302
64,0.7,0.2,4,done,2026-07-23T23:52:31.405
64,0.7,0.3,4,done,2026-07-23T23:52:31.491
64,0.7,0.4,4,done,2026-07-23T23:52:31.723
96,0.7,0.0,4,done,2026-07-23T23:52:32.398
96,0.7,0.1,4,done,2026-07-23T23:52:33.578
96,0.7,0.2,4,done,2026-07-23T23:52:34.961
96,0.7,0.3,4,done,2026-07-23T23:52:35.997
96,0.7,0.4,4,done,2026-07-23T23:52:37.389
128,0.7,0.0,4,done,2026-07-23T23:52:39.824
128,0.7,0.1,4,done,2026-07-23T23:52:41.551
128,0.7,0.2,4,done,2026-07-23T23:52:43.967
128,0.7,0.3,4,done,2026-07-23T23:52:45.941
128,0.7,0.4,4,done,2026-07-23T23:52:47.435
32,0.8,0.0,4,done,2026-07-23T23:52:47.444
32,0.8,0.1,4,done,2026-07-23T23:52:47.454
32,0.8,0.2,4,done,2026-07-23T23:52:47.464
32,0.8,0.3,4,done,2026-07-23T23:52:47.492
32,0.8,0.4,4,done,2026-07-23T23:52:47.513
48,0.8,0.0,4,done,2026-07-23T23:52:47.580
48,0.8,0.1,4,done,2026-07-23T23:52:47.685
48,0.8,0.2,4,done,2026-07-23T23:52:47.832
48,0.8,0.3,4,done,2026-07-23T23:52:48.085
48,0.8,0.4,4,done,2026-07-23T23:52:48.190
64,0.8,0.0,4,done,2026-07-23T23:52:48.347
64,0.8,0.1,4,done,2026-07-23T23:52:48.836
64,0.8,0.2,4,done,2026-07-23T23:52:49.053
64,0.8,0.3,4,done,2026-07-23T23:52:49.299
64,0.8,0.4,4,done,2026-07-23T23:52:49.913
96,0.8,0.0,4,done,2026-07-23T23:52:51.106
96,0.8,0.1,4,done,2026-07-23T23:52:52.873
96,0.8,0.2,4,done,2026-07-23T23:52:54.130
96,0.8,0.3,4,done,2026-07-23T23:52:55.647
96,0.8,0.4,4,done,2026-07-23T23:52:56.479
128,0.8,0.0,4,done,2026-07-23T23:52:58.443
128,0.8,0.1,4,done,2026-07-23T23:53:01.102
128,0.8,0.2,4,done,2026-07-23T23:53:04.288
128,0.8,0.3,4,done,2026-07-23T23:53:06.311
128,0.8,0.4,4,done,2026-07-23T23:53:09.093
32,0.9,0.0,4,done,2026-07-23T23:53:09.100
32,0.9,0.1,4,done,2026-07-23T23:53:09.118
32,0.9,0.2,4,done,2026-07-23T23:53:09.125
32,0.9,0.3,4,done,2026-07-23T23:53:09.138
32,0.9,0.4,4,done,2026-07-23T23:53:09.151
48,0.9,0.0,4,done,2026-07-23T23:53:09.218
48,0.9,0.1,4,done,2026-07-23T23:53:09.286
48,0.9,0.2,4,done,2026-07-23T23:53:09.419
48,0.9,0.3,4,done,2026-07-23T23:53:09.472
48,0.9,0.4,4,done,2026-07-23T23:53:09.544
64,0.9,0.0,4,done,2026-07-23T23:53:09.644
64,0.9,0.1,4,done,2026-07-23T23:53:09.773
64,0.9,0.2,4,done,2026-07-23T23:53:10.458
64,0.9,0.3,4,done,2026-07-23T23:53:11.172
64,0.9,0.4,4,done,2026-07-23T23:53:11.460
96,0.9,0.0,4,done,2026-07-23T23:53:12.337
96,0.9,0.1,4,done,2026-07-23T23:53:13.632
96,0.9,0.2,4,done,2026-07-23T23:53:14.756
96,0.9,0.3,4,done,2026-07-23T23:53:16.097
96,0.9,0.4,4,done,2026-07-23T23:53:18.463
128,0.9,0.0,4,done,2026-07-23T23:53:20.744
128,0.9,0.1,4,done,2026-07-23T23:53:23.849
128,0.9,0.2,4,done,2026-07-23T23:53:27.232
128,0.9,0.3,4,done,2026-07-23T23:53:31.030
128,0.9,0.4,4,done,2026-07-23T23:53:34.137
32,1.0,0.0,4,done,2026-07-23T23:53:34.148
32,1.0,0.1,4,done,2026-07-23T23:53:34.156
32,1.0,0.2,4,done,2026-07-23T23:53:34.162
32,1.0,0.3,4,done,2026-07-23T23:53:34.170
32,1.0,0.4,4,done,2026-07-23T23:53:34.186
48,1.0,0.0,4,done,2026-07-23T23:53:34.247
48,1.0,0.1,4,done,2026-07-23T23:53:34.297
48,1.0,0.2,4,done,2026-07-23T23:53:34.382
48,1.0,0.3,4,done,2026-07-23T23:53:34.522
48,1.0,0.4,4,done,2026-07-23T23:53:34.593
64,1.0,0.0,4,done,2026-07-23T23:53:34.747
64,1.0,0.1,4,done,2026-07-23T23:53:34.825
64,1.0,0.2,4,done,2026-07-23T23:53:35.180
64,1.0,0.3,4,done,2026-07-23T23:53:35.458
64,1.0,0.4,4,done,2026-07-23T23:53:35.767
96,1.0,0.0,4,done,2026-07-23T23:53:36.912
96,1.0,0.1,4,done,2026-07-23T23:53:38.435
96,1.0,0.2,4,done,2026-07-23T23:53:39.383
96,1.0,0.3,4,done,2026-07-23T23:53:40.738
96,1.0,0.4,4,done,2026-07-23T23:53:42.619
128,1.0,0.0,4,done,2026-07-23T23:53:46.100
128,1.0,0.1,4,done,2026-07-23T23:53:50.149
128,1.0,0.2,4,done,2026-07-23T23:53:53.282
128,1.0,0.3,4,done,2026-07-23T23:53:55.420
128,1.0,0.4,4,done,2026-07-23T23:53:59.088
32,0.1,0.0,5,done,2026-07-23T23:53:59.108
32,0.1,0.1,5,done,2026-07-23T23:53:59.146
32,0.1,0.2,5,done,2026-07-23T23:53:59.193
32,0.1,0.3,5,done,2026-07-23T23:53:59.253
32,0.1,0.4,5,done,2026-07-23T23:54:21.782
48,0.1,0.0,5,done,2026-07-23T23:54:22.610
48,0.1,0.1,5,done,2026-07-23T23:54:22.803
48,0.1,0.2,5,done,2026-07-23T23:54:23.224
48,0.1,0.3,5,done,2026-07-23T23:54:23.755
48,0.1,0.4,5,done,2026-07-23T23:54:44.878
64,0.1,0.0,5,done,2026-07-23T23:54:45.384
64,0.1,0.1,5,done,2026-07-23T23:54:46.520
64,0.1,0.2,5,done,2026-07-23T23:54:47.376
64,0.1,0.3,5,done,2026-07-23T23:54:56.590
64,0.1,0.4,5,done,2026-07-23T23:55:09.151
96,0.1,0.0,5,done,2026-07-23T23:55:10.310
96,0.1,0.1,5,done,2026-07-23T23:55:11.865
96,0.1,0.2,5,done,2026-07-23T23:55:13.639
96,0.1,0.3,5,done,2026-07-23T23:55:23.469
96,0.1,0.4,5,done,2026-07-23T23:55:45.685
128,0.1,0.0,5,done,2026-07-23T23:55:49.906
128,0.1,0.1,5,done,2026-07-23T23:55:53.373
128,0.1,0.2,5,done,2026-07-23T23:55:57.617
128,0.1,0.3,5,done,2026-07-23T23:56:03.264
128,0.1,0.4,5,done,2026-07-23T23:56:23.322
32,0.2,0.0,5,done,2026-07-23T23:56:23.352
32,0.2,0.1,5,done,2026-07-23T23:56:23.373
32,0.2,0.2,5,done,2026-07-23T23:56:23.391
32,0.2,0.3,5,done,2026-07-23T23:56:23.455
32,0.2,0.4,5,done,2026-07-23T23:56:23.498
48,0.2,0.0,5,done,2026-07-23T23:56:24.471
48,0.2,0.1,5,done,2026-07-23T23:56:24.627
48,0.2,0.2,5,done,2026-07-23T23:56:24.821
48,0.2,0.3,5,done,2026-07-23T23:56:25.050
48,0.2,0.4,5,done,2026-07-23T23:56:30.363
64,0.2,0.0,5,done,2026-07-23T23:56:30.981
64,0.2,0.1,5,done,2026-07-23T23:56:31.881
64,0.2,0.2,5,done,2026-07-23T23:56:32.546
64,0.2,0.3,5,done,2026-07-23T23:56:33.216
64,0.2,0.4,5,done,2026-07-23T23:56:42.757
96,0.2,0.0,5,done,2026-07-23T23:56:43.816
96,0.2,0.1,5,done,2026-07-23T23:56:45.438
96,0.2,0.2,5,done,2026-07-23T23:56:47.598
96,0.2,0.3,5,done,2026-07-23T23:56:49.844
96,0.2,0.4,5,done,2026-07-23T23:56:57.804
128,0.2,0.0,5,done,2026-07-23T23:56:59.753
128,0.2,0.1,5,done,2026-07-23T23:57:04.999
128,0.2,0.2,5,done,2026-07-23T23:57:09.875
128,0.2,0.3,5,done,2026-07-23T23:57:16.758
128,0.2,0.4,5,done,2026-07-23T23:57:23.270
32,0.3,0.0,5,done,2026-07-23T23:57:23.288
32,0.3,0.1,5,done,2026-07-23T23:57:23.304
32,0.3,0.2,5,done,2026-07-23T23:57:23.332
32,0.3,0.3,5,done,2026-07-23T23:57:23.348
32,0.3,0.4,5,done,2026-07-23T23:57:23.410
48,0.3,0.0,5,done,2026-07-23T23:57:23.849
48,0.3,0.1,5,done,2026-07-23T23:57:24.026
48,0.3,0.2,5,done,2026-07-23T23:57:24.729
48,0.3,0.3,5,done,2026-07-23T23:57:25.451
48,0.3,0.4,5,done,2026-07-23T23:57:25.868
64,0.3,0.0,5,done,2026-07-23T23:57:26.228
64,0.3,0.1,5,done,2026-07-23T23:57:26.460
64,0.3,0.2,5,done,2026-07-23T23:57:26.751
64,0.3,0.3,5,done,2026-07-23T23:57:27.369
64,0.3,0.4,5,done,2026-07-23T23:57:28.157
96,0.3,0.0,5,done,2026-07-23T23:57:29.369
96,0.3,0.1,5,done,2026-07-23T23:57:31.127
96,0.3,0.2,5,done,2026-07-23T23:57:33.958
96,0.3,0.3,5,done,2026-07-23T23:57:37.250
96,0.3,0.4,5,done,2026-07-23T23:57:39.642
128,0.3,0.0,5,done,2026-07-23T23:57:41.527
128,0.3,0.1,5,done,2026-07-23T23:57:46.928
128,0.3,0.2,5,done,2026-07-23T23:57:52.962
128,0.3,0.3,5,done,2026-07-23T23:57:57.871
128,0.3,0.4,5,done,2026-07-23T23:58:05.628
32,0.4,0.0,5,done,2026-07-23T23:58:05.638
32,0.4,0.1,5,done,2026-07-23T23:58:05.647
32,0.4,0.2,5,done,2026-07-23T23:58:05.665
32,0.4,0.3,5,done,2026-07-23T23:58:05.689
32,0.4,0.4,5,done,2026-07-23T23:58:05.720
48,0.4,0.0,5,done,2026-07-23T23:58:05.909
48,0.4,0.1,5,done,2026-07-23T23:58:06.143
48,0.4,0.2,5,done,2026-07-23T23:58:06.648
48,0.4,0.3,5,done,2026-07-23T23:58:06.866
48,0.4,0.4,5,done,2026-07-23T23:58:07.783
64,0.4,0.0,5,done,2026-07-23T23:58:08.373
64,0.4,0.1,5,done,2026-07-23T23:58:09.343
64,0.4,0.2,5,done,2026-07-23T23:58:10.052
64,0.4,0.3,5,done,2026-07-23T23:58:10.505
64,0.4,0.4,5,done,2026-07-23T23:58:11.966
96,0.4,0.0,5,done,2026-07-23T23:58:13.522
96,0.4,0.1,5,done,2026-07-23T23:58:16.552
96,0.4,0.2,5,done,2026-07-23T23:58:18.553
96,0.4,0.3,5,done,2026-07-23T23:58:23.071
96,0.4,0.4,5,done,2026-07-23T23:58:25.182
128,0.4,0.0,5,done,2026-07-23T23:58:29.210
128,0.4,0.1,5,done,2026-07-23T23:58:30.672
128,0.4,0.2,5,done,2026-07-23T23:58:33.493
128,0.4,0.3,5,done,2026-07-23T23:58:38.679
128,0.4,0.4,5,done,2026-07-23T23:58:45.614
32,0.5,0.0,5,done,2026-07-23T23:58:45.625
32,0.5,0.1,5,done,2026-07-23T23:58:45.637
32,0.5,0.2,5,done,2026-07-23T23:58:45.651
32,0.5,0.3,5,done,2026-07-23T23:58:45.677
32,0.5,0.4,5,done,2026-07-23T23:58:45.719
48,0.5,0.0,5,done,2026-07-23T23:58:46.528
48,0.5,0.1,5,done,2026-07-23T23:58:46.700
48,0.5,0.2,5,done,2026-07-23T23:58:46.842
48,0.5,0.3,5,done,2026-07-23T23:58:47.485
48,0.5,0.4,5,done,2026-07-23T23:58:48.403
64,0.5,0.0,5,done,2026-07-23T23:58:49.128
64,0.5,0.1,5,done,2026-07-23T23:58:49.602
64,0.5,0.2,5,done,2026-07-23T23:58:51.143
64,0.5,0.3,5,done,2026-07-23T23:58:53.269
64,0.5,0.4,5,done,2026-07-23T23:58:53.905
96,0.5,0.0,5,done,2026-07-23T23:58:55.564
96,0.5,0.1,5,done,2026-07-23T23:58:58.396
96,0.5,0.2,5,done,2026-07-23T23:59:01.714
96,0.5,0.3,5,done,2026-07-23T23:59:04.940
96,0.5,0.4,5,done,2026-07-23T23:59:07.780
128,0.5,0.0,5,done,2026-07-23T23:59:12.263
128,0.5,0.1,5,done,2026-07-23T23:59:14.616
128,0.5,0.2,5,done,2026-07-23T23:59:18.811
128,0.5,0.3,5,done,2026-07-23T23:59:23.257
128,0.5,0.4,5,done,2026-07-23T23:59:27.425
32,0.6,0.0,5,done,2026-07-23T23:59:27.436
32,0.6,0.1,5,done,2026-07-23T23:59:27.449
32,0.6,0.2,5,done,2026-07-23T23:59:27.462
32,0.6,0.3,5,done,2026-07-23T23:59:27.512
32,0.6,0.4,5,done,2026-07-23T23:59:27.531
48,0.6,0.0,5,done,2026-07-23T23:59:28.337
48,0.6,0.1,5,done,2026-07-23T23:59:28.424
48,0.6,0.2,5,done,2026-07-23T23:59:29.456
48,0.6,0.3,5,done,2026-07-23T23:59:29.701
48,0.6,0.4,5,done,2026-07-23T23:59:30.196
64,0.6,0.0,5,done,2026-07-23T23:59:31.048
64,0.6,0.1,5,done,2026-07-23T23:59:32.942
64,0.6,0.2,5,done,2026-07-23T23:59:33.811
64,0.6,0.3,5,done,2026-07-23T23:59:35.278
64,0.6,0.4,5,done,2026-07-23T23:59:36.151
96,0.6,0.0,5,done,2026-07-23T23:59:40.818
96,0.6,0.1,5,done,2026-07-23T23:59:43.033
96,0.6,0.2,5,done,2026-07-23T23:59:45.251
96,0.6,0.3,5,done,2026-07-23T23:59:47.149
96,0.6,0.4,5,done,2026-07-23T23:59:49.963
128,0.6,0.0,5,done,2026-07-23T23:59:53.184
128,0.6,0.1,5,done,2026-07-23T23:59:55.742
128,0.6,0.2,5,done,2026-07-23T23:59:59.470
128,0.6,0.3,5,done,2026-07-24T00:00:03.149
128,0.6,0.4,5,done,2026-07-24T00:00:08.471
32,0.7,0.0,5,done,2026-07-24T00:00:08.479
32,0.7,0.1,5,done,2026-07-24T00:00:08.487
32,0.7,0.2,5,done,2026-07-24T00:00:08.496
32,0.7,0.3,5,done,2026-07-24T00:00:08.514
32,0.7,0.4,5,done,2026-07-24T00:00:08.530
48,0.7,0.0,5,done,2026-07-24T00:00:08.622
48,0.7,0.1,5,done,2026-07-24T00:00:08.751
48,0.7,0.2,5,done,2026-07-24T00:00:09.980
48,0.7,0.3,5,done,2026-07-24T00:00:10.208
48,0.7,0.4,5,done,2026-07-24T00:00:10.358
64,0.7,0.0,5,done,2026-07-24T00:00:10.862
64,0.7,0.1,5,done,2026-07-24T00:00:11.292
64,0.7,0.2,5,done,2026-07-24T00:00:12.458
64,0.7,0.3,5,done,2026-07-24T00:00:13.393
64,0.7,0.4,5,done,2026-07-24T00:00:14.081
96,0.7,0.0,5,done,2026-07-24T00:00:16.966
96,0.7,0.1,5,done,2026-07-24T00:00:18.740
96,0.7,0.2,5,done,2026-07-24T00:00:20.705
96,0.7,0.3,5,done,2026-07-24T00:00:21.569
96,0.7,0.4,5,done,2026-07-24T00:00:23.385
128,0.7,0.0,5,done,2026-07-24T00:00:25.281
128,0.7,0.1,5,done,2026-07-24T00:00:28.108
128,0.7,0.2,5,done,2026-07-24T00:00:30.935
128,0.7,0.3,5,done,2026-07-24T00:00:34.111
128,0.7,0.4,5,done,2026-07-24T00:00:37.609
32,0.8,0.0,5,done,2026-07-24T00:00:37.617
32,0.8,0.1,5,done,2026-07-24T00:00:37.622
32,0.8,0.2,5,done,2026-07-24T00:00:37.630
32,0.8,0.3,5,done,2026-07-24T00:00:37.655
32,0.8,0.4,5,done,2026-07-24T00:00:37.669
48,0.8,0.0,5,done,2026-07-24T00:00:37.775
48,0.8,0.1,5,done,2026-07-24T00:00:37.900
48,0.8,0.2,5,done,2026-07-24T00:00:38.058
48,0.8,0.3,5,done,2026-07-24T00:00:38.861
48,0.8,0.4,5,done,2026-07-24T00:00:39.037
64,0.8,0.0,5,done,2026-07-24T00:00:39.421
64,0.8,0.1,5,done,2026-07-24T00:00:39.665
64,0.8,0.2,5,done,2026-07-24T00:00:40.786
64,0.8,0.3,5,done,2026-07-24T00:00:41.052
64,0.8,0.4,5,done,2026-07-24T00:00:41.468
96,0.8,0.0,5,done,2026-07-24T00:00:42.416
96,0.8,0.1,5,done,2026-07-24T00:00:44.802
96,0.8,0.2,5,done,2026-07-24T00:00:46.125
96,0.8,0.3,5,done,2026-07-24T00:00:48.198
96,0.8,0.4,5,done,2026-07-24T00:00:50.131
128,0.8,0.0,5,done,2026-07-24T00:00:52.694
128,0.8,0.1,5,done,2026-07-24T00:00:55.080
128,0.8,0.2,5,done,2026-07-24T00:00:58.845
128,0.8,0.3,5,done,2026-07-24T00:01:03.119
128,0.8,0.4,5,done,2026-07-24T00:01:07.900
32,0.9,0.0,5,done,2026-07-24T00:01:07.918
32,0.9,0.1,5,done,2026-07-24T00:01:07.925
32,0.9,0.2,5,done,2026-07-24T00:01:07.935
32,0.9,0.3,5,done,2026-07-24T00:01:07.945
32,0.9,0.4,5,done,2026-07-24T00:01:07.964
48,0.9,0.0,5,done,2026-07-24T00:01:08.594
48,0.9,0.1,5,done,2026-07-24T00:01:08.671
48,0.9,0.2,5,done,2026-07-24T00:01:08.789
48,0.9,0.3,5,done,2026-07-24T00:01:09.202
48,0.9,0.4,5,done,2026-07-24T00:01:09.332
64,0.9,0.0,5,done,2026-07-24T00:01:09.745
64,0.9,0.1,5,done,2026-07-24T00:01:10.308
64,0.9,0.2,5,done,2026-07-24T00:01:11.757
64,0.9,0.3,5,done,2026-07-24T00:01:12.287
64,0.9,0.4,5,done,2026-07-24T00:01:14.142
96,0.9,0.0,5,done,2026-07-24T00:01:15.687
96,0.9,0.1,5,done,2026-07-24T00:01:17.991
96,0.9,0.2,5,done,2026-07-24T00:01:19.202
96,0.9,0.3,5,done,2026-07-24T00:01:20.305
96,0.9,0.4,5,done,2026-07-24T00:01:21.810
128,0.9,0.0,5,done,2026-07-24T00:01:25.562
128,0.9,0.1,5,done,2026-07-24T00:01:28.953
128,0.9,0.2,5,done,2026-07-24T00:01:31.160
128,0.9,0.3,5,done,2026-07-24T00:01:34.013
128,0.9,0.4,5,done,2026-07-24T00:01:42.061
32,1.0,0.0,5,done,2026-07-24T00:01:42.066
32,1.0,0.1,5,done,2026-07-24T00:01:42.079
32,1.0,0.2,5,done,2026-07-24T00:01:42.087
32,1.0,0.3,5,done,2026-07-24T00:01:42.096
32,1.0,0.4,5,done,2026-07-24T00:01:42.125
48,1.0,0.0,5,done,2026-07-24T00:01:42.220
48,1.0,0.1,5,done,2026-07-24T00:01:42.331
48,1.0,0.2,5,done,2026-07-24T00:01:42.440
48,1.0,0.3,5,done,2026-07-24T00:01:42.571
48,1.0,0.4,5,done,2026-07-24T00:01:42.854
64,1.0,0.0,5,done,2026-07-24T00:01:43.256
64,1.0,0.1,5,done,2026-07-24T00:01:44.575
64,1.0,0.2,5,done,2026-07-24T00:01:44.820
64,1.0,0.3,5,done,2026-07-24T00:01:45.502
64,1.0,0.4,5,done,2026-07-24T00:01:46.465
96,1.0,0.0,5,done,2026-07-24T00:01:49.736
96,1.0,0.1,5,done,2026-07-24T00:01:52.810
96,1.0,0.2,5,done,2026-07-24T00:01:55.261
96,1.0,0.3,5,done,2026-07-24T00:01:57.140
96,1.0,0.4,5,done,2026-07-24T00:01:59.146
128,1.0,0.0,5,done,2026-07-24T00:02:02.951
128,1.0,0.1,5,done,2026-07-24T00:02:06.464
128,1.0,0.2,5,done,2026-07-24T00:02:10.484
128,1.0,0.3,5,done,2026-07-24T00:02:12.209
128,1.0,0.4,5,done,2026-07-24T00:02:16.254
32,0.1,0.0,6,done,2026-07-23T23:44:54.304
32,0.1,0.1,6,done,2026-07-23T23:44:55.464
32,0.1,0.2,6,done,2026-07-23T23:44:57.074
32,0.1,0.3,6,done,2026-07-23T23:44:59.014
32,0.1,0.4,6,done,2026-07-23T23:45:03.188
48,0.1,0.0,6,done,2026-07-23T23:45:04.602
48,0.1,0.1,6,done,2026-07-23T23:45:06.484
48,0.1,0.2,6,done,2026-07-23T23:45:09.034
48,0.1,0.3,6,done,2026-07-23T23:45:12.283
48,0.1,0.4,6,done,2026-07-23T23:45:23.012
64,0.1,0.0,6,done,2026-07-23T23:45:27.139
64,0.1,0.1,6,done,2026-07-23T23:45:27.527
64,0.1,0.2,6,done,2026-07-23T23:45:31.013
64,0.1,0.3,6,done,2026-07-23T23:45:36.005
64,0.1,0.4,6,done,2026-07-23T23:45:36.815
96,0.1,0.0,6,done,2026-07-23T23:45:41.633
96,0.1,0.1,6,done,2026-07-23T23:45:46.728
96,0.1,0.2,6,done,2026-07-23T23:45:48.038
96,0.1,0.3,6,done,2026-07-23T23:46:00.786
96,0.1,0.4,6,done,2026-07-23T23:46:13.670
128,0.1,0.0,6,done,2026-07-23T23:46:15.691
128,0.1,0.1,6,done,2026-07-23T23:46:24.475
128,0.1,0.2,6,done,2026-07-23T23:46:27.123
128,0.1,0.3,6,done,2026-07-23T23:46:38.641
128,0.1,0.4,6,done,2026-07-23T23:46:59.129
32,0.2,0.0,6,done,2026-07-23T23:46:59.142
32,0.2,0.1,6,done,2026-07-23T23:46:59.510
32,0.2,0.2,6,done,2026-07-23T23:46:59.528
32,0.2,0.3,6,done,2026-07-23T23:46:59.551
32,0.2,0.4,6,done,2026-07-23T23:47:08.007
48,0.2,0.0,6,done,2026-07-23T23:47:08.172
48,0.2,0.1,6,done,2026-07-23T23:47:08.361
48,0.2,0.2,6,done,2026-07-23T23:47:08.780
48,0.2,0.3,6,done,2026-07-23T23:47:15.038
48,0.2,0.4,6,done,2026-07-23T23:47:21.429
64,0.2,0.0,6,done,2026-07-23T23:47:21.599
64,0.2,0.1,6,done,2026-07-23T23:47:21.696
64,0.2,0.2,6,done,2026-07-23T23:47:21.894
64,0.2,0.3,6,done,2026-07-23T23:47:22.286
64,0.2,0.4,6,done,2026-07-23T23:47:25.423
96,0.2,0.0,6,done,2026-07-23T23:47:25.600
96,0.2,0.1,6,done,2026-07-23T23:47:25.985
96,0.2,0.2,6,done,2026-07-23T23:47:26.674
96,0.2,0.3,6,done,2026-07-23T23:47:27.057
96,0.2,0.4,6,done,2026-07-23T23:47:31.262
128,0.2,0.0,6,done,2026-07-23T23:47:31.959
128,0.2,0.1,6,done,2026-07-23T23:47:35.956
128,0.2,0.2,6,done,2026-07-23T23:47:42.370
128,0.2,0.3,6,done,2026-07-23T23:47:43.492
128,0.2,0.4,6,done,2026-07-23T23:47:49.027
32,0.3,0.0,6,done,2026-07-23T23:47:49.035
32,0.3,0.1,6,done,2026-07-23T23:47:49.044
32,0.3,0.2,6,done,2026-07-23T23:47:49.061
32,0.3,0.3,6,done,2026-07-23T23:47:49.116
32,0.3,0.4,6,done,2026-07-23T23:47:52.569
48,0.3,0.0,6,done,2026-07-23T23:47:52.601
48,0.3,0.1,6,done,2026-07-23T23:47:52.664
48,0.3,0.2,6,done,2026-07-23T23:47:52.745
48,0.3,0.3,6,done,2026-07-23T23:47:52.812
48,0.3,0.4,6,done,2026-07-23T23:47:52.992
64,0.3,0.0,6,done,2026-07-23T23:47:53.131
64,0.3,0.1,6,done,2026-07-23T23:47:53.177
64,0.3,0.2,6,done,2026-07-23T23:47:57.255
64,0.3,0.3,6,done,2026-07-23T23:47:57.432
64,0.3,0.4,6,done,2026-07-23T23:47:57.810
96,0.3,0.0,6,done,2026-07-23T23:47:58.149
96,0.3,0.1,6,done,2026-07-23T23:47:58.633
96,0.3,0.2,6,done,2026-07-23T23:47:58.992
96,0.3,0.3,6,done,2026-07-23T23:47:59.694
96,0.3,0.4,6,done,2026-07-23T23:48:06.954
128,0.3,0.0,6,done,2026-07-23T23:48:08.010
128,0.3,0.1,6,done,2026-07-23T23:48:09.444
128,0.3,0.2,6,done,2026-07-23T23:48:10.883
128,0.3,0.3,6,done,2026-07-23T23:48:12.116
128,0.3,0.4,6,done,2026-07-23T23:48:17.461
32,0.4,0.0,6,done,2026-07-23T23:48:17.473
32,0.4,0.1,6,done,2026-07-23T23:48:17.525
32,0.4,0.2,6,done,2026-07-23T23:48:17.539
32,0.4,0.3,6,done,2026-07-23T23:48:17.558
32,0.4,0.4,6,done,2026-07-23T23:48:21.059
48,0.4,0.0,6,done,2026-07-23T23:48:21.080
48,0.4,0.1,6,done,2026-07-23T23:48:21.120
48,0.4,0.2,6,done,2026-07-23T23:48:21.144
48,0.4,0.3,6,done,2026-07-23T23:48:21.193
48,0.4,0.4,6,done,2026-07-23T23:48:21.262
64,0.4,0.0,6,done,2026-07-23T23:48:21.310
64,0.4,0.1,6,done,2026-07-23T23:48:21.368
64,0.4,0.2,6,done,2026-07-23T23:48:21.421
64,0.4,0.3,6,done,2026-07-23T23:48:21.573
64,0.4,0.4,6,done,2026-07-23T23:48:21.769
96,0.4,0.0,6,done,2026-07-23T23:48:22.110
96,0.4,0.1,6,done,2026-07-23T23:48:22.225
96,0.4,0.2,6,done,2026-07-23T23:48:22.440
96,0.4,0.3,6,done,2026-07-23T23:48:22.781
96,0.4,0.4,6,done,2026-07-23T23:48:23.130
128,0.4,0.0,6,done,2026-07-23T23:48:23.513
128,0.4,0.1,6,done,2026-07-23T23:48:24.129
128,0.4,0.2,6,done,2026-07-23T23:48:24.984
128,0.4,0.3,6,done,2026-07-23T23:48:26.936
128,0.4,0.4,6,done,2026-07-23T23:48:28.801
32,0.5,0.0,6,done,2026-07-23T23:48:28.806
32,0.5,0.1,6,done,2026-07-23T23:48:28.836
32,0.5,0.2,6,done,2026-07-23T23:48:28.846
32,0.5,0.3,6,done,2026-07-23T23:48:28.925
32,0.5,0.4,6,done,2026-07-23T23:48:28.955
48,0.5,0.0,6,done,2026-07-23T23:48:29.008
48,0.5,0.1,6,done,2026-07-23T23:48:29.069
48,0.5,0.2,6,done,2026-07-23T23:48:29.132
48,0.5,0.3,6,done,2026-07-23T23:48:29.177
48,0.5,0.4,6,done,2026-07-23T23:48:34.493
64,0.5,0.0,6,done,2026-07-23T23:48:34.624
64,0.5,0.1,6,done,2026-07-23T23:48:34.786
64,0.5,0.2,6,done,2026-07-23T23:48:35.178
64,0.5,0.3,6,done,2026-07-23T23:48:35.373
64,0.5,0.4,6,done,2026-07-23T23:48:35.823
96,0.5,0.0,6,done,2026-07-23T23:48:36.117
96,0.5,0.1,6,done,2026-07-23T23:48:36.610
96,0.5,0.2,6,done,2026-07-23T23:48:37.404
96,0.5,0.3,6,done,2026-07-23T23:48:38.784
96,0.5,0.4,6,done,2026-07-23T23:48:40.187
128,0.5,0.0,6,done,2026-07-23T23:48:42.330
128,0.5,0.1,6,done,2026-07-23T23:48:44.224
128,0.5,0.2,6,done,2026-07-23T23:48:47.490
128,0.5,0.3,6,done,2026-07-23T23:48:51.380
128,0.5,0.4,6,done,2026-07-23T23:48:58.418
32,0.6,0.0,6,done,2026-07-23T23:48:58.425
32,0.6,0.1,6,done,2026-07-23T23:48:58.434
32,0.6,0.2,6,done,2026-07-23T23:48:58.456
32,0.6,0.3,6,done,2026-07-23T23:48:58.470
32,0.6,0.4,6,done,2026-07-23T23:48:58.491
48,0.6,0.0,6,done,2026-07-23T23:48:58.666
48,0.6,0.1,6,done,2026-07-23T23:48:58.958
48,0.6,0.2,6,done,2026-07-23T23:48:59.075
48,0.6,0.3,6,done,2026-07-23T23:48:59.220
48,0.6,0.4,6,done,2026-07-23T23:49:06.371
64,0.6,0.0,6,done,2026-07-23T23:49:06.534
64,0.6,0.1,6,done,2026-07-23T23:49:06.647
64,0.6,0.2,6,done,2026-07-23T23:49:06.702
64,0.6,0.3,6,done,2026-07-23T23:49:06.860
64,0.6,0.4,6,done,2026-07-23T23:49:07.184
96,0.6,0.0,6,done,2026-07-23T23:49:07.720
96,0.6,0.1,6,done,2026-07-23T23:49:08.553
96,0.6,0.2,6,done,2026-07-23T23:49:09.299
96,0.6,0.3,6,done,2026-07-23T23:49:10.805
96,0.6,0.4,6,done,2026-07-23T23:49:12.595
128,0.6,0.0,6,done,2026-07-23T23:49:16.028
128,0.6,0.1,6,done,2026-07-23T23:49:17.891
128,0.6,0.2,6,done,2026-07-23T23:49:20.269
128,0.6,0.3,6,done,2026-07-23T23:49:23.024
128,0.6,0.4,6,done,2026-07-23T23:49:35.620
32,0.7,0.0,6,done,2026-07-23T23:49:35.628
32,0.7,0.1,6,done,2026-07-23T23:49:35.643
32,0.7,0.2,6,done,2026-07-23T23:49:35.656
32,0.7,0.3,6,done,2026-07-23T23:49:35.670
32,0.7,0.4,6,done,2026-07-23T23:49:35.717
48,0.7,0.0,6,done,2026-07-23T23:49:35.891
48,0.7,0.1,6,done,2026-07-23T23:49:35.912
48,0.7,0.2,6,done,2026-07-23T23:49:35.937
48,0.7,0.3,6,done,2026-07-23T23:49:35.986
48,0.7,0.4,6,done,2026-07-23T23:49:36.053
64,0.7,0.0,6,done,2026-07-23T23:49:36.489
64,0.7,0.1,6,done,2026-07-23T23:49:36.657
64,0.7,0.2,6,done,2026-07-23T23:49:36.745
64,0.7,0.3,6,done,2026-07-23T23:49:36.883
64,0.7,0.4,6,done,2026-07-23T23:49:37.241
96,0.7,0.0,6,done,2026-07-23T23:49:38.042
96,0.7,0.1,6,done,2026-07-23T23:49:38.971
96,0.7,0.2,6,done,2026-07-23T23:49:40.253
96,0.7,0.3,6,done,2026-07-23T23:49:42.216
96,0.7,0.4,6,done,2026-07-23T23:49:43.180
128,0.7,0.0,6,done,2026-07-23T23:49:45.314
128,0.7,0.1,6,done,2026-07-23T23:49:47.694
128,0.7,0.2,6,done,2026-07-23T23:49:49.348
128,0.7,0.3,6,done,2026-07-23T23:49:51.638
128,0.7,0.4,6,done,2026-07-23T23:49:54.407
32,0.8,0.0,6,done,2026-07-23T23:49:54.415
32,0.8,0.1,6,done,2026-07-23T23:49:54.424
32,0.8,0.2,6,done,2026-07-23T23:49:54.453
32,0.8,0.3,6,done,2026-07-23T23:49:54.461
32,0.8,0.4,6,done,2026-07-23T23:49:54.483
48,0.8,0.0,6,done,2026-07-23T23:49:54.544
48,0.8,0.1,6,done,2026-07-23T23:49:54.590
48,0.8,0.2,6,done,2026-07-23T23:49:54.678
48,0.8,0.3,6,done,2026-07-23T23:49:55.143
48,0.8,0.4,6,done,2026-07-23T23:49:55.243
64,0.8,0.0,6,done,2026-07-23T23:49:55.270
64,0.8,0.1,6,done,2026-07-23T23:49:55.518
64,0.8,0.2,6,done,2026-07-23T23:49:55.717
64,0.8,0.3,6,done,2026-07-23T23:49:56.051
64,0.8,0.4,6,done,2026-07-23T23:49:56.201
96,0.8,0.0,6,done,2026-07-23T23:49:57.067
96,0.8,0.1,6,done,2026-07-23T23:49:58.136
96,0.8,0.2,6,done,2026-07-23T23:50:00.870
96,0.8,0.3,6,done,2026-07-23T23:50:02.576
96,0.8,0.4,6,done,2026-07-23T23:50:04.109
128,0.8,0.0,6,done,2026-07-23T23:50:09.447
128,0.8,0.1,6,done,2026-07-23T23:50:14.073
128,0.8,0.2,6,done,2026-07-23T23:50:19.951
128,0.8,0.3,6,done,2026-07-23T23:50:25.941
128,0.8,0.4,6,done,2026-07-23T23:50:30.895
32,0.9,0.0,6,done,2026-07-23T23:50:30.903
32,0.9,0.1,6,done,2026-07-23T23:50:30.910
32,0.9,0.2,6,done,2026-07-23T23:50:30.917
32,0.9,0.3,6,done,2026-07-23T23:50:30.927
32,0.9,0.4,6,done,2026-07-23T23:50:30.946
48,0.9,0.0,6,done,2026-07-23T23:50:31.019
48,0.9,0.1,6,done,2026-07-23T23:50:31.060
48,0.9,0.2,6,done,2026-07-23T23:50:31.397
48,0.9,0.3,6,done,2026-07-23T23:50:31.453
48,0.9,0.4,6,done,2026-07-23T23:50:31.484
64,0.9,0.0,6,done,2026-07-23T23:50:31.561
64,0.9,0.1,6,done,2026-07-23T23:50:31.634
64,0.9,0.2,6,done,2026-07-23T23:50:31.961
64,0.9,0.3,6,done,2026-07-23T23:50:32.020
64,0.9,0.4,6,done,2026-07-23T23:50:32.147
96,0.9,0.0,6,done,2026-07-23T23:50:32.317
96,0.9,0.1,6,done,2026-07-23T23:50:32.869
96,0.9,0.2,6,done,2026-07-23T23:50:33.254
96,0.9,0.3,6,done,2026-07-23T23:50:34.003
96,0.9,0.4,6,done,2026-07-23T23:50:35.517
128,0.9,0.0,6,done,2026-07-23T23:50:37.179
128,0.9,0.1,6,done,2026-07-23T23:50:40.401
128,0.9,0.2,6,done,2026-07-23T23:50:44.152
128,0.9,0.3,6,done,2026-07-23T23:50:49.427
128,0.9,0.4,6,done,2026-07-23T23:50:55.368
32,1.0,0.0,6,done,2026-07-23T23:50:55.375
32,1.0,0.1,6,done,2026-07-23T23:50:55.383
32,1.0,0.2,6,done,2026-07-23T23:50:55.393
32,1.0,0.3,6,done,2026-07-23T23:50:55.408
32,1.0,0.4,6,done,2026-07-23T23:50:55.419
48,1.0,0.0,6,done,2026-07-23T23:50:55.670
48,1.0,0.1,6,done,2026-07-23T23:50:57.176
48,1.0,0.2,6,done,2026-07-23T23:50:57.386
48,1.0,0.3,6,done,2026-07-23T23:50:57.630
48,1.0,0.4,6,done,2026-07-23T23:50:57.909
64,1.0,0.0,6,done,2026-07-23T23:50:58.482
64,1.0,0.1,6,done,2026-07-23T23:50:58.667
64,1.0,0.2,6,done,2026-07-23T23:51:00.137
64,1.0,0.3,6,done,2026-07-23T23:51:00.434
64,1.0,0.4,6,done,2026-07-23T23:51:00.909
96,1.0,0.0,6,done,2026-07-23T23:51:02.809
96,1.0,0.1,6,done,2026-07-23T23:51:04.135
96,1.0,0.2,6,done,2026-07-23T23:51:04.984
96,1.0,0.3,6,done,2026-07-23T23:51:06.211
96,1.0,0.4,6,done,2026-07-23T23:51:07.356
128,1.0,0.0,6,done,2026-07-23T23:51:08.654
128,1.0,0.1,6,done,2026-07-23T23:51:10.339
128,1.0,0.2,6,done,2026-07-23T23:51:12.138
128,1.0,0.3,6,done,2026-07-23T23:51:15.047
128,1.0,0.4,6,done,2026-07-23T23:51:17.747
32,0.1,0.0,7,done,2026-07-23T23:51:17.812
32,0.1,0.1,7,done,2026-07-23T23:51:17.841
32,0.1,0.2,7,done,2026-07-23T23:51:17.903
32,0.1,0.3,7,done,2026-07-23T23:51:26.344
32,0.1,0.4,7,done,2026-07-23T23:51:36.505
48,0.1,0.0,7,done,2026-07-23T23:51:36.838
48,0.1,0.1,7,done,2026-07-23T23:51:37.023
48,0.1,0.2,7,done,2026-07-23T23:51:38.279
48,0.1,0.3,7,done,2026-07-23T23:51:38.645
48,0.1,0.4,7,done,2026-07-23T23:51:52.118
64,0.1,0.0,7,done,2026-07-23T23:51:52.422
64,0.1,0.1,7,done,2026-07-23T23:51:53.133
64,0.1,0.2,7,done,2026-07-23T23:51:54.125
64,0.1,0.3,7,done,2026-07-23T23:52:03.459
64,0.1,0.4,7,done,2026-07-23T23:52:22.371
96,0.1,0.0,7,done,2026-07-23T23:52:25.350
96,0.1,0.1,7,done,2026-07-23T23:52:26.967
96,0.1,0.2,7,done,2026-07-23T23:52:42.710
96,0.1,0.3,7,done,2026-07-23T23:53:06.506
96,0.1,0.4,7,done,2026-07-23T23:53:42.708
128,0.1,0.0,7,done,2026-07-23T23:53:47.714
128,0.1,0.1,7,done,2026-07-23T23:54:03.709
128,0.1,0.2,7,done,2026-07-23T23:54:09.572
128,0.1,0.3,7,done,2026-07-23T23:54:27.208
128,0.1,0.4,7,done,2026-07-23T23:54:48.779
32,0.2,0.0,7,done,2026-07-23T23:54:48.791
32,0.2,0.1,7,done,2026-07-23T23:54:48.804
32,0.2,0.2,7,done,2026-07-23T23:54:49.175
32,0.2,0.3,7,done,2026-07-23T23:54:49.201
32,0.2,0.4,7,done,2026-07-23T23:54:56.407
48,0.2,0.0,7,done,2026-07-23T23:54:56.463
48,0.2,0.1,7,done,2026-07-23T23:54:56.512
48,0.2,0.2,7,done,2026-07-23T23:54:56.581
48,0.2,0.3,7,done,2026-07-23T23:54:56.709
48,0.2,0.4,7,done,2026-07-23T23:54:57.032
64,0.2,0.0,7,done,2026-07-23T23:54:57.285
64,0.2,0.1,7,done,2026-07-23T23:54:57.538
64,0.2,0.2,7,done,2026-07-23T23:54:57.871
64,0.2,0.3,7,done,2026-07-23T23:54:58.204
64,0.2,0.4,7,done,2026-07-23T23:54:58.763
96,0.2,0.0,7,done,2026-07-23T23:54:59.779
96,0.2,0.1,7,done,2026-07-23T23:55:00.221
96,0.2,0.2,7,done,2026-07-23T23:55:01.176
96,0.2,0.3,7,done,2026-07-23T23:55:02.094
96,0.2,0.4,7,done,2026-07-23T23:55:08.896
128,0.2,0.0,7,done,2026-07-23T23:55:10.702
128,0.2,0.1,7,done,2026-07-23T23:55:12.776
128,0.2,0.2,7,done,2026-07-23T23:55:15.257
128,0.2,0.3,7,done,2026-07-23T23:55:17.633
128,0.2,0.4,7,done,2026-07-23T23:55:27.212
32,0.3,0.0,7,done,2026-07-23T23:55:27.227
32,0.3,0.1,7,done,2026-07-23T23:55:27.249
32,0.3,0.2,7,done,2026-07-23T23:55:27.275
32,0.3,0.3,7,done,2026-07-23T23:55:27.306
32,0.3,0.4,7,done,2026-07-23T23:55:27.733
48,0.3,0.0,7,done,2026-07-23T23:55:27.838
48,0.3,0.1,7,done,2026-07-23T23:55:27.912
48,0.3,0.2,7,done,2026-07-23T23:55:27.988
48,0.3,0.3,7,done,2026-07-23T23:55:41.693
48,0.3,0.4,7,done,2026-07-23T23:55:42.239
64,0.3,0.0,7,done,2026-07-23T23:55:42.352
64,0.3,0.1,7,done,2026-07-23T23:55:42.447
64,0.3,0.2,7,done,2026-07-23T23:55:42.545
64,0.3,0.3,7,done,2026-07-23T23:55:42.703
64,0.3,0.4,7,done,2026-07-23T23:55:42.892
96,0.3,0.0,7,done,2026-07-23T23:55:43.998
96,0.3,0.1,7,done,2026-07-23T23:55:45.393
96,0.3,0.2,7,done,2026-07-23T23:55:47.104
96,0.3,0.3,7,done,2026-07-23T23:55:49.489
96,0.3,0.4,7,done,2026-07-23T23:55:51.208
128,0.3,0.0,7,done,2026-07-23T23:55:54.750
128,0.3,0.1,7,done,2026-07-23T23:55:57.202
128,0.3,0.2,7,done,2026-07-23T23:55:59.408
128,0.3,0.3,7,done,2026-07-23T23:56:03.050
128,0.3,0.4,7,done,2026-07-23T23:56:08.246
32,0.4,0.0,7,done,2026-07-23T23:56:08.254
32,0.4,0.1,7,done,2026-07-23T23:56:08.298
32,0.4,0.2,7,done,2026-07-23T23:56:08.309
32,0.4,0.3,7,done,2026-07-23T23:56:08.328
32,0.4,0.4,7,done,2026-07-23T23:56:08.493
48,0.4,0.0,7,done,2026-07-23T23:56:08.552
48,0.4,0.1,7,done,2026-07-23T23:56:08.597
48,0.4,0.2,7,done,2026-07-23T23:56:08.702
48,0.4,0.3,7,done,2026-07-23T23:56:08.751
48,0.4,0.4,7,done,2026-07-23T23:56:08.865
64,0.4,0.0,7,done,2026-07-23T23:56:08.931
64,0.4,0.1,7,done,2026-07-23T23:56:08.985
64,0.4,0.2,7,done,2026-07-23T23:56:09.076
64,0.4,0.3,7,done,2026-07-23T23:56:09.221
64,0.4,0.4,7,done,2026-07-23T23:56:19.669
96,0.4,0.0,7,done,2026-07-23T23:56:21.018
96,0.4,0.1,7,done,2026-07-23T23:56:22.035
96,0.4,0.2,7,done,2026-07-23T23:56:23.693
96,0.4,0.3,7,done,2026-07-23T23:56:25.532
96,0.4,0.4,7,done,2026-07-23T23:56:26.825
128,0.4,0.0,7,done,2026-07-23T23:56:29.193
128,0.4,0.1,7,done,2026-07-23T23:56:31.977
128,0.4,0.2,7,done,2026-07-23T23:56:34.765
128,0.4,0.3,7,done,2026-07-23T23:56:38.362
128,0.4,0.4,7,done,2026-07-23T23:56:43.305
32,0.5,0.0,7,done,2026-07-23T23:56:43.312
32,0.5,0.1,7,done,2026-07-23T23:56:43.333
32,0.5,0.2,7,done,2026-07-23T23:56:43.340
32,0.5,0.3,7,done,2026-07-23T23:56:43.352
32,0.5,0.4,7,done,2026-07-23T23:56:43.392
48,0.5,0.0,7,done,2026-07-23T23:56:43.720
48,0.5,0.1,7,done,2026-07-23T23:56:43.842
48,0.5,0.2,7,done,2026-07-23T23:56:44.090
48,0.5,0.3,7,done,2026-07-23T23:56:44.317
48,0.5,0.4,7,done,2026-07-23T23:56:44.576
64,0.5,0.0,7,done,2026-07-23T23:56:45.641
64,0.5,0.1,7,done,2026-07-23T23:56:46.966
64,0.5,0.2,7,done,2026-07-23T23:56:47.445
64,0.5,0.3,7,done,2026-07-23T23:56:47.881
64,0.5,0.4,7,done,2026-07-23T23:56:49.323
96,0.5,0.0,7,done,2026-07-23T23:56:50.905
96,0.5,0.1,7,done,2026-07-23T23:56:53.586
96,0.5,0.2,7,done,2026-07-23T23:56:54.883
96,0.5,0.3,7,done,2026-07-23T23:56:55.656
96,0.5,0.4,7,done,2026-07-23T23:56:57.537
128,0.5,0.0,7,done,2026-07-23T23:56:59.453
128,0.5,0.1,7,done,2026-07-23T23:57:02.473
128,0.5,0.2,7,done,2026-07-23T23:57:07.354
128,0.5,0.3,7,done,2026-07-23T23:57:11.262
128,0.5,0.4,7,done,2026-07-23T23:57:17.168
32,0.6,0.0,7,done,2026-07-23T23:57:17.181
32,0.6,0.1,7,done,2026-07-23T23:57:17.195
32,0.6,0.2,7,done,2026-07-23T23:57:17.211
32,0.6,0.3,7,done,2026-07-23T23:57:17.227
32,0.6,0.4,7,done,2026-07-23T23:57:17.253
48,0.6,0.0,7,done,2026-07-23T23:57:17.418
48,0.6,0.1,7,done,2026-07-23T23:57:17.619
48,0.6,0.2,7,done,2026-07-23T23:57:18.176
48,0.6,0.3,7,done,2026-07-23T23:57:18.408
48,0.6,0.4,7,done,2026-07-23T23:57:18.647
64,0.6,0.0,7,done,2026-07-23T23:57:19.662
64,0.6,0.1,7,done,2026-07-23T23:57:20.848
64,0.6,0.2,7,done,2026-07-23T23:57:21.402
64,0.6,0.3,7,done,2026-07-23T23:57:22.408
64,0.6,0.4,7,done,2026-07-23T23:57:23.285
96,0.6,0.0,7,done,2026-07-23T23:57:25.467
96,0.6,0.1,7,done,2026-07-23T23:57:26.236
96,0.6,0.2,7,done,2026-07-23T23:57:26.824
96,0.6,0.3,7,done,2026-07-23T23:57:27.751
96,0.6,0.4,7,done,2026-07-23T23:57:29.394
128,0.6,0.0,7,done,2026-07-23T23:57:32.794
128,0.6,0.1,7,done,2026-07-23T23:57:37.388
128,0.6,0.2,7,done,2026-07-23T23:57:40.498
128,0.6,0.3,7,done,2026-07-23T23:57:43.971
128,0.6,0.4,7,done,2026-07-23T23:57:50.847
32,0.7,0.0,7,done,2026-07-23T23:57:50.857
32,0.7,0.1,7,done,2026-07-23T23:57:50.871
32,0.7,0.2,7,done,2026-07-23T23:57:50.881
32,0.7,0.3,7,done,2026-07-23T23:57:50.897
32,0.7,0.4,7,done,2026-07-23T23:57:50.931
48,0.7,0.0,7,done,2026-07-23T23:57:51.231
48,0.7,0.1,7,done,2026-07-23T23:57:51.531
48,0.7,0.2,7,done,2026-07-23T23:57:51.859
48,0.7,0.3,7,done,2026-07-23T23:57:52.419
48,0.7,0.4,7,done,2026-07-23T23:57:53.041
64,0.7,0.0,7,done,2026-07-23T23:57:54.432
64,0.7,0.1,7,done,2026-07-23T23:57:54.953
64,0.7,0.2,7,done,2026-07-23T23:57:55.571
64,0.7,0.3,7,done,2026-07-23T23:57:56.242
64,0.7,0.4,7,done,2026-07-23T23:57:58.419
96,0.7,0.0,7,done,2026-07-23T23:57:59.970
96,0.7,0.1,7,done,2026-07-23T23:58:01.817
96,0.7,0.2,7,done,2026-07-23T23:58:05.809
96,0.7,0.3,7,done,2026-07-23T23:58:07.742
96,0.7,0.4,7,done,2026-07-23T23:58:09.426
128,0.7,0.0,7,done,2026-07-23T23:58:12.158
128,0.7,0.1,7,done,2026-07-23T23:58:16.416
128,0.7,0.2,7,done,2026-07-23T23:58:21.944
128,0.7,0.3,7,done,2026-07-23T23:58:25.166
128,0.7,0.4,7,done,2026-07-23T23:58:29.643
32,0.8,0.0,7,done,2026-07-23T23:58:29.648
32,0.8,0.1,7,done,2026-07-23T23:58:29.655
32,0.8,0.2,7,done,2026-07-23T23:58:29.663
32,0.8,0.3,7,done,2026-07-23T23:58:29.709
32,0.8,0.4,7,done,2026-07-23T23:58:29.727
48,0.8,0.0,7,done,2026-07-23T23:58:29.897
48,0.8,0.1,7,done,2026-07-23T23:58:29.983
48,0.8,0.2,7,done,2026-07-23T23:58:30.063
48,0.8,0.3,7,done,2026-07-23T23:58:30.180
48,0.8,0.4,7,done,2026-07-23T23:58:30.483
64,0.8,0.0,7,done,2026-07-23T23:58:30.777
64,0.8,0.1,7,done,2026-07-23T23:58:31.700
64,0.8,0.2,7,done,2026-07-23T23:58:32.272
64,0.8,0.3,7,done,2026-07-23T23:58:32.781
64,0.8,0.4,7,done,2026-07-23T23:58:33.466
96,0.8,0.0,7,done,2026-07-23T23:58:36.238
96,0.8,0.1,7,done,2026-07-23T23:58:39.663
96,0.8,0.2,7,done,2026-07-23T23:58:42.460
96,0.8,0.3,7,done,2026-07-23T23:58:44.853
96,0.8,0.4,7,done,2026-07-23T23:58:47.415
128,0.8,0.0,7,done,2026-07-23T23:58:51.227
128,0.8,0.1,7,done,2026-07-23T23:58:55.305
128,0.8,0.2,7,done,2026-07-23T23:58:59.557
128,0.8,0.3,7,done,2026-07-23T23:59:05.389
128,0.8,0.4,7,done,2026-07-23T23:59:10.670
32,0.9,0.0,7,done,2026-07-23T23:59:10.676
32,0.9,0.1,7,done,2026-07-23T23:59:10.682
32,0.9,0.2,7,done,2026-07-23T23:59:10.690
32,0.9,0.3,7,done,2026-07-23T23:59:10.727
32,0.9,0.4,7,done,2026-07-23T23:59:10.738
48,0.9,0.0,7,done,2026-07-23T23:59:11.544
48,0.9,0.1,7,done,2026-07-23T23:59:11.686
48,0.9,0.2,7,done,2026-07-23T23:59:12.252
48,0.9,0.3,7,done,2026-07-23T23:59:12.385
48,0.9,0.4,7,done,2026-07-23T23:59:13.002
64,0.9,0.0,7,done,2026-07-23T23:59:13.386
64,0.9,0.1,7,done,2026-07-23T23:59:13.567
64,0.9,0.2,7,done,2026-07-23T23:59:14.475
64,0.9,0.3,7,done,2026-07-23T23:59:15.484
64,0.9,0.4,7,done,2026-07-23T23:59:16.044
96,0.9,0.0,7,done,2026-07-23T23:59:17.255
96,0.9,0.1,7,done,2026-07-23T23:59:20.533
96,0.9,0.2,7,done,2026-07-23T23:59:23.009
96,0.9,0.3,7,done,2026-07-23T23:59:25.642
96,0.9,0.4,7,done,2026-07-23T23:59:27.176
128,0.9,0.0,7,done,2026-07-23T23:59:30.898
128,0.9,0.1,7,done,2026-07-23T23:59:35.771
128,0.9,0.2,7,done,2026-07-23T23:59:41.891
128,0.9,0.3,7,done,2026-07-23T23:59:46.150
128,0.9,0.4,7,done,2026-07-23T23:59:49.327
32,1.0,0.0,7,done,2026-07-23T23:59:49.337
32,1.0,0.1,7,done,2026-07-23T23:59:49.346
32,1.0,0.2,7,done,2026-07-23T23:59:49.355
32,1.0,0.3,7,done,2026-07-23T23:59:49.392
32,1.0,0.4,7,done,2026-07-23T23:59:49.411
48,1.0,0.0,7,done,2026-07-23T23:59:50.039
48,1.0,0.1,7,done,2026-07-23T23:59:50.194
48,1.0,0.2,7,done,2026-07-23T23:59:50.585
48,1.0,0.3,7,done,2026-07-23T23:59:50.754
48,1.0,0.4,7,done,2026-07-23T23:59:51.171
64,1.0,0.0,7,done,2026-07-23T23:59:51.681
64,1.0,0.1,7,done,2026-07-23T23:59:53.132
64,1.0,0.2,7,done,2026-07-23T23:59:53.544
64,1.0,0.3,7,done,2026-07-23T23:59:54.405
64,1.0,0.4,7,done,2026-07-23T23:59:54.849
96,1.0,0.0,7,done,2026-07-23T23:59:56.348
96,1.0,0.1,7,done,2026-07-23T23:59:58.367
96,1.0,0.2,7,done,2026-07-23T23:59:59.950
96,1.0,0.3,7,done,2026-07-24T00:00:02.206
96,1.0,0.4,7,done,2026-07-24T00:00:05.277
128,1.0,0.0,7,done,2026-07-24T00:00:08.650
128,1.0,0.1,7,done,2026-07-24T00:00:11.253
128,1.0,0.2,7,done,2026-07-24T00:00:14.653
128,1.0,0.3,7,done,2026-07-24T00:00:19.052
128,1.0,0.4,7,done,2026-07-24T00:00:21.943
32,0.1,0.0,8,done,2026-07-24T00:00:21.992
32,0.1,0.1,8,done,2026-07-24T00:00:22.019
32,0.1,0.2,8,done,2026-07-24T00:00:22.065
32,0.1,0.3,8,done,2026-07-24T00:00:22.132
32,0.1,0.4,8,done,2026-07-24T00:00:33.718
48,0.1,0.0,8,done,2026-07-24T00:00:34
48,0.1,0.1,8,done,2026-07-24T00:00:34.498
48,0.1,0.2,8,done,2026-07-24T00:00:42.664
48,0.1,0.3,8,done,2026-07-24T00:00:50.264
48,0.1,0.4,8,done,2026-07-24T00:01:06.347
64,0.1,0.0,8,done,2026-07-24T00:01:07.711
64,0.1,0.1,8,done,2026-07-24T00:01:08.706
64,0.1,0.2,8,done,2026-07-24T00:01:09.703
64,0.1,0.3,8,done,2026-07-24T00:01:11.776
64,0.1,0.4,8,done,2026-07-24T00:01:33.740
96,0.1,0.0,8,done,2026-07-24T00:01:37.925
96,0.1,0.1,8,done,2026-07-24T00:01:49.194
96,0.1,0.2,8,done,2026-07-24T00:01:58.544
96,0.1,0.3,8,done,2026-07-24T00:02:14.115
96,0.1,0.4,8,done,2026-07-24T00:02:33.285
128,0.1,0.0,8,done,2026-07-24T00:02:34.604
128,0.1,0.1,8,done,2026-07-24T00:02:35.632
128,0.1,0.2,8,done,2026-07-24T00:02:37.159
128,0.1,0.3,8,done,2026-07-24T00:02:42.878
128,0.1,0.4,8,done,2026-07-24T00:02:54.717
32,0.2,0.0,8,done,2026-07-24T00:02:54.734
32,0.2,0.1,8,done,2026-07-24T00:02:54.747
32,0.2,0.2,8,done,2026-07-24T00:02:54.782
32,0.2,0.3,8,done,2026-07-24T00:02:54.806
32,0.2,0.4,8,done,2026-07-24T00:02:54.848
48,0.2,0.0,8,done,2026-07-24T00:02:54.967
48,0.2,0.1,8,done,2026-07-24T00:02:55.034
48,0.2,0.2,8,done,2026-07-24T00:02:55.146
48,0.2,0.3,8,done,2026-07-24T00:02:55.507
48,0.2,0.4,8,done,2026-07-24T00:02:55.700
64,0.2,0.0,8,done,2026-07-24T00:02:55.787
64,0.2,0.1,8,done,2026-07-24T00:02:56.168
64,0.2,0.2,8,done,2026-07-24T00:02:56.297
64,0.2,0.3,8,done,2026-07-24T00:02:56.458
64,0.2,0.4,8,done,2026-07-24T00:02:58.910
96,0.2,0.0,8,done,2026-07-24T00:02:59.236
96,0.2,0.1,8,done,2026-07-24T00:03:00.556
96,0.2,0.2,8,done,2026-07-24T00:03:01.726
96,0.2,0.3,8,done,2026-07-24T00:03:03.388
96,0.2,0.4,8,done,2026-07-24T00:03:12.165
128,0.2,0.0,8,done,2026-07-24T00:03:13.366
128,0.2,0.1,8,done,2026-07-24T00:03:14.359
128,0.2,0.2,8,done,2026-07-24T00:03:15.594
128,0.2,0.3,8,done,2026-07-24T00:03:17.382
128,0.2,0.4,8,done,2026-07-24T00:03:25.313
32,0.3,0.0,8,done,2026-07-24T00:03:25.320
32,0.3,0.1,8,done,2026-07-24T00:03:25.340
32,0.3,0.2,8,done,2026-07-24T00:03:25.350
32,0.3,0.3,8,done,2026-07-24T00:03:25.371
32,0.3,0.4,8,done,2026-07-24T00:03:25.407
48,0.3,0.0,8,done,2026-07-24T00:03:25.435
48,0.3,0.1,8,done,2026-07-24T00:03:25.459
48,0.3,0.2,8,done,2026-07-24T00:03:25.497
48,0.3,0.3,8,done,2026-07-24T00:03:25.561
48,0.3,0.4,8,done,2026-07-24T00:03:25.833
64,0.3,0.0,8,done,2026-07-24T00:03:25.889
64,0.3,0.1,8,done,2026-07-24T00:03:25.956
64,0.3,0.2,8,done,2026-07-24T00:03:26.045
64,0.3,0.3,8,done,2026-07-24T00:03:26.191
64,0.3,0.4,8,done,2026-07-24T00:03:26.499
96,0.3,0.0,8,done,2026-07-24T00:03:27.233
96,0.3,0.1,8,done,2026-07-24T00:03:27.488
96,0.3,0.2,8,done,2026-07-24T00:03:27.861
96,0.3,0.3,8,done,2026-07-24T00:03:28.205
96,0.3,0.4,8,done,2026-07-24T00:03:29.058
128,0.3,0.0,8,done,2026-07-24T00:03:30.280
128,0.3,0.1,8,done,2026-07-24T00:03:32.382
128,0.3,0.2,8,done,2026-07-24T00:03:34.389
128,0.3,0.3,8,done,2026-07-24T00:03:37.208
128,0.3,0.4,8,done,2026-07-24T00:03:46.562
32,0.4,0.0,8,done,2026-07-24T00:03:46.571
32,0.4,0.1,8,done,2026-07-24T00:03:46.581
32,0.4,0.2,8,done,2026-07-24T00:03:46.594
32,0.4,0.3,8,done,2026-07-24T00:03:46.609
32,0.4,0.4,8,done,2026-07-24T00:03:46.646
48,0.4,0.0,8,done,2026-07-24T00:03:46.735
48,0.4,0.1,8,done,2026-07-24T00:03:46.787
48,0.4,0.2,8,done,2026-07-24T00:03:46.830
48,0.4,0.3,8,done,2026-07-24T00:03:46.900
48,0.4,0.4,8,done,2026-07-24T00:03:47.253
64,0.4,0.0,8,done,2026-07-24T00:03:47.299
64,0.4,0.1,8,done,2026-07-24T00:03:47.387
64,0.4,0.2,8,done,2026-07-24T00:03:47.799
64,0.4,0.3,8,done,2026-07-24T00:03:48.060
64,0.4,0.4,8,done,2026-07-24T00:03:48.556
96,0.4,0.0,8,done,2026-07-24T00:03:50.031
96,0.4,0.1,8,done,2026-07-24T00:03:51.053
96,0.4,0.2,8,done,2026-07-24T00:03:52.611
96,0.4,0.3,8,done,2026-07-24T00:03:54.435
96,0.4,0.4,8,done,2026-07-24T00:03:56.129
128,0.4,0.0,8,done,2026-07-24T00:03:58.476
128,0.4,0.1,8,done,2026-07-24T00:04:00.466
128,0.4,0.2,8,done,2026-07-24T00:04:02.245
128,0.4,0.3,8,done,2026-07-24T00:04:03.438
128,0.4,0.4,8,done,2026-07-24T00:04:05.400
32,0.5,0.0,8,done,2026-07-24T00:04:05.405
32,0.5,0.1,8,done,2026-07-24T00:04:05.412
32,0.5,0.2,8,done,2026-07-24T00:04:05.430
32,0.5,0.3,8,done,2026-07-24T00:04:05.442
32,0.5,0.4,8,done,2026-07-24T00:04:05.460
48,0.5,0.0,8,done,2026-07-24T00:04:05.480
48,0.5,0.1,8,done,2026-07-24T00:04:05.496
48,0.5,0.2,8,done,2026-07-24T00:04:05.522
48,0.5,0.3,8,done,2026-07-24T00:04:05.549
48,0.5,0.4,8,done,2026-07-24T00:04:05.605
64,0.5,0.0,8,done,2026-07-24T00:04:05.635
64,0.5,0.1,8,done,2026-07-24T00:04:05.670
64,0.5,0.2,8,done,2026-07-24T00:04:05.704
64,0.5,0.3,8,done,2026-07-24T00:04:05.752
64,0.5,0.4,8,done,2026-07-24T00:04:05.851
96,0.5,0.0,8,done,2026-07-24T00:04:06.156
96,0.5,0.1,8,done,2026-07-24T00:04:06.458
96,0.5,0.2,8,done,2026-07-24T00:04:06.918
96,0.5,0.3,8,done,2026-07-24T00:04:07.446
96,0.5,0.4,8,done,2026-07-24T00:04:08.301
128,0.5,0.0,8,done,2026-07-24T00:04:09.532
128,0.5,0.1,8,done,2026-07-24T00:04:11.021
128,0.5,0.2,8,done,2026-07-24T00:04:12.455
128,0.5,0.3,8,done,2026-07-24T00:04:14.573
128,0.5,0.4,8,done,2026-07-24T00:04:18.089
32,0.6,0.0,8,done,2026-07-23T23:44:54.304
32,0.6,0.1,8,done,2026-07-23T23:44:54.315
32,0.6,0.2,8,done,2026-07-23T23:44:54.662
32,0.6,0.3,8,done,2026-07-23T23:44:55.405
32,0.6,0.4,8,done,2026-07-23T23:44:56.091
48,0.6,0.0,8,done,2026-07-23T23:44:57.032
48,0.6,0.1,8,done,2026-07-23T23:44:57.063
48,0.6,0.2,8,done,2026-07-23T23:44:57.814
48,0.6,0.3,8,done,2026-07-23T23:44:59.014
48,0.6,0.4,8,done,2026-07-23T23:45:01.022
64,0.6,0.0,8,done,2026-07-23T23:45:01.067
64,0.6,0.1,8,done,2026-07-23T23:45:03.005
64,0.6,0.2,8,done,2026-07-23T23:45:03.171
64,0.6,0.3,8,done,2026-07-23T23:45:03.255
64,0.6,0.4,8,done,2026-07-23T23:45:04.905
96,0.6,0.0,8,done,2026-07-23T23:45:05.986
96,0.6,0.1,8,done,2026-07-23T23:45:07.356
96,0.6,0.2,8,done,2026-07-23T23:45:09.035
96,0.6,0.3,8,done,2026-07-23T23:45:09.891
96,0.6,0.4,8,done,2026-07-23T23:45:10.260
128,0.6,0.0,8,done,2026-07-23T23:45:15.117
128,0.6,0.1,8,done,2026-07-23T23:45:16.860
128,0.6,0.2,8,done,2026-07-23T23:45:18.544
128,0.6,0.3,8,done,2026-07-23T23:45:22.834
128,0.6,0.4,8,done,2026-07-23T23:45:28.401
32,0.7,0.0,8,done,2026-07-23T23:45:29.412
32,0.7,0.1,8,done,2026-07-23T23:45:29.419
32,0.7,0.2,8,done,2026-07-23T23:45:30.531
32,0.7,0.3,8,done,2026-07-23T23:45:30.546
32,0.7,0.4,8,done,2026-07-23T23:45:32.717
48,0.7,0.0,8,done,2026-07-23T23:45:35.473
48,0.7,0.1,8,done,2026-07-23T23:45:35.491
48,0.7,0.2,8,done,2026-07-23T23:45:35.538
48,0.7,0.3,8,done,2026-07-23T23:45:40.009
48,0.7,0.4,8,done,2026-07-23T23:45:43.422
64,0.7,0.0,8,done,2026-07-23T23:45:43.533
64,0.7,0.1,8,done,2026-07-23T23:45:43.776
64,0.7,0.2,8,done,2026-07-23T23:45:43.934
64,0.7,0.3,8,done,2026-07-23T23:45:44.001
64,0.7,0.4,8,done,2026-07-23T23:45:44.114
96,0.7,0.0,8,done,2026-07-23T23:45:44.234
96,0.7,0.1,8,done,2026-07-23T23:45:44.404
96,0.7,0.2,8,done,2026-07-23T23:45:44.545
96,0.7,0.3,8,done,2026-07-23T23:45:44.719
96,0.7,0.4,8,done,2026-07-23T23:45:44.906
128,0.7,0.0,8,done,2026-07-23T23:45:45.217
128,0.7,0.1,8,done,2026-07-23T23:45:45.532
128,0.7,0.2,8,done,2026-07-23T23:45:45.907
128,0.7,0.3,8,done,2026-07-23T23:45:47.172
128,0.7,0.4,8,done,2026-07-23T23:45:56.083
32,0.8,0.0,8,done,2026-07-23T23:45:56.089
32,0.8,0.1,8,done,2026-07-23T23:45:56.097
32,0.8,0.2,8,done,2026-07-23T23:45:56.105
32,0.8,0.3,8,done,2026-07-23T23:45:56.119
32,0.8,0.4,8,done,2026-07-23T23:45:59.395
48,0.8,0.0,8,done,2026-07-23T23:45:59.443
48,0.8,0.1,8,done,2026-07-23T23:45:59.457
48,0.8,0.2,8,done,2026-07-23T23:45:59.478
48,0.8,0.3,8,done,2026-07-23T23:45:59.530
48,0.8,0.4,8,done,2026-07-23T23:46:07.716
64,0.8,0.0,8,done,2026-07-23T23:46:07.879
64,0.8,0.1,8,done,2026-07-23T23:46:07.929
64,0.8,0.2,8,done,2026-07-23T23:46:07.972
64,0.8,0.3,8,done,2026-07-23T23:46:11.692
64,0.8,0.4,8,done,2026-07-23T23:46:18.801
96,0.8,0.0,8,done,2026-07-23T23:46:19.208
96,0.8,0.1,8,done,2026-07-23T23:46:19.612
96,0.8,0.2,8,done,2026-07-23T23:46:20.200
96,0.8,0.3,8,done,2026-07-23T23:46:21.014
96,0.8,0.4,8,done,2026-07-23T23:46:23.135
128,0.8,0.0,8,done,2026-07-23T23:46:24.138
128,0.8,0.1,8,done,2026-07-23T23:46:25.375
128,0.8,0.2,8,done,2026-07-23T23:46:28.183
128,0.8,0.3,8,done,2026-07-23T23:46:33.221
128,0.8,0.4,8,done,2026-07-23T23:46:35.097
32,0.9,0.0,8,done,2026-07-23T23:46:35.104
32,0.9,0.1,8,done,2026-07-23T23:46:35.113
32,0.9,0.2,8,done,2026-07-23T23:46:35.123
32,0.9,0.3,8,done,2026-07-23T23:46:35.135
32,0.9,0.4,8,done,2026-07-23T23:46:35.168
48,0.9,0.0,8,done,2026-07-23T23:46:35.183
48,0.9,0.1,8,done,2026-07-23T23:46:35.202
48,0.9,0.2,8,done,2026-07-23T23:46:35.219
48,0.9,0.3,8,done,2026-07-23T23:46:35.242
48,0.9,0.4,8,done,2026-07-23T23:46:39.392
64,0.9,0.0,8,done,2026-07-23T23:46:39.511
64,0.9,0.1,8,done,2026-07-23T23:46:39.600
64,0.9,0.2,8,done,2026-07-23T23:46:39.718
64,0.9,0.3,8,done,2026-07-23T23:46:40.022
64,0.9,0.4,8,done,2026-07-23T23:46:45.005
96,0.9,0.0,8,done,2026-07-23T23:46:45.388
96,0.9,0.1,8,done,2026-07-23T23:46:46.099
96,0.9,0.2,8,done,2026-07-23T23:46:47.217
96,0.9,0.3,8,done,2026-07-23T23:46:48.108
96,0.9,0.4,8,done,2026-07-23T23:47:04.112
128,0.9,0.0,8,done,2026-07-23T23:47:05.718
128,0.9,0.1,8,done,2026-07-23T23:47:07.099
128,0.9,0.2,8,done,2026-07-23T23:47:08.986
128,0.9,0.3,8,done,2026-07-23T23:47:10.689
128,0.9,0.4,8,done,2026-07-23T23:47:11.877
32,1.0,0.0,8,done,2026-07-23T23:47:12.567
32,1.0,0.1,8,done,2026-07-23T23:47:12.610
32,1.0,0.2,8,done,2026-07-23T23:47:12.616
32,1.0,0.3,8,done,2026-07-23T23:47:12.624
32,1.0,0.4,8,done,2026-07-23T23:47:12.637
48,1.0,0.0,8,done,2026-07-23T23:47:12.649
48,1.0,0.1,8,done,2026-07-23T23:47:12.665
48,1.0,0.2,8,done,2026-07-23T23:47:12.720
48,1.0,0.3,8,done,2026-07-23T23:47:12.743
48,1.0,0.4,8,done,2026-07-23T23:47:15.197
64,1.0,0.0,8,done,2026-07-23T23:47:15.230
64,1.0,0.1,8,done,2026-07-23T23:47:15.251
64,1.0,0.2,8,done,2026-07-23T23:47:15.285
64,1.0,0.3,8,done,2026-07-23T23:47:15.318
64,1.0,0.4,8,done,2026-07-23T23:47:15.372
96,1.0,0.0,8,done,2026-07-23T23:47:15.505
96,1.0,0.1,8,done,2026-07-23T23:47:15.689
96,1.0,0.2,8,done,2026-07-23T23:47:16.105
96,1.0,0.3,8,done,2026-07-23T23:47:16.256
96,1.0,0.4,8,done,2026-07-23T23:47:19.935
128,1.0,0.0,8,done,2026-07-23T23:47:20.315
128,1.0,0.1,8,done,2026-07-23T23:47:20.927
128,1.0,0.2,8,done,2026-07-23T23:47:21.308
128,1.0,0.3,8,done,2026-07-23T23:47:21.778
128,1.0,0.4,8,done,2026-07-23T23:47:22.878
32,0.1,0.0,9,done,2026-07-23T23:47:25.197
32,0.1,0.1,9,done,2026-07-23T23:47:25.232
32,0.1,0.2,9,done,2026-07-23T23:47:29.734
32,0.1,0.3,9,done,2026-07-23T23:47:33.273
32,0.1,0.4,9,done,2026-07-23T23:47:42.034
48,0.1,0.0,9,done,2026-07-23T23:47:42.124
48,0.1,0.1,9,done,2026-07-23T23:47:42.281
48,0.1,0.2,9,done,2026-07-23T23:47:46.808
48,0.1,0.3,9,done,2026-07-23T23:47:47.123
48,0.1,0.4,9,done,2026-07-23T23:47:52.911
64,0.1,0.0,9,done,2026-07-23T23:47:57.324
64,0.1,0.1,9,done,2026-07-23T23:48:05.885
64,0.1,0.2,9,done,2026-07-23T23:48:09.948
64,0.1,0.3,9,done,2026-07-23T23:48:16.950
64,0.1,0.4,9,done,2026-07-23T23:48:24.999
96,0.1,0.0,9,done,2026-07-23T23:48:31.811
96,0.1,0.1,9,done,2026-07-23T23:48:39.165
96,0.1,0.2,9,done,2026-07-23T23:48:40.697
96,0.1,0.3,9,done,2026-07-23T23:48:50.244
96,0.1,0.4,9,done,2026-07-23T23:48:58.440
128,0.1,0.0,9,done,2026-07-23T23:49:02.417
128,0.1,0.1,9,done,2026-07-23T23:49:10.596
128,0.1,0.2,9,done,2026-07-23T23:49:16.835
128,0.1,0.3,9,done,2026-07-23T23:49:31.164
128,0.1,0.4,9,done,2026-07-23T23:49:47.856
32,0.2,0.0,9,done,2026-07-23T23:49:47.879
32,0.2,0.1,9,done,2026-07-23T23:49:47.917
32,0.2,0.2,9,done,2026-07-23T23:49:48.255
32,0.2,0.3,9,done,2026-07-23T23:49:48.284
32,0.2,0.4,9,done,2026-07-23T23:49:48.347
48,0.2,0.0,9,done,2026-07-23T23:49:48.633
48,0.2,0.1,9,done,2026-07-23T23:49:48.718
48,0.2,0.2,9,done,2026-07-23T23:49:49.193
48,0.2,0.3,9,done,2026-07-23T23:49:51.539
48,0.2,0.4,9,done,2026-07-23T23:49:52.685
64,0.2,0.0,9,done,2026-07-23T23:49:53.194
64,0.2,0.1,9,done,2026-07-23T23:49:53.909
64,0.2,0.2,9,done,2026-07-23T23:49:54.463
64,0.2,0.3,9,done,2026-07-23T23:49:55.271
64,0.2,0.4,9,done,2026-07-23T23:50:03.534
96,0.2,0.0,9,done,2026-07-23T23:50:06.533
96,0.2,0.1,9,done,2026-07-23T23:50:09.584
96,0.2,0.2,9,done,2026-07-23T23:50:12.882
96,0.2,0.3,9,done,2026-07-23T23:50:18.632
96,0.2,0.4,9,done,2026-07-23T23:50:33.215
128,0.2,0.0,9,done,2026-07-23T23:50:35.574
128,0.2,0.1,9,done,2026-07-23T23:50:39.368
128,0.2,0.2,9,done,2026-07-23T23:50:43.981
128,0.2,0.3,9,done,2026-07-23T23:50:51.050
128,0.2,0.4,9,done,2026-07-23T23:51:07.188
32,0.3,0.0,9,done,2026-07-23T23:51:07.234
32,0.3,0.1,9,done,2026-07-23T23:51:07.249
32,0.3,0.2,9,done,2026-07-23T23:51:07.268
32,0.3,0.3,9,done,2026-07-23T23:51:07.297
32,0.3,0.4,9,done,2026-07-23T23:51:07.388
48,0.3,0.0,9,done,2026-07-23T23:51:07.885
48,0.3,0.1,9,done,2026-07-23T23:51:07.989
48,0.3,0.2,9,done,2026-07-23T23:51:08.239
48,0.3,0.3,9,done,2026-07-23T23:51:08.344
48,0.3,0.4,9,done,2026-07-23T23:51:12.762
64,0.3,0.0,9,done,2026-07-23T23:51:13.290
64,0.3,0.1,9,done,2026-07-23T23:51:13.954
64,0.3,0.2,9,done,2026-07-23T23:51:15.559
64,0.3,0.3,9,done,2026-07-23T23:51:16.393
64,0.3,0.4,9,done,2026-07-23T23:51:24.529
96,0.3,0.0,9,done,2026-07-23T23:51:26.923
96,0.3,0.1,9,done,2026-07-23T23:51:28.163
96,0.3,0.2,9,done,2026-07-23T23:51:30.576
96,0.3,0.3,9,done,2026-07-23T23:51:31.796
96,0.3,0.4,9,done,2026-07-23T23:51:33.532
128,0.3,0.0,9,done,2026-07-23T23:51:35.923
128,0.3,0.1,9,done,2026-07-23T23:51:38.334
128,0.3,0.2,9,done,2026-07-23T23:51:41.540
128,0.3,0.3,9,done,2026-07-23T23:51:43.996
128,0.3,0.4,9,done,2026-07-23T23:51:53.552
32,0.4,0.0,9,done,2026-07-23T23:51:53.564
32,0.4,0.1,9,done,2026-07-23T23:51:53.574
32,0.4,0.2,9,done,2026-07-23T23:51:53.591
32,0.4,0.3,9,done,2026-07-23T23:51:53.640
32,0.4,0.4,9,done,2026-07-23T23:51:53.676
48,0.4,0.0,9,done,2026-07-23T23:51:53.778
48,0.4,0.1,9,done,2026-07-23T23:51:54.132
48,0.4,0.2,9,done,2026-07-23T23:51:54.186
48,0.4,0.3,9,done,2026-07-23T23:51:54.277
48,0.4,0.4,9,done,2026-07-23T23:51:54.476
64,0.4,0.0,9,done,2026-07-23T23:51:54.653
64,0.4,0.1,9,done,2026-07-23T23:51:55.069
64,0.4,0.2,9,done,2026-07-23T23:51:55.325
64,0.4,0.3,9,done,2026-07-23T23:51:56.110
64,0.4,0.4,9,done,2026-07-23T23:51:56.370
96,0.4,0.0,9,done,2026-07-23T23:51:57.772
96,0.4,0.1,9,done,2026-07-23T23:51:58.366
96,0.4,0.2,9,done,2026-07-23T23:51:59.571
96,0.4,0.3,9,done,2026-07-23T23:52:00.258
96,0.4,0.4,9,done,2026-07-23T23:52:02.140
128,0.4,0.0,9,done,2026-07-23T23:52:04.209
128,0.4,0.1,9,done,2026-07-23T23:52:06.437
128,0.4,0.2,9,done,2026-07-23T23:52:09.807
128,0.4,0.3,9,done,2026-07-23T23:52:15.131
128,0.4,0.4,9,done,2026-07-23T23:52:20.013
32,0.5,0.0,9,done,2026-07-23T23:52:20.047
32,0.5,0.1,9,done,2026-07-23T23:52:20.059
32,0.5,0.2,9,done,2026-07-23T23:52:20.073
32,0.5,0.3,9,done,2026-07-23T23:52:20.557
32,0.5,0.4,9,done,2026-07-23T23:52:20.583
48,0.5,0.0,9,done,2026-07-23T23:52:20.735
48,0.5,0.1,9,done,2026-07-23T23:52:20.930
48,0.5,0.2,9,done,2026-07-23T23:52:21.182
48,0.5,0.3,9,done,2026-07-23T23:52:21.708
48,0.5,0.4,9,done,2026-07-23T23:52:22.133
64,0.5,0.0,9,done,2026-07-23T23:52:22.887
64,0.5,0.1,9,done,2026-07-23T23:52:24.381
64,0.5,0.2,9,done,2026-07-23T23:52:24.811
64,0.5,0.3,9,done,2026-07-23T23:52:25.342
64,0.5,0.4,9,done,2026-07-23T23:52:25.797
96,0.5,0.0,9,done,2026-07-23T23:52:27.256
96,0.5,0.1,9,done,2026-07-23T23:52:28.511
96,0.5,0.2,9,done,2026-07-23T23:52:30.016
96,0.5,0.3,9,done,2026-07-23T23:52:31.527
96,0.5,0.4,9,done,2026-07-23T23:52:32.039
128,0.5,0.0,9,done,2026-07-23T23:52:33.951
128,0.5,0.1,9,done,2026-07-23T23:52:36.080
128,0.5,0.2,9,done,2026-07-23T23:52:37.650
128,0.5,0.3,9,done,2026-07-23T23:52:40.628
128,0.5,0.4,9,done,2026-07-23T23:52:43.828
32,0.6,0.0,9,done,2026-07-23T23:52:43.838
32,0.6,0.1,9,done,2026-07-23T23:52:43.847
32,0.6,0.2,9,done,2026-07-23T23:52:43.863
32,0.6,0.3,9,done,2026-07-23T23:52:43.879
32,0.6,0.4,9,done,2026-07-23T23:52:43.913
48,0.6,0.0,9,done,2026-07-23T23:52:44.026
48,0.6,0.1,9,done,2026-07-23T23:52:44.155
48,0.6,0.2,9,done,2026-07-23T23:52:44.888
48,0.6,0.3,9,done,2026-07-23T23:52:44.940
48,0.6,0.4,9,done,2026-07-23T23:52:45.123
64,0.6,0.0,9,done,2026-07-23T23:52:45.368
64,0.6,0.1,9,done,2026-07-23T23:52:45.657
64,0.6,0.2,9,done,2026-07-23T23:52:45.976
64,0.6,0.3,9,done,2026-07-23T23:52:46.117
64,0.6,0.4,9,done,2026-07-23T23:52:46.576
96,0.6,0.0,9,done,2026-07-23T23:52:47.488
96,0.6,0.1,9,done,2026-07-23T23:52:48.181
96,0.6,0.2,9,done,2026-07-23T23:52:48.948
96,0.6,0.3,9,done,2026-07-23T23:52:49.973
96,0.6,0.4,9,done,2026-07-23T23:52:51.844
128,0.6,0.0,9,done,2026-07-23T23:52:54.248
128,0.6,0.1,9,done,2026-07-23T23:52:56.214
128,0.6,0.2,9,done,2026-07-23T23:52:58.052
128,0.6,0.3,9,done,2026-07-23T23:53:00.825
128,0.6,0.4,9,done,2026-07-23T23:53:04.984
32,0.7,0.0,9,done,2026-07-23T23:53:05.002
32,0.7,0.1,9,done,2026-07-23T23:53:05.014
32,0.7,0.2,9,done,2026-07-23T23:53:05.025
32,0.7,0.3,9,done,2026-07-23T23:53:05.099
32,0.7,0.4,9,done,2026-07-23T23:53:05.122
48,0.7,0.0,9,done,2026-07-23T23:53:05.518
48,0.7,0.1,9,done,2026-07-23T23:53:05.658
48,0.7,0.2,9,done,2026-07-23T23:53:05.739
48,0.7,0.3,9,done,2026-07-23T23:53:05.846
48,0.7,0.4,9,done,2026-07-23T23:53:06.033
64,0.7,0.0,9,done,2026-07-23T23:53:06.198
64,0.7,0.1,9,done,2026-07-23T23:53:06.275
64,0.7,0.2,9,done,2026-07-23T23:53:06.349
64,0.7,0.3,9,done,2026-07-23T23:53:07.239
64,0.7,0.4,9,done,2026-07-23T23:53:07.537
96,0.7,0.0,9,done,2026-07-23T23:53:09.150
96,0.7,0.1,9,done,2026-07-23T23:53:09.667
96,0.7,0.2,9,done,2026-07-23T23:53:10.709
96,0.7,0.3,9,done,2026-07-23T23:53:11.929
96,0.7,0.4,9,done,2026-07-23T23:53:13.465
128,0.7,0.0,9,done,2026-07-23T23:53:15.793
128,0.7,0.1,9,done,2026-07-23T23:53:18.825
128,0.7,0.2,9,done,2026-07-23T23:53:21.204
128,0.7,0.3,9,done,2026-07-23T23:53:26.157
128,0.7,0.4,9,done,2026-07-23T23:53:29.827
32,0.8,0.0,9,done,2026-07-23T23:53:29.834
32,0.8,0.1,9,done,2026-07-23T23:53:29.841
32,0.8,0.2,9,done,2026-07-23T23:53:29.851
32,0.8,0.3,9,done,2026-07-23T23:53:29.862
32,0.8,0.4,9,done,2026-07-23T23:53:29.894
48,0.8,0.0,9,done,2026-07-23T23:53:30.007
48,0.8,0.1,9,done,2026-07-23T23:53:30.142
48,0.8,0.2,9,done,2026-07-23T23:53:30.215
48,0.8,0.3,9,done,2026-07-23T23:53:31.042
48,0.8,0.4,9,done,2026-07-23T23:53:31.129
64,0.8,0.0,9,done,2026-07-23T23:53:31.608
64,0.8,0.1,9,done,2026-07-23T23:53:32.179
64,0.8,0.2,9,done,2026-07-23T23:53:32.894
64,0.8,0.3,9,done,2026-07-23T23:53:33.696
64,0.8,0.4,9,done,2026-07-23T23:53:33.843
96,0.8,0.0,9,done,2026-07-23T23:53:34.395
96,0.8,0.1,9,done,2026-07-23T23:53:34.810
96,0.8,0.2,9,done,2026-07-23T23:53:35.627
96,0.8,0.3,9,done,2026-07-23T23:53:36.814
96,0.8,0.4,9,done,2026-07-23T23:53:38.605
128,0.8,0.0,9,done,2026-07-23T23:53:41.112
128,0.8,0.1,9,done,2026-07-23T23:53:44.059
128,0.8,0.2,9,done,2026-07-23T23:53:47.847
128,0.8,0.3,9,done,2026-07-23T23:53:53.138
128,0.8,0.4,9,done,2026-07-23T23:53:55.466
32,0.9,0.0,9,done,2026-07-23T23:53:55.472
32,0.9,0.1,9,done,2026-07-23T23:53:55.478
32,0.9,0.2,9,done,2026-07-23T23:53:55.483
32,0.9,0.3,9,done,2026-07-23T23:53:55.492
32,0.9,0.4,9,done,2026-07-23T23:53:55.504
48,0.9,0.0,9,done,2026-07-23T23:53:57.184
48,0.9,0.1,9,done,2026-07-23T23:53:57.228
48,0.9,0.2,9,done,2026-07-23T23:53:57.271
48,0.9,0.3,9,done,2026-07-23T23:53:57.338
48,0.9,0.4,9,done,2026-07-23T23:53:57.617
64,0.9,0.0,9,done,2026-07-23T23:53:57.825
64,0.9,0.1,9,done,2026-07-23T23:53:58.471
64,0.9,0.2,9,done,2026-07-23T23:53:58.539
64,0.9,0.3,9,done,2026-07-23T23:53:58.623
64,0.9,0.4,9,done,2026-07-23T23:53:58.825
96,0.9,0.0,9,done,2026-07-23T23:53:59.374
96,0.9,0.1,9,done,2026-07-23T23:54:00.022
96,0.9,0.2,9,done,2026-07-23T23:54:00.739
96,0.9,0.3,9,done,2026-07-23T23:54:01.766
96,0.9,0.4,9,done,2026-07-23T23:54:02.521
128,0.9,0.0,9,done,2026-07-23T23:54:04.738
128,0.9,0.1,9,done,2026-07-23T23:54:09.474
128,0.9,0.2,9,done,2026-07-23T23:54:12.668
128,0.9,0.3,9,done,2026-07-23T23:54:15.714
128,0.9,0.4,9,done,2026-07-23T23:54:19.271
32,1.0,0.0,9,done,2026-07-23T23:54:19.275
32,1.0,0.1,9,done,2026-07-23T23:54:19.282
32,1.0,0.2,9,done,2026-07-23T23:54:19.540
32,1.0,0.3,9,done,2026-07-23T23:54:19.548
32,1.0,0.4,9,done,2026-07-23T23:54:19.559
48,1.0,0.0,9,done,2026-07-23T23:54:19.702
48,1.0,0.1,9,done,2026-07-23T23:54:19.844
48,1.0,0.2,9,done,2026-07-23T23:54:19.978
48,1.0,0.3,9,done,2026-07-23T23:54:20.203
48,1.0,0.4,9,done,2026-07-23T23:54:20.325
64,1.0,0.0,9,done,2026-07-23T23:54:20.407
64,1.0,0.1,9,done,2026-07-23T23:54:21.146
64,1.0,0.2,9,done,2026-07-23T23:54:21.214
64,1.0,0.3,9,done,2026-07-23T23:54:21.281
64,1.0,0.4,9,done,2026-07-23T23:54:21.510
96,1.0,0.0,9,done,2026-07-23T23:54:22.607
96,1.0,0.1,9,done,2026-07-23T23:54:23.223
96,1.0,0.2,9,done,2026-07-23T23:54:23.929
96,1.0,0.3,9,done,2026-07-23T23:54:24.665
96,1.0,0.4,9,done,2026-07-23T23:54:26.278
128,1.0,0.0,9,done,2026-07-23T23:54:27.260
128,1.0,0.1,9,done,2026-07-23T23:54:29.403
128,1.0,0.2,9,done,2026-07-23T23:54:32.442
128,1.0,0.3,9,done,2026-07-23T23:54:35.847
128,1.0,0.4,9,done,2026-07-23T23:54:39.548
32,0.1,0.0,10,done,2026-07-23T23:54:39.582
32,0.1,0.1,10,done,2026-07-23T23:54:39.668
32,0.1,0.2,10,done,2026-07-23T23:54:39.709
32,0.1,0.3,10,done,2026-07-23T23:54:40.274
32,0.1,0.4,10,done,2026-07-23T23:54:52.737
48,0.1,0.0,10,done,2026-07-23T23:54:53.163
48,0.1,0.1,10,done,2026-07-23T23:54:53.307
48,0.1,0.2,10,done,2026-07-23T23:54:53.570
48,0.1,0.3,10,done,2026-07-23T23:55:00.616
48,0.1,0.4,10,done,2026-07-23T23:55:14.261
64,0.1,0.0,10,done,2026-07-23T23:55:15.178
64,0.1,0.1,10,done,2026-07-23T23:55:15.429
64,0.1,0.2,10,done,2026-07-23T23:55:16
64,0.1,0.3,10,done,2026-07-23T23:55:23.094
64,0.1,0.4,10,done,2026-07-23T23:55:24.664
96,0.1,0.0,10,done,2026-07-23T23:55:25.872
96,0.1,0.1,10,done,2026-07-23T23:55:26.784
96,0.1,0.2,10,done,2026-07-23T23:55:28.381
96,0.1,0.3,10,done,2026-07-23T23:55:29.673
96,0.1,0.4,10,done,2026-07-23T23:55:31.614
128,0.1,0.0,10,done,2026-07-23T23:55:32.711
128,0.1,0.1,10,done,2026-07-23T23:55:35.022
128,0.1,0.2,10,done,2026-07-23T23:55:37.662
128,0.1,0.3,10,done,2026-07-23T23:55:48.416
128,0.1,0.4,10,done,2026-07-23T23:56:14.224
32,0.2,0.0,10,done,2026-07-23T23:56:14.239
32,0.2,0.1,10,done,2026-07-23T23:56:14.262
32,0.2,0.2,10,done,2026-07-23T23:56:14.279
32,0.2,0.3,10,done,2026-07-23T23:56:14.314
32,0.2,0.4,10,done,2026-07-23T23:56:14.365
48,0.2,0.0,10,done,2026-07-23T23:56:14.484
48,0.2,0.1,10,done,2026-07-23T23:56:14.588
48,0.2,0.2,10,done,2026-07-23T23:56:14.686
48,0.2,0.3,10,done,2026-07-23T23:56:14.788
48,0.2,0.4,10,done,2026-07-23T23:56:27.222
64,0.2,0.0,10,done,2026-07-23T23:56:27.733
64,0.2,0.1,10,done,2026-07-23T23:56:28.487
64,0.2,0.2,10,done,2026-07-23T23:56:29.299
64,0.2,0.3,10,done,2026-07-23T23:56:30.427
64,0.2,0.4,10,done,2026-07-23T23:56:32.058
96,0.2,0.0,10,done,2026-07-23T23:56:33.404
96,0.2,0.1,10,done,2026-07-23T23:56:35.202
96,0.2,0.2,10,done,2026-07-23T23:56:38.036
96,0.2,0.3,10,done,2026-07-23T23:56:39.774
96,0.2,0.4,10,done,2026-07-23T23:56:43.347
128,0.2,0.0,10,done,2026-07-23T23:56:45.748
128,0.2,0.1,10,done,2026-07-23T23:56:49.715
128,0.2,0.2,10,done,2026-07-23T23:56:54.620
128,0.2,0.3,10,done,2026-07-23T23:57:07.514
128,0.2,0.4,10,done,2026-07-23T23:57:26.041
32,0.3,0.0,10,done,2026-07-23T23:57:26.050
32,0.3,0.1,10,done,2026-07-23T23:57:26.217
32,0.3,0.2,10,done,2026-07-23T23:57:26.232
32,0.3,0.3,10,done,2026-07-23T23:57:26.258
32,0.3,0.4,10,done,2026-07-23T23:57:26.309
48,0.3,0.0,10,done,2026-07-23T23:57:26.398
48,0.3,0.1,10,done,2026-07-23T23:57:26.545
48,0.3,0.2,10,done,2026-07-23T23:57:26.626
48,0.3,0.3,10,done,2026-07-23T23:57:26.766
48,0.3,0.4,10,done,2026-07-23T23:57:27.646
64,0.3,0.0,10,done,2026-07-23T23:57:27.894
64,0.3,0.1,10,done,2026-07-23T23:57:28.346
64,0.3,0.2,10,done,2026-07-23T23:57:29.223
64,0.3,0.3,10,done,2026-07-23T23:57:29.751
64,0.3,0.4,10,done,2026-07-23T23:57:31.198
96,0.3,0.0,10,done,2026-07-23T23:57:34.073
96,0.3,0.1,10,done,2026-07-23T23:57:37.049
96,0.3,0.2,10,done,2026-07-23T23:57:39.204
96,0.3,0.3,10,done,2026-07-23T23:57:40.646
96,0.3,0.4,10,done,2026-07-23T23:57:43.071
128,0.3,0.0,10,done,2026-07-23T23:57:49.272
128,0.3,0.1,10,done,2026-07-23T23:57:54.490
128,0.3,0.2,10,done,2026-07-23T23:57:58.685
128,0.3,0.3,10,done,2026-07-23T23:58:05.658
128,0.3,0.4,10,done,2026-07-23T23:58:09.727
32,0.4,0.0,10,done,2026-07-23T23:58:09.741
32,0.4,0.1,10,done,2026-07-23T23:58:09.755
32,0.4,0.2,10,done,2026-07-23T23:58:09.771
32,0.4,0.3,10,done,2026-07-23T23:58:09.796
32,0.4,0.4,10,done,2026-07-23T23:58:09.896
48,0.4,0.0,10,done,2026-07-23T23:58:10.189
48,0.4,0.1,10,done,2026-07-23T23:58:10.389
48,0.4,0.2,10,done,2026-07-23T23:58:10.541
48,0.4,0.3,10,done,2026-07-23T23:58:11.277
48,0.4,0.4,10,done,2026-07-23T23:58:11.983
64,0.4,0.0,10,done,2026-07-23T23:58:12.953
64,0.4,0.1,10,done,2026-07-23T23:58:13.456
64,0.4,0.2,10,done,2026-07-23T23:58:15.342
64,0.4,0.3,10,done,2026-07-23T23:58:16.412
64,0.4,0.4,10,done,2026-07-23T23:58:17.509
96,0.4,0.0,10,done,2026-07-23T23:58:18.986
96,0.4,0.1,10,done,2026-07-23T23:58:23.722
96,0.4,0.2,10,done,2026-07-23T23:58:25.138
96,0.4,0.3,10,done,2026-07-23T23:58:27.640
96,0.4,0.4,10,done,2026-07-23T23:58:29.909
128,0.4,0.0,10,done,2026-07-23T23:58:32.290
128,0.4,0.1,10,done,2026-07-23T23:58:35.954
128,0.4,0.2,10,done,2026-07-23T23:58:40.900
128,0.4,0.3,10,done,2026-07-23T23:58:46.749
128,0.4,0.4,10,done,2026-07-23T23:58:53.321
32,0.5,0.0,10,done,2026-07-23T23:58:53.332
32,0.5,0.1,10,done,2026-07-23T23:58:53.342
32,0.5,0.2,10,done,2026-07-23T23:58:53.353
32,0.5,0.3,10,done,2026-07-23T23:58:53.387
32,0.5,0.4,10,done,2026-07-23T23:58:53.407
48,0.5,0.0,10,done,2026-07-23T23:58:53.589
48,0.5,0.1,10,done,2026-07-23T23:58:53.878
48,0.5,0.2,10,done,2026-07-23T23:58:54.151
48,0.5,0.3,10,done,2026-07-23T23:58:54.384
48,0.5,0.4,10,done,2026-07-23T23:58:54.888
64,0.5,0.0,10,done,2026-07-23T23:58:57.422
64,0.5,0.1,10,done,2026-07-23T23:58:57.871
64,0.5,0.2,10,done,2026-07-23T23:58:58.466
64,0.5,0.3,10,done,2026-07-23T23:58:59.453
64,0.5,0.4,10,done,2026-07-23T23:59:02.371
96,0.5,0.0,10,done,2026-07-23T23:59:04.856
96,0.5,0.1,10,done,2026-07-23T23:59:07.028
96,0.5,0.2,10,done,2026-07-23T23:59:09.351
96,0.5,0.3,10,done,2026-07-23T23:59:12.299
96,0.5,0.4,10,done,2026-07-23T23:59:16.130
128,0.5,0.0,10,done,2026-07-23T23:59:20.318
128,0.5,0.1,10,done,2026-07-23T23:59:24.693
128,0.5,0.2,10,done,2026-07-23T23:59:29.437
128,0.5,0.3,10,done,2026-07-23T23:59:33.851
128,0.5,0.4,10,done,2026-07-23T23:59:40.990
32,0.6,0.0,10,done,2026-07-23T23:59:40.999
32,0.6,0.1,10,done,2026-07-23T23:59:41.007
32,0.6,0.2,10,done,2026-07-23T23:59:41.018
32,0.6,0.3,10,done,2026-07-23T23:59:41.028
32,0.6,0.4,10,done,2026-07-23T23:59:41.041
48,0.6,0.0,10,done,2026-07-23T23:59:41.866
48,0.6,0.1,10,done,2026-07-23T23:59:42.684
48,0.6,0.2,10,done,2026-07-23T23:59:42.960
48,0.6,0.3,10,done,2026-07-23T23:59:43.484
48,0.6,0.4,10,done,2026-07-23T23:59:43.902
64,0.6,0.0,10,done,2026-07-23T23:59:45.084
64,0.6,0.1,10,done,2026-07-23T23:59:46.093
64,0.6,0.2,10,done,2026-07-23T23:59:46.762
64,0.6,0.3,10,done,2026-07-23T23:59:47.195
64,0.6,0.4,10,done,2026-07-23T23:59:48.620
96,0.6,0.0,10,done,2026-07-23T23:59:50.502
96,0.6,0.1,10,done,2026-07-23T23:59:51.697
96,0.6,0.2,10,done,2026-07-23T23:59:54.304
96,0.6,0.3,10,done,2026-07-23T23:59:55.641
96,0.6,0.4,10,done,2026-07-23T23:59:57.420
128,0.6,0.0,10,done,2026-07-24T00:00:00.986
128,0.6,0.1,10,done,2026-07-24T00:00:05.382
128,0.6,0.2,10,done,2026-07-24T00:00:09.894
128,0.6,0.3,10,done,2026-07-24T00:00:12.366
128,0.6,0.4,10,done,2026-07-24T00:00:17.351
32,0.7,0.0,10,done,2026-07-24T00:00:17.360
32,0.7,0.1,10,done,2026-07-24T00:00:17.371
32,0.7,0.2,10,done,2026-07-24T00:00:17.391
32,0.7,0.3,10,done,2026-07-24T00:00:17.403
32,0.7,0.4,10,done,2026-07-24T00:00:17.448
48,0.7,0.0,10,done,2026-07-24T00:00:17.653
48,0.7,0.1,10,done,2026-07-24T00:00:17.938
48,0.7,0.2,10,done,2026-07-24T00:00:18.546
48,0.7,0.3,10,done,2026-07-24T00:00:18.664
48,0.7,0.4,10,done,2026-07-24T00:00:19.005
64,0.7,0.0,10,done,2026-07-24T00:00:20.037
64,0.7,0.1,10,done,2026-07-24T00:00:20.691
64,0.7,0.2,10,done,2026-07-24T00:00:21.136
64,0.7,0.3,10,done,2026-07-24T00:00:21.461
64,0.7,0.4,10,done,2026-07-24T00:00:22.042
96,0.7,0.0,10,done,2026-07-24T00:00:23.473
96,0.7,0.1,10,done,2026-07-24T00:00:24.578
96,0.7,0.2,10,done,2026-07-24T00:00:26.518
96,0.7,0.3,10,done,2026-07-24T00:00:27.720
96,0.7,0.4,10,done,2026-07-24T00:00:30.137
128,0.7,0.0,10,done,2026-07-24T00:00:32.374
128,0.7,0.1,10,done,2026-07-24T00:00:34.936
128,0.7,0.2,10,done,2026-07-24T00:00:37.633
128,0.7,0.3,10,done,2026-07-24T00:00:39.829
128,0.7,0.4,10,done,2026-07-24T00:00:44.512
32,0.8,0.0,10,done,2026-07-24T00:00:44.520
32,0.8,0.1,10,done,2026-07-24T00:00:44.525
32,0.8,0.2,10,done,2026-07-24T00:00:44.532
32,0.8,0.3,10,done,2026-07-24T00:00:44.548
32,0.8,0.4,10,done,2026-07-24T00:00:44.583
48,0.8,0.0,10,done,2026-07-24T00:00:44.704
48,0.8,0.1,10,done,2026-07-24T00:00:44.779
48,0.8,0.2,10,done,2026-07-24T00:00:44.864
48,0.8,0.3,10,done,2026-07-24T00:00:45.025
48,0.8,0.4,10,done,2026-07-24T00:00:45.522
64,0.8,0.0,10,done,2026-07-24T00:00:47.255
64,0.8,0.1,10,done,2026-07-24T00:00:47.696
64,0.8,0.2,10,done,2026-07-24T00:00:47.936
64,0.8,0.3,10,done,2026-07-24T00:00:48.451
64,0.8,0.4,10,done,2026-07-24T00:00:49.857
96,0.8,0.0,10,done,2026-07-24T00:00:50.918
96,0.8,0.1,10,done,2026-07-24T00:00:52.600
96,0.8,0.2,10,done,2026-07-24T00:00:54.158
96,0.8,0.3,10,done,2026-07-24T00:00:57.323
96,0.8,0.4,10,done,2026-07-24T00:00:58.659
128,0.8,0.0,10,done,2026-07-24T00:01:00.996
128,0.8,0.1,10,done,2026-07-24T00:01:06.351
128,0.8,0.2,10,done,2026-07-24T00:01:09.188
128,0.8,0.3,10,done,2026-07-24T00:01:11.974
128,0.8,0.4,10,done,2026-07-24T00:01:15.919
32,0.9,0.0,10,done,2026-07-24T00:01:15.928
32,0.9,0.1,10,done,2026-07-24T00:01:17.353
32,0.9,0.2,10,done,2026-07-24T00:01:17.362
32,0.9,0.3,10,done,2026-07-24T00:01:17.370
32,0.9,0.4,10,done,2026-07-24T00:01:17.388
48,0.9,0.0,10,done,2026-07-24T00:01:17.557
48,0.9,0.1,10,done,2026-07-24T00:01:17.705
48,0.9,0.2,10,done,2026-07-24T00:01:17.990
48,0.9,0.3,10,done,2026-07-24T00:01:18.081
48,0.9,0.4,10,done,2026-07-24T00:01:18.358
64,0.9,0.0,10,done,2026-07-24T00:01:19.158
64,0.9,0.1,10,done,2026-07-24T00:01:19.321
64,0.9,0.2,10,done,2026-07-24T00:01:20.101
64,0.9,0.3,10,done,2026-07-24T00:01:20.720
64,0.9,0.4,10,done,2026-07-24T00:01:21.505
96,0.9,0.0,10,done,2026-07-24T00:01:22.543
96,0.9,0.1,10,done,2026-07-24T00:01:23.902
96,0.9,0.2,10,done,2026-07-24T00:01:26.176
96,0.9,0.3,10,done,2026-07-24T00:01:29.238
96,0.9,0.4,10,done,2026-07-24T00:01:30.456
128,0.9,0.0,10,done,2026-07-24T00:01:33.132
128,0.9,0.1,10,done,2026-07-24T00:01:39.820
128,0.9,0.2,10,done,2026-07-24T00:01:42.875
128,0.9,0.3,10,done,2026-07-24T00:01:46.203
128,0.9,0.4,10,done,2026-07-24T00:01:52.563
32,1.0,0.0,10,done,2026-07-24T00:01:52.572
32,1.0,0.1,10,done,2026-07-24T00:01:52.580
32,1.0,0.2,10,done,2026-07-24T00:01:52.592
32,1.0,0.3,10,done,2026-07-24T00:01:52.600
32,1.0,0.4,10,done,2026-07-24T00:01:52.611
48,1.0,0.0,10,done,2026-07-24T00:01:52.843
48,1.0,0.1,10,done,2026-07-24T00:01:54.192
48,1.0,0.2,10,done,2026-07-24T00:01:54.298
48,1.0,0.3,10,done,2026-07-24T00:01:55.009
48,1.0,0.4,10,done,2026-07-24T00:01:55.153
64,1.0,0.0,10,done,2026-07-24T00:01:55.708
64,1.0,0.1,10,done,2026-07-24T00:01:56.168
64,1.0,0.2,10,done,2026-07-24T00:01:57.159
64,1.0,0.3,10,done,2026-07-24T00:01:57.615
64,1.0,0.4,10,done,2026-07-24T00:01:58.448
96,1.0,0.0,10,done,2026-07-24T00:02:00.413
96,1.0,0.1,10,done,2026-07-24T00:02:02.884
96,1.0,0.2,10,done,2026-07-24T00:02:05.120
96,1.0,0.3,10,done,2026-07-24T00:02:06.735
96,1.0,0.4,10,done,2026-07-24T00:02:09.134
128,1.0,0.0,10,done,2026-07-24T00:02:11.622
128,1.0,0.1,10,done,2026-07-24T00:02:14.196
128,1.0,0.2,10,done,2026-07-24T00:02:17.064
128,1.0,0.3,10,done,2026-07-24T00:02:18.559
128,1.0,0.4,10,done,2026-07-24T00:02:21.318
32,0.1,0.0,11,done,2026-07-23T23:44:54.304
32,0.1,0.1,11,done,2026-07-23T23:44:55.466
32,0.1,0.2,11,done,2026-07-23T23:44:57.074
32,0.1,0.3,11,done,2026-07-23T23:44:59.020
32,0.1,0.4,11,done,2026-07-23T23:45:03.178
48,0.1,0.0,11,done,2026-07-23T23:45:03.306
48,0.1,0.1,11,done,2026-07-23T23:45:05.031
48,0.1,0.2,11,done,2026-07-23T23:45:06.597
48,0.1,0.3,11,done,2026-07-23T23:45:09.108
48,0.1,0.4,11,done,2026-07-23T23:45:16.579
64,0.1,0.0,11,done,2026-07-23T23:45:16.874
64,0.1,0.1,11,done,2026-07-23T23:45:22.677
64,0.1,0.2,11,done,2026-07-23T23:45:25.188
64,0.1,0.3,11,done,2026-07-23T23:45:29.234
64,0.1,0.4,11,done,2026-07-23T23:45:36.501
96,0.1,0.0,11,done,2026-07-23T23:45:37.640
96,0.1,0.1,11,done,2026-07-23T23:45:41.579
96,0.1,0.2,11,done,2026-07-23T23:45:46.782
96,0.1,0.3,11,done,2026-07-23T23:45:56.450
96,0.1,0.4,11,done,2026-07-23T23:46:09.857
128,0.1,0.0,11,done,2026-07-23T23:46:19.552
128,0.1,0.1,11,done,2026-07-23T23:46:21.474
128,0.1,0.2,11,done,2026-07-23T23:46:26.301
128,0.1,0.3,11,done,2026-07-23T23:46:42.219
128,0.1,0.4,11,done,2026-07-23T23:47:08.930
32,0.2,0.0,11,done,2026-07-23T23:47:08.944
32,0.2,0.1,11,done,2026-07-23T23:47:12.560
32,0.2,0.2,11,done,2026-07-23T23:47:19.806
32,0.2,0.3,11,done,2026-07-23T23:47:22.494
32,0.2,0.4,11,done,2026-07-23T23:47:25.218
48,0.2,0.0,11,done,2026-07-23T23:47:25.262
48,0.2,0.1,11,done,2026-07-23T23:47:25.296
48,0.2,0.2,11,done,2026-07-23T23:47:25.337
48,0.2,0.3,11,done,2026-07-23T23:47:25.394
48,0.2,0.4,11,done,2026-07-23T23:47:30.738
64,0.2,0.0,11,done,2026-07-23T23:47:30.820
64,0.2,0.1,11,done,2026-07-23T23:47:30.928
64,0.2,0.2,11,done,2026-07-23T23:47:33.305
64,0.2,0.3,11,done,2026-07-23T23:47:39.984
64,0.2,0.4,11,done,2026-07-23T23:47:40.495
96,0.2,0.0,11,done,2026-07-23T23:47:40.927
96,0.2,0.1,11,done,2026-07-23T23:47:41.193
96,0.2,0.2,11,done,2026-07-23T23:47:44.250
96,0.2,0.3,11,done,2026-07-23T23:47:48.310
96,0.2,0.4,11,done,2026-07-23T23:47:53.366
128,0.2,0.0,11,done,2026-07-23T23:47:53.987
128,0.2,0.1,11,done,2026-07-23T23:48:01.316
128,0.2,0.2,11,done,2026-07-23T23:48:07.161
128,0.2,0.3,11,done,2026-07-23T23:48:09.393
128,0.2,0.4,11,done,2026-07-23T23:48:20.897
32,0.3,0.0,11,done,2026-07-23T23:48:20.908
32,0.3,0.1,11,done,2026-07-23T23:48:20.922
32,0.3,0.2,11,done,2026-07-23T23:48:21.041
32,0.3,0.3,11,done,2026-07-23T23:48:21.055
32,0.3,0.4,11,done,2026-07-23T23:48:21.097
48,0.3,0.0,11,done,2026-07-23T23:48:21.131
48,0.3,0.1,11,done,2026-07-23T23:48:21.172
48,0.3,0.2,11,done,2026-07-23T23:48:28.951
48,0.3,0.3,11,done,2026-07-23T23:48:29.058
48,0.3,0.4,11,done,2026-07-23T23:48:34.579
64,0.3,0.0,11,done,2026-07-23T23:48:34.771
64,0.3,0.1,11,done,2026-07-23T23:48:35.123
64,0.3,0.2,11,done,2026-07-23T23:48:38.768
64,0.3,0.3,11,done,2026-07-23T23:48:39.240
64,0.3,0.4,11,done,2026-07-23T23:48:49.306
96,0.3,0.0,11,done,2026-07-23T23:48:51.593
96,0.3,0.1,11,done,2026-07-23T23:48:54.959
96,0.3,0.2,11,done,2026-07-23T23:48:58.255
96,0.3,0.3,11,done,2026-07-23T23:48:59.278
96,0.3,0.4,11,done,2026-07-23T23:49:07.336
128,0.3,0.0,11,done,2026-07-23T23:49:09.033
128,0.3,0.1,11,done,2026-07-23T23:49:11.257
128,0.3,0.2,11,done,2026-07-23T23:49:16.077
128,0.3,0.3,11,done,2026-07-23T23:49:18.822
128,0.3,0.4,11,done,2026-07-23T23:49:22.924
32,0.4,0.0,11,done,2026-07-23T23:49:22.937
32,0.4,0.1,11,done,2026-07-23T23:49:22.995
32,0.4,0.2,11,done,2026-07-23T23:49:23.002
32,0.4,0.3,11,done,2026-07-23T23:49:23.012
32,0.4,0.4,11,done,2026-07-23T23:49:23.044
48,0.4,0.0,11,done,2026-07-23T23:49:23.749
48,0.4,0.1,11,done,2026-07-23T23:49:23.802
48,0.4,0.2,11,done,2026-07-23T23:49:23.859
48,0.4,0.3,11,done,2026-07-23T23:49:23.954
48,0.4,0.4,11,done,2026-07-23T23:49:24.160
64,0.4,0.0,11,done,2026-07-23T23:49:24.345
64,0.4,0.1,11,done,2026-07-23T23:49:24.543
64,0.4,0.2,11,done,2026-07-23T23:49:24.615
64,0.4,0.3,11,done,2026-07-23T23:49:24.757
64,0.4,0.4,11,done,2026-07-23T23:49:34.908
96,0.4,0.0,11,done,2026-07-23T23:49:35.558
96,0.4,0.1,11,done,2026-07-23T23:49:36.009
96,0.4,0.2,11,done,2026-07-23T23:49:36.760
96,0.4,0.3,11,done,2026-07-23T23:49:37.560
96,0.4,0.4,11,done,2026-07-23T23:49:39.026
128,0.4,0.0,11,done,2026-07-23T23:49:41.530
128,0.4,0.1,11,done,2026-07-23T23:49:43.484
128,0.4,0.2,11,done,2026-07-23T23:49:46.388
128,0.4,0.3,11,done,2026-07-23T23:49:49.589
128,0.4,0.4,11,done,2026-07-23T23:49:53.395
32,0.5,0.0,11,done,2026-07-23T23:49:53.405
32,0.5,0.1,11,done,2026-07-23T23:49:53.413
32,0.5,0.2,11,done,2026-07-23T23:49:53.426
32,0.5,0.3,11,done,2026-07-23T23:49:53.454
32,0.5,0.4,11,done,2026-07-23T23:49:53.469
48,0.5,0.0,11,done,2026-07-23T23:49:53.648
48,0.5,0.1,11,done,2026-07-23T23:49:53.938
48,0.5,0.2,11,done,2026-07-23T23:49:54.052
48,0.5,0.3,11,done,2026-07-23T23:49:54.420
48,0.5,0.4,11,done,2026-07-23T23:49:54.558
64,0.5,0.0,11,done,2026-07-23T23:49:55.136
64,0.5,0.1,11,done,2026-07-23T23:49:55.197
64,0.5,0.2,11,done,2026-07-23T23:49:55.323
64,0.5,0.3,11,done,2026-07-23T23:49:55.658
64,0.5,0.4,11,done,2026-07-23T23:49:56.211
96,0.5,0.0,11,done,2026-07-23T23:49:57.177
96,0.5,0.1,11,done,2026-07-23T23:49:58.321
96,0.5,0.2,11,done,2026-07-23T23:50:00.999
96,0.5,0.3,11,done,2026-07-23T23:50:03.448
96,0.5,0.4,11,done,2026-07-23T23:50:05.702
128,0.5,0.0,11,done,2026-07-23T23:50:11.414
128,0.5,0.1,11,done,2026-07-23T23:50:17.170
128,0.5,0.2,11,done,2026-07-23T23:50:23.322
128,0.5,0.3,11,done,2026-07-23T23:50:28.490
128,0.5,0.4,11,done,2026-07-23T23:50:32.775
32,0.6,0.0,11,done,2026-07-23T23:50:32.788
32,0.6,0.1,11,done,2026-07-23T23:50:32.794
32,0.6,0.2,11,done,2026-07-23T23:50:32.804
32,0.6,0.3,11,done,2026-07-23T23:50:32.821
32,0.6,0.4,11,done,2026-07-23T23:50:32.843
48,0.6,0.0,11,done,2026-07-23T23:50:32.857
48,0.6,0.1,11,done,2026-07-23T23:50:32.915
48,0.6,0.2,11,done,2026-07-23T23:50:33.094
48,0.6,0.3,11,done,2026-07-23T23:50:33.158
48,0.6,0.4,11,done,2026-07-23T23:50:33.294
64,0.6,0.0,11,done,2026-07-23T23:50:33.696
64,0.6,0.1,11,done,2026-07-23T23:50:33.880
64,0.6,0.2,11,done,2026-07-23T23:50:34.201
64,0.6,0.3,11,done,2026-07-23T23:50:34.645
64,0.6,0.4,11,done,2026-07-23T23:50:35.607
96,0.6,0.0,11,done,2026-07-23T23:50:36.691
96,0.6,0.1,11,done,2026-07-23T23:50:37.944
96,0.6,0.2,11,done,2026-07-23T23:50:40.064
96,0.6,0.3,11,done,2026-07-23T23:50:42.005
96,0.6,0.4,11,done,2026-07-23T23:50:45.202
128,0.6,0.0,11,done,2026-07-23T23:50:50.449
128,0.6,0.1,11,done,2026-07-23T23:50:55.340
128,0.6,0.2,11,done,2026-07-23T23:51:00.160
128,0.6,0.3,11,done,2026-07-23T23:51:02.967
128,0.6,0.4,11,done,2026-07-23T23:51:06.170
32,0.7,0.0,11,done,2026-07-23T23:51:06.176
32,0.7,0.1,11,done,2026-07-23T23:51:06.186
32,0.7,0.2,11,done,2026-07-23T23:51:06.210
32,0.7,0.3,11,done,2026-07-23T23:51:06.224
32,0.7,0.4,11,done,2026-07-23T23:51:06.245
48,0.7,0.0,11,done,2026-07-23T23:51:06.659
48,0.7,0.1,11,done,2026-07-23T23:51:06.695
48,0.7,0.2,11,done,2026-07-23T23:51:06.746
48,0.7,0.3,11,done,2026-07-23T23:51:07.040
48,0.7,0.4,11,done,2026-07-23T23:51:07.185
64,0.7,0.0,11,done,2026-07-23T23:51:07.379
64,0.7,0.1,11,done,2026-07-23T23:51:07.899
64,0.7,0.2,11,done,2026-07-23T23:51:08.002
64,0.7,0.3,11,done,2026-07-23T23:51:08.263
64,0.7,0.4,11,done,2026-07-23T23:51:08.575
96,0.7,0.0,11,done,2026-07-23T23:51:09.196
96,0.7,0.1,11,done,2026-07-23T23:51:10.326
96,0.7,0.2,11,done,2026-07-23T23:51:11.462
96,0.7,0.3,11,done,2026-07-23T23:51:12.683
96,0.7,0.4,11,done,2026-07-23T23:51:14.952
128,0.7,0.0,11,done,2026-07-23T23:51:17.078
128,0.7,0.1,11,done,2026-07-23T23:51:21.723
128,0.7,0.2,11,done,2026-07-23T23:51:24.966
128,0.7,0.3,11,done,2026-07-23T23:51:27.744
128,0.7,0.4,11,done,2026-07-23T23:51:31.501
32,0.8,0.0,11,done,2026-07-23T23:51:31.507
32,0.8,0.1,11,done,2026-07-23T23:51:31.514
32,0.8,0.2,11,done,2026-07-23T23:51:31.633
32,0.8,0.3,11,done,2026-07-23T23:51:31.647
32,0.8,0.4,11,done,2026-07-23T23:51:31.661
48,0.8,0.0,11,done,2026-07-23T23:51:31.768
48,0.8,0.1,11,done,2026-07-23T23:51:31.880
48,0.8,0.2,11,done,2026-07-23T23:51:31.989
48,0.8,0.3,11,done,2026-07-23T23:51:32.112
48,0.8,0.4,11,done,2026-07-23T23:51:32.387
64,0.8,0.0,11,done,2026-07-23T23:51:32.608
64,0.8,0.1,11,done,2026-07-23T23:51:33.178
64,0.8,0.2,11,done,2026-07-23T23:51:33.390
64,0.8,0.3,11,done,2026-07-23T23:51:33.675
64,0.8,0.4,11,done,2026-07-23T23:51:34.101
96,0.8,0.0,11,done,2026-07-23T23:51:35.676
96,0.8,0.1,11,done,2026-07-23T23:51:35.979
96,0.8,0.2,11,done,2026-07-23T23:51:36.754
96,0.8,0.3,11,done,2026-07-23T23:51:38.188
96,0.8,0.4,11,done,2026-07-23T23:51:38.811
128,0.8,0.0,11,done,2026-07-23T23:51:41.584
128,0.8,0.1,11,done,2026-07-23T23:51:43.120
128,0.8,0.2,11,done,2026-07-23T23:51:44.590
128,0.8,0.3,11,done,2026-07-23T23:51:47.118
128,0.8,0.4,11,done,2026-07-23T23:51:49.512
32,0.9,0.0,11,done,2026-07-23T23:51:49.519
32,0.9,0.1,11,done,2026-07-23T23:51:49.527
32,0.9,0.2,11,done,2026-07-23T23:51:49.536
32,0.9,0.3,11,done,2026-07-23T23:51:49.547
32,0.9,0.4,11,done,2026-07-23T23:51:49.573
48,0.9,0.0,11,done,2026-07-23T23:51:49.682
48,0.9,0.1,11,done,2026-07-23T23:51:49.791
48,0.9,0.2,11,done,2026-07-23T23:51:49.859
48,0.9,0.3,11,done,2026-07-23T23:51:50.684
48,0.9,0.4,11,done,2026-07-23T23:51:50.737
64,0.9,0.0,11,done,2026-07-23T23:51:50.786
64,0.9,0.1,11,done,2026-07-23T23:51:50.819
64,0.9,0.2,11,done,2026-07-23T23:51:50.919
64,0.9,0.3,11,done,2026-07-23T23:51:51.103
64,0.9,0.4,11,done,2026-07-23T23:51:51.291
96,0.9,0.0,11,done,2026-07-23T23:51:51.809
96,0.9,0.1,11,done,2026-07-23T23:51:52.328
96,0.9,0.2,11,done,2026-07-23T23:51:52.458
96,0.9,0.3,11,done,2026-07-23T23:51:53.263
96,0.9,0.4,11,done,2026-07-23T23:51:54.383
128,0.9,0.0,11,done,2026-07-23T23:51:55.308
128,0.9,0.1,11,done,2026-07-23T23:51:56.735
128,0.9,0.2,11,done,2026-07-23T23:51:59.160
128,0.9,0.3,11,done,2026-07-23T23:52:01.110
128,0.9,0.4,11,done,2026-07-23T23:52:03.415
32,1.0,0.0,11,done,2026-07-23T23:52:03.420
32,1.0,0.1,11,done,2026-07-23T23:52:03.429
32,1.0,0.2,11,done,2026-07-23T23:52:03.436
32,1.0,0.3,11,done,2026-07-23T23:52:03.442
32,1.0,0.4,11,done,2026-07-23T23:52:03.453
48,1.0,0.0,11,done,2026-07-23T23:52:03.544
48,1.0,0.1,11,done,2026-07-23T23:52:03.811
48,1.0,0.2,11,done,2026-07-23T23:52:03.919
48,1.0,0.3,11,done,2026-07-23T23:52:04.008
48,1.0,0.4,11,done,2026-07-23T23:52:04.140
64,1.0,0.0,11,done,2026-07-23T23:52:04.834
64,1.0,0.1,11,done,2026-07-23T23:52:05.484
64,1.0,0.2,11,done,2026-07-23T23:52:05.889
64,1.0,0.3,11,done,2026-07-23T23:52:06.233
64,1.0,0.4,11,done,2026-07-23T23:52:07.543
96,1.0,0.0,11,done,2026-07-23T23:52:08.701
96,1.0,0.1,11,done,2026-07-23T23:52:10.073
96,1.0,0.2,11,done,2026-07-23T23:52:12.808
96,1.0,0.3,11,done,2026-07-23T23:52:15.008
96,1.0,0.4,11,done,2026-07-23T23:52:16.294
128,1.0,0.0,11,done,2026-07-23T23:52:19.978
128,1.0,0.1,11,done,2026-07-23T23:52:22.957
128,1.0,0.2,11,done,2026-07-23T23:52:25.769
128,1.0,0.3,11,done,2026-07-23T23:52:28.248
128,1.0,0.4,11,done,2026-07-23T23:52:30.504
32,0.1,0.0,12,done,2026-07-23T23:52:30.528
32,0.1,0.1,12,done,2026-07-23T23:52:31.416
32,0.1,0.2,12,done,2026-07-23T23:52:31.446
32,0.1,0.3,12,done,2026-07-23T23:52:42.264
32,0.1,0.4,12,done,2026-07-23T23:52:53.777
48,0.1,0.0,12,done,2026-07-23T23:52:54.054
48,0.1,0.1,12,done,2026-07-23T23:52:54.838
48,0.1,0.2,12,done,2026-07-23T23:52:55.100
48,0.1,0.3,12,done,2026-07-23T23:52:55.770
48,0.1,0.4,12,done,2026-07-23T23:53:31.728
64,0.1,0.0,12,done,2026-07-23T23:53:32.938
64,0.1,0.1,12,done,2026-07-23T23:53:34.126
64,0.1,0.2,12,done,2026-07-23T23:53:46.269
64,0.1,0.3,12,done,2026-07-23T23:53:48.330
64,0.1,0.4,12,done,2026-07-23T23:54:03.756
96,0.1,0.0,12,done,2026-07-23T23:54:07.196
96,0.1,0.1,12,done,2026-07-23T23:54:22.728
96,0.1,0.2,12,done,2026-07-23T23:54:24.536
96,0.1,0.3,12,done,2026-07-23T23:54:45.218
96,0.1,0.4,12,done,2026-07-23T23:54:58.159
128,0.1,0.0,12,done,2026-07-23T23:55:00.199
128,0.1,0.1,12,done,2026-07-23T23:55:02.169
128,0.1,0.2,12,done,2026-07-23T23:55:09.358
128,0.1,0.3,12,done,2026-07-23T23:55:23.398
128,0.1,0.4,12,done,2026-07-23T23:55:47.446
32,0.2,0.0,12,done,2026-07-23T23:55:47.465
32,0.2,0.1,12,done,2026-07-23T23:55:47.498
32,0.2,0.2,12,done,2026-07-23T23:55:47.538
32,0.2,0.3,12,done,2026-07-23T23:55:47.588
32,0.2,0.4,12,done,2026-07-23T23:55:47.665
48,0.2,0.0,12,done,2026-07-23T23:55:48.357
48,0.2,0.1,12,done,2026-07-23T23:55:48.505
48,0.2,0.2,12,done,2026-07-23T23:55:48.992
48,0.2,0.3,12,done,2026-07-23T23:55:49.268
48,0.2,0.4,12,done,2026-07-23T23:55:55.887
64,0.2,0.0,12,done,2026-07-23T23:55:56.584
64,0.2,0.1,12,done,2026-07-23T23:55:57.053
64,0.2,0.2,12,done,2026-07-23T23:55:57.252
64,0.2,0.3,12,done,2026-07-23T23:55:57.738
64,0.2,0.4,12,done,2026-07-23T23:56:09.798
96,0.2,0.0,12,done,2026-07-23T23:56:10.524
96,0.2,0.1,12,done,2026-07-23T23:56:12.837
96,0.2,0.2,12,done,2026-07-23T23:56:13.366
96,0.2,0.3,12,done,2026-07-23T23:56:14.182
96,0.2,0.4,12,done,2026-07-23T23:56:27.788
128,0.2,0.0,12,done,2026-07-23T23:56:30.571
128,0.2,0.1,12,done,2026-07-23T23:56:33.389
128,0.2,0.2,12,done,2026-07-23T23:56:38.093
128,0.2,0.3,12,done,2026-07-23T23:56:42.754
128,0.2,0.4,12,done,2026-07-23T23:56:55.044
32,0.3,0.0,12,done,2026-07-23T23:56:55.057
32,0.3,0.1,12,done,2026-07-23T23:56:55.071
32,0.3,0.2,12,done,2026-07-23T23:56:55.089
32,0.3,0.3,12,done,2026-07-23T23:56:55.103
32,0.3,0.4,12,done,2026-07-23T23:56:55.131
48,0.3,0.0,12,done,2026-07-23T23:56:55.424
48,0.3,0.1,12,done,2026-07-23T23:56:55.558
48,0.3,0.2,12,done,2026-07-23T23:56:55.738
48,0.3,0.3,12,done,2026-07-23T23:56:55.997
48,0.3,0.4,12,done,2026-07-23T23:56:56.528
64,0.3,0.0,12,done,2026-07-23T23:56:56.762
64,0.3,0.1,12,done,2026-07-23T23:56:57.612
64,0.3,0.2,12,done,2026-07-23T23:56:58.103
64,0.3,0.3,12,done,2026-07-23T23:56:58.504
64,0.3,0.4,12,done,2026-07-23T23:56:59.512
96,0.3,0.0,12,done,2026-07-23T23:57:01.403
96,0.3,0.1,12,done,2026-07-23T23:57:03.966
96,0.3,0.2,12,done,2026-07-23T23:57:06.256
96,0.3,0.3,12,done,2026-07-23T23:57:08.897
96,0.3,0.4,12,done,2026-07-23T23:57:12.989
128,0.3,0.0,12,done,2026-07-23T23:57:17.497
128,0.3,0.1,12,done,2026-07-23T23:57:21.523
128,0.3,0.2,12,done,2026-07-23T23:57:25.651
128,0.3,0.3,12,done,2026-07-23T23:57:27.979
128,0.3,0.4,12,done,2026-07-23T23:57:36.991
32,0.4,0.0,12,done,2026-07-23T23:57:37.002
32,0.4,0.1,12,done,2026-07-23T23:57:37.013
32,0.4,0.2,12,done,2026-07-23T23:57:37.042
32,0.4,0.3,12,done,2026-07-23T23:57:37.068
32,0.4,0.4,12,done,2026-07-23T23:57:37.098
48,0.4,0.0,12,done,2026-07-23T23:57:37.330
48,0.4,0.1,12,done,2026-07-23T23:57:38.379
48,0.4,0.2,12,done,2026-07-23T23:57:38.723
48,0.4,0.3,12,done,2026-07-23T23:57:38.886
48,0.4,0.4,12,done,2026-07-23T23:57:39.240
64,0.4,0.0,12,done,2026-07-23T23:57:39.562
64,0.4,0.1,12,done,2026-07-23T23:57:40.309
64,0.4,0.2,12,done,2026-07-23T23:57:40.544
64,0.4,0.3,12,done,2026-07-23T23:57:41.002
64,0.4,0.4,12,done,2026-07-23T23:57:42.346
96,0.4,0.0,12,done,2026-07-23T23:57:45.962
96,0.4,0.1,12,done,2026-07-23T23:57:47.755
96,0.4,0.2,12,done,2026-07-23T23:57:51.454
96,0.4,0.3,12,done,2026-07-23T23:57:54.705
96,0.4,0.4,12,done,2026-07-23T23:57:58.588
128,0.4,0.0,12,done,2026-07-23T23:58:04.977
128,0.4,0.1,12,done,2026-07-23T23:58:07.843
128,0.4,0.2,12,done,2026-07-23T23:58:11.240
128,0.4,0.3,12,done,2026-07-23T23:58:15.495
128,0.4,0.4,12,done,2026-07-23T23:58:22.796
32,0.5,0.0,12,done,2026-07-23T23:58:22.828
32,0.5,0.1,12,done,2026-07-23T23:58:22.838
32,0.5,0.2,12,done,2026-07-23T23:58:22.855
32,0.5,0.3,12,done,2026-07-23T23:58:22.872
32,0.5,0.4,12,done,2026-07-23T23:58:22.933
48,0.5,0.0,12,done,2026-07-23T23:58:23.611
48,0.5,0.1,12,done,2026-07-23T23:58:23.790
48,0.5,0.2,12,done,2026-07-23T23:58:23.972
48,0.5,0.3,12,done,2026-07-23T23:58:24.201
48,0.5,0.4,12,done,2026-07-23T23:58:24.556
64,0.5,0.0,12,done,2026-07-23T23:58:25.111
64,0.5,0.1,12,done,2026-07-23T23:58:26.677
64,0.5,0.2,12,done,2026-07-23T23:58:27.285
64,0.5,0.3,12,done,2026-07-23T23:58:27.765
64,0.5,0.4,12,done,2026-07-23T23:58:29.169
96,0.5,0.0,12,done,2026-07-23T23:58:29.932
96,0.5,0.1,12,done,2026-07-23T23:58:30.561
96,0.5,0.2,12,done,2026-07-23T23:58:32.268
96,0.5,0.3,12,done,2026-07-23T23:58:34.794
96,0.5,0.4,12,done,2026-07-23T23:58:37.585
128,0.5,0.0,12,done,2026-07-23T23:58:42.767
128,0.5,0.1,12,done,2026-07-23T23:58:47.324
128,0.5,0.2,12,done,2026-07-23T23:58:52.953
128,0.5,0.3,12,done,2026-07-23T23:58:57.414
128,0.5,0.4,12,done,2026-07-23T23:59:02.662
32,0.6,0.0,12,done,2026-07-23T23:59:02.670
32,0.6,0.1,12,done,2026-07-23T23:59:02.679
32,0.6,0.2,12,done,2026-07-23T23:59:02.691
32,0.6,0.3,12,done,2026-07-23T23:59:02.780
32,0.6,0.4,12,done,2026-07-23T23:59:02.797
48,0.6,0.0,12,done,2026-07-23T23:59:03.158
48,0.6,0.1,12,done,2026-07-23T23:59:03.415
48,0.6,0.2,12,done,2026-07-23T23:59:03.759
48,0.6,0.3,12,done,2026-07-23T23:59:04.133
48,0.6,0.4,12,done,2026-07-23T23:59:05.261
64,0.6,0.0,12,done,2026-07-23T23:59:06.265
64,0.6,0.1,12,done,2026-07-23T23:59:07.250
64,0.6,0.2,12,done,2026-07-23T23:59:08.286
64,0.6,0.3,12,done,2026-07-23T23:59:09.374
64,0.6,0.4,12,done,2026-07-23T23:59:10.672
96,0.6,0.0,12,done,2026-07-23T23:59:12.901
96,0.6,0.1,12,done,2026-07-23T23:59:13.574
96,0.6,0.2,12,done,2026-07-23T23:59:15.618
96,0.6,0.3,12,done,2026-07-23T23:59:16.994
96,0.6,0.4,12,done,2026-07-23T23:59:20.561
128,0.6,0.0,12,done,2026-07-23T23:59:24.727
128,0.6,0.1,12,done,2026-07-23T23:59:28.483
128,0.6,0.2,12,done,2026-07-23T23:59:33.445
128,0.6,0.3,12,done,2026-07-23T23:59:38.301
128,0.6,0.4,12,done,2026-07-23T23:59:44.264
32,0.7,0.0,12,done,2026-07-23T23:59:44.277
32,0.7,0.1,12,done,2026-07-23T23:59:44.316
32,0.7,0.2,12,done,2026-07-23T23:59:44.328
32,0.7,0.3,12,done,2026-07-23T23:59:44.346
32,0.7,0.4,12,done,2026-07-23T23:59:44.896
48,0.7,0.0,12,done,2026-07-23T23:59:45.078
48,0.7,0.1,12,done,2026-07-23T23:59:45.268
48,0.7,0.2,12,done,2026-07-23T23:59:46.084
48,0.7,0.3,12,done,2026-07-23T23:59:46.671
48,0.7,0.4,12,done,2026-07-23T23:59:46.934
64,0.7,0.0,12,done,2026-07-23T23:59:47.340
64,0.7,0.1,12,done,2026-07-23T23:59:48.608
64,0.7,0.2,12,done,2026-07-23T23:59:49.404
64,0.7,0.3,12,done,2026-07-23T23:59:50.236
64,0.7,0.4,12,done,2026-07-23T23:59:51.164
96,0.7,0.0,12,done,2026-07-23T23:59:53.281
96,0.7,0.1,12,done,2026-07-23T23:59:54.744
96,0.7,0.2,12,done,2026-07-23T23:59:56.214
96,0.7,0.3,12,done,2026-07-23T23:59:58.353
96,0.7,0.4,12,done,2026-07-24T00:00:00.831
128,0.7,0.0,12,done,2026-07-24T00:00:05.243
128,0.7,0.1,12,done,2026-07-24T00:00:08.676
128,0.7,0.2,12,done,2026-07-24T00:00:11.426
128,0.7,0.3,12,done,2026-07-24T00:00:14.870
128,0.7,0.4,12,done,2026-07-24T00:00:20.721
32,0.8,0.0,12,done,2026-07-24T00:00:20.728
32,0.8,0.1,12,done,2026-07-24T00:00:20.761
32,0.8,0.2,12,done,2026-07-24T00:00:20.767
32,0.8,0.3,12,done,2026-07-24T00:00:20.775
32,0.8,0.4,12,done,2026-07-24T00:00:21.044
48,0.8,0.0,12,done,2026-07-24T00:00:21.133
48,0.8,0.1,12,done,2026-07-24T00:00:21.318
48,0.8,0.2,12,done,2026-07-24T00:00:21.414
48,0.8,0.3,12,done,2026-07-24T00:00:21.509
48,0.8,0.4,12,done,2026-07-24T00:00:21.952
64,0.8,0.0,12,done,2026-07-24T00:00:22.440
64,0.8,0.1,12,done,2026-07-24T00:00:22.892
64,0.8,0.2,12,done,2026-07-24T00:00:23.622
64,0.8,0.3,12,done,2026-07-24T00:00:24.275
64,0.8,0.4,12,done,2026-07-24T00:00:24.880
96,0.8,0.0,12,done,2026-07-24T00:00:27.217
96,0.8,0.1,12,done,2026-07-24T00:00:27.809
96,0.8,0.2,12,done,2026-07-24T00:00:30.009
96,0.8,0.3,12,done,2026-07-24T00:00:31.001
96,0.8,0.4,12,done,2026-07-24T00:00:33.717
128,0.8,0.0,12,done,2026-07-24T00:00:36.002
128,0.8,0.1,12,done,2026-07-24T00:00:37.812
128,0.8,0.2,12,done,2026-07-24T00:00:39.880
128,0.8,0.3,12,done,2026-07-24T00:00:42.436
128,0.8,0.4,12,done,2026-07-24T00:00:45.920
32,0.9,0.0,12,done,2026-07-24T00:00:45.934
32,0.9,0.1,12,done,2026-07-24T00:00:45.950
32,0.9,0.2,12,done,2026-07-24T00:00:46.003
32,0.9,0.3,12,done,2026-07-24T00:00:46.015
32,0.9,0.4,12,done,2026-07-24T00:00:46.037
48,0.9,0.0,12,done,2026-07-24T00:00:47.306
48,0.9,0.1,12,done,2026-07-24T00:00:47.403
48,0.9,0.2,12,done,2026-07-24T00:00:47.707
48,0.9,0.3,12,done,2026-07-24T00:00:47.828
48,0.9,0.4,12,done,2026-07-24T00:00:47.946
64,0.9,0.0,12,done,2026-07-24T00:00:48.455
64,0.9,0.1,12,done,2026-07-24T00:00:48.923
64,0.9,0.2,12,done,2026-07-24T00:00:50.079
64,0.9,0.3,12,done,2026-07-24T00:00:50.632
64,0.9,0.4,12,done,2026-07-24T00:00:51.024
96,0.9,0.0,12,done,2026-07-24T00:00:52.780
96,0.9,0.1,12,done,2026-07-24T00:00:54.327
96,0.9,0.2,12,done,2026-07-24T00:00:57.387
96,0.9,0.3,12,done,2026-07-24T00:00:58.596
96,0.9,0.4,12,done,2026-07-24T00:00:59.475
128,0.9,0.0,12,done,2026-07-24T00:01:03.559
128,0.9,0.1,12,done,2026-07-24T00:01:07.856
128,0.9,0.2,12,done,2026-07-24T00:01:09.927
128,0.9,0.3,12,done,2026-07-24T00:01:14.146
128,0.9,0.4,12,done,2026-07-24T00:01:18.099
32,1.0,0.0,12,done,2026-07-24T00:01:18.130
32,1.0,0.1,12,done,2026-07-24T00:01:18.137
32,1.0,0.2,12,done,2026-07-24T00:01:18.152
32,1.0,0.3,12,done,2026-07-24T00:01:18.168
32,1.0,0.4,12,done,2026-07-24T00:01:18.186
48,1.0,0.0,12,done,2026-07-24T00:01:18.398
48,1.0,0.1,12,done,2026-07-24T00:01:18.576
48,1.0,0.2,12,done,2026-07-24T00:01:19.145
48,1.0,0.3,12,done,2026-07-24T00:01:19.213
48,1.0,0.4,12,done,2026-07-24T00:01:19.344
64,1.0,0.0,12,done,2026-07-24T00:01:20.112
64,1.0,0.1,12,done,2026-07-24T00:01:20.700
64,1.0,0.2,12,done,2026-07-24T00:01:20.885
64,1.0,0.3,12,done,2026-07-24T00:01:21.775
64,1.0,0.4,12,done,2026-07-24T00:01:22.386
96,1.0,0.0,12,done,2026-07-24T00:01:23.738
96,1.0,0.1,12,done,2026-07-24T00:01:26.058
96,1.0,0.2,12,done,2026-07-24T00:01:28.920
96,1.0,0.3,12,done,2026-07-24T00:01:29.660
96,1.0,0.4,12,done,2026-07-24T00:01:31.231
128,1.0,0.0,12,done,2026-07-24T00:01:34.048
128,1.0,0.1,12,done,2026-07-24T00:01:41.786
128,1.0,0.2,12,done,2026-07-24T00:01:43.651
128,1.0,0.3,12,done,2026-07-24T00:01:46.949
128,1.0,0.4,12,done,2026-07-24T00:01:54.265
32,0.1,0.0,13,done,2026-07-24T00:01:54.285
32,0.1,0.1,13,done,2026-07-24T00:01:54.341
32,0.1,0.2,13,done,2026-07-24T00:01:57.706
32,0.1,0.3,13,done,2026-07-24T00:01:57.748
32,0.1,0.4,13,done,2026-07-24T00:02:11.069
48,0.1,0.0,13,done,2026-07-24T00:02:11.263
48,0.1,0.1,13,done,2026-07-24T00:02:11.547
48,0.1,0.2,13,done,2026-07-24T00:02:11.837
48,0.1,0.3,13,done,2026-07-24T00:02:21.736
48,0.1,0.4,13,done,2026-07-24T00:02:22.413
64,0.1,0.0,13,done,2026-07-24T00:02:22.731
64,0.1,0.1,13,done,2026-07-24T00:02:22.969
64,0.1,0.2,13,done,2026-07-24T00:02:23.533
64,0.1,0.3,13,done,2026-07-24T00:02:24.501
64,0.1,0.4,13,done,2026-07-24T00:02:36.570
96,0.1,0.0,13,done,2026-07-24T00:02:37.130
96,0.1,0.1,13,done,2026-07-24T00:02:42.002
96,0.1,0.2,13,done,2026-07-24T00:02:42.828
96,0.1,0.3,13,done,2026-07-24T00:02:48.044
96,0.1,0.4,13,done,2026-07-24T00:02:49.827
128,0.1,0.0,13,done,2026-07-24T00:02:51.023
128,0.1,0.1,13,done,2026-07-24T00:02:52.284
128,0.1,0.2,13,done,2026-07-24T00:02:54.797
128,0.1,0.3,13,done,2026-07-24T00:03:00.407
128,0.1,0.4,13,done,2026-07-24T00:03:14.273
32,0.2,0.0,13,done,2026-07-24T00:03:14.298
32,0.2,0.1,13,done,2026-07-24T00:03:14.313
32,0.2,0.2,13,done,2026-07-24T00:03:14.329
32,0.2,0.3,13,done,2026-07-24T00:03:14.372
32,0.2,0.4,13,done,2026-07-24T00:03:14.422
48,0.2,0.0,13,done,2026-07-24T00:03:14.467
48,0.2,0.1,13,done,2026-07-24T00:03:14.705
48,0.2,0.2,13,done,2026-07-24T00:03:14.772
48,0.2,0.3,13,done,2026-07-24T00:03:14.853
48,0.2,0.4,13,done,2026-07-24T00:03:15.353
64,0.2,0.0,13,done,2026-07-24T00:03:15.441
64,0.2,0.1,13,done,2026-07-24T00:03:15.595
64,0.2,0.2,13,done,2026-07-24T00:03:15.790
64,0.2,0.3,13,done,2026-07-24T00:03:16.147
64,0.2,0.4,13,done,2026-07-24T00:03:23.964
96,0.2,0.0,13,done,2026-07-24T00:03:24.681
96,0.2,0.1,13,done,2026-07-24T00:03:25.362
96,0.2,0.2,13,done,2026-07-24T00:03:25.940
96,0.2,0.3,13,done,2026-07-24T00:03:26.493
96,0.2,0.4,13,done,2026-07-24T00:03:28.178
128,0.2,0.0,13,done,2026-07-24T00:03:28.925
128,0.2,0.1,13,done,2026-07-24T00:03:30.115
128,0.2,0.2,13,done,2026-07-24T00:03:32.407
128,0.2,0.3,13,done,2026-07-24T00:03:35.814
128,0.2,0.4,13,done,2026-07-24T00:03:45.412
32,0.3,0.0,13,done,2026-07-24T00:03:45.420
32,0.3,0.1,13,done,2026-07-24T00:03:45.429
32,0.3,0.2,13,done,2026-07-24T00:03:45.452
32,0.3,0.3,13,done,2026-07-24T00:03:45.465
32,0.3,0.4,13,done,2026-07-24T00:03:45.512
48,0.3,0.0,13,done,2026-07-24T00:03:45.828
48,0.3,0.1,13,done,2026-07-24T00:03:45.857
48,0.3,0.2,13,done,2026-07-24T00:03:45.900
48,0.3,0.3,13,done,2026-07-24T00:03:45.952
48,0.3,0.4,13,done,2026-07-24T00:03:46.067
64,0.3,0.0,13,done,2026-07-24T00:03:46.264
64,0.3,0.1,13,done,2026-07-24T00:03:46.351
64,0.3,0.2,13,done,2026-07-24T00:03:46.619
64,0.3,0.3,13,done,2026-07-24T00:03:46.837
64,0.3,0.4,13,done,2026-07-24T00:03:47.361
96,0.3,0.0,13,done,2026-07-24T00:03:48.037
96,0.3,0.1,13,done,2026-07-24T00:03:48.762
96,0.3,0.2,13,done,2026-07-24T00:03:50.370
96,0.3,0.3,13,done,2026-07-24T00:03:52.576
96,0.3,0.4,13,done,2026-07-24T00:03:54.740
128,0.3,0.0,13,done,2026-07-24T00:03:56.848
128,0.3,0.1,13,done,2026-07-24T00:03:58.910
128,0.3,0.2,13,done,2026-07-24T00:04:01.167
128,0.3,0.3,13,done,2026-07-24T00:04:03.291
128,0.3,0.4,13,done,2026-07-24T00:04:05.766
32,0.4,0.0,13,done,2026-07-24T00:04:05.772
32,0.4,0.1,13,done,2026-07-24T00:04:05.792
32,0.4,0.2,13,done,2026-07-24T00:04:05.805
32,0.4,0.3,13,done,2026-07-24T00:04:05.815
32,0.4,0.4,13,done,2026-07-24T00:04:05.841
48,0.4,0.0,13,done,2026-07-24T00:04:05.863
48,0.4,0.1,13,done,2026-07-24T00:04:05.897
48,0.4,0.2,13,done,2026-07-24T00:04:06.128
48,0.4,0.3,13,done,2026-07-24T00:04:06.160
48,0.4,0.4,13,done,2026-07-24T00:04:06.240
64,0.4,0.0,13,done,2026-07-24T00:04:06.386
64,0.4,0.1,13,done,2026-07-24T00:04:06.474
64,0.4,0.2,13,done,2026-07-24T00:04:06.759
64,0.4,0.3,13,done,2026-07-24T00:04:06.903
64,0.4,0.4,13,done,2026-07-24T00:04:07.187
96,0.4,0.0,13,done,2026-07-24T00:04:07.540
96,0.4,0.1,13,done,2026-07-24T00:04:08.307
96,0.4,0.2,13,done,2026-07-24T00:04:09.109
96,0.4,0.3,13,done,2026-07-24T00:04:09.948
96,0.4,0.4,13,done,2026-07-24T00:04:11.695
128,0.4,0.0,13,done,2026-07-24T00:04:13.268
128,0.4,0.1,13,done,2026-07-24T00:04:15.568
128,0.4,0.2,13,done,2026-07-24T00:04:17.969
128,0.4,0.3,13,done,2026-07-24T00:04:19.138
128,0.4,0.4,13,done,2026-07-24T00:04:20.786
32,0.5,0.0,13,done,2026-07-24T00:04:20.790
32,0.5,0.1,13,done,2026-07-24T00:04:20.801
32,0.5,0.2,13,done,2026-07-24T00:04:20.807
32,0.5,0.3,13,done,2026-07-24T00:04:20.818
32,0.5,0.4,13,done,2026-07-24T00:04:20.859
48,0.5,0.0,13,done,2026-07-24T00:04:20.871
48,0.5,0.1,13,done,2026-07-24T00:04:20.884
48,0.5,0.2,13,done,2026-07-24T00:04:21.060
48,0.5,0.3,13,done,2026-07-24T00:04:21.083
48,0.5,0.4,13,done,2026-07-24T00:04:21.135
64,0.5,0.0,13,done,2026-07-24T00:04:21.170
64,0.5,0.1,13,done,2026-07-24T00:04:21.202
64,0.5,0.2,13,done,2026-07-24T00:04:21.240
64,0.5,0.3,13,done,2026-07-24T00:04:21.294
64,0.5,0.4,13,done,2026-07-24T00:04:21.373
96,0.5,0.0,13,done,2026-07-24T00:04:21.484
96,0.5,0.1,13,done,2026-07-24T00:04:21.642
96,0.5,0.2,13,done,2026-07-24T00:04:21.770
96,0.5,0.3,13,done,2026-07-24T00:04:22.059
96,0.5,0.4,13,done,2026-07-24T00:04:22.488
128,0.5,0.0,13,done,2026-07-24T00:04:23.128
128,0.5,0.1,13,done,2026-07-24T00:04:24.029
128,0.5,0.2,13,done,2026-07-24T00:04:25.097
128,0.5,0.3,13,done,2026-07-24T00:04:26.684
128,0.5,0.4,13,done,2026-07-24T00:04:28.449
32,0.6,0.0,13,done,2026-07-23T23:44:54.285
32,0.6,0.1,13,done,2026-07-23T23:44:54.654
32,0.6,0.2,13,done,2026-07-23T23:44:54.667
32,0.6,0.3,13,done,2026-07-23T23:44:55.411
32,0.6,0.4,13,done,2026-07-23T23:44:57.048
48,0.6,0.0,13,done,2026-07-23T23:44:57.078
48,0.6,0.1,13,done,2026-07-23T23:44:57.813
48,0.6,0.2,13,done,2026-07-23T23:44:57.855
48,0.6,0.3,13,done,2026-07-23T23:44:59.004
48,0.6,0.4,13,done,2026-07-23T23:45:01.059
64,0.6,0.0,13,done,2026-07-23T23:45:01.120
64,0.6,0.1,13,done,2026-07-23T23:45:03.003
64,0.6,0.2,13,done,2026-07-23T23:45:03.162
64,0.6,0.3,13,done,2026-07-23T23:45:03.994
64,0.6,0.4,13,done,2026-07-23T23:45:05.447
96,0.6,0.0,13,done,2026-07-23T23:45:05.987
96,0.6,0.1,13,done,2026-07-23T23:45:06.155
96,0.6,0.2,13,done,2026-07-23T23:45:07.346
96,0.6,0.3,13,done,2026-07-23T23:45:07.614
96,0.6,0.4,13,done,2026-07-23T23:45:10.013
128,0.6,0.0,13,done,2026-07-23T23:45:15.116
128,0.6,0.1,13,done,2026-07-23T23:45:19.784
128,0.6,0.2,13,done,2026-07-23T23:45:20.311
128,0.6,0.3,13,done,2026-07-23T23:45:22.741
128,0.6,0.4,13,done,2026-07-23T23:45:28.354
32,0.7,0.0,13,done,2026-07-23T23:45:29.413
32,0.7,0.1,13,done,2026-07-23T23:45:30.661
32,0.7,0.2,13,done,2026-07-23T23:45:30.668
32,0.7,0.3,13,done,2026-07-23T23:45:30.692
32,0.7,0.4,13,done,2026-07-23T23:45:35.387
48,0.7,0.0,13,done,2026-07-23T23:45:35.483
48,0.7,0.1,13,done,2026-07-23T23:45:35.502
48,0.7,0.2,13,done,2026-07-23T23:45:35.548
48,0.7,0.3,13,done,2026-07-23T23:45:35.598
48,0.7,0.4,13,done,2026-07-23T23:45:35.695
64,0.7,0.0,13,done,2026-07-23T23:45:35.737
64,0.7,0.1,13,done,2026-07-23T23:45:35.782
64,0.7,0.2,13,done,2026-07-23T23:45:35.887
64,0.7,0.3,13,done,2026-07-23T23:45:36.075
64,0.7,0.4,13,done,2026-07-23T23:45:40.202
96,0.7,0.0,13,done,2026-07-23T23:45:40.297
96,0.7,0.1,13,done,2026-07-23T23:45:40.598
96,0.7,0.2,13,done,2026-07-23T23:45:43.521
96,0.7,0.3,13,done,2026-07-23T23:45:43.965
96,0.7,0.4,13,done,2026-07-23T23:45:46.710
128,0.7,0.0,13,done,2026-07-23T23:45:48.027
128,0.7,0.1,13,done,2026-07-23T23:45:50.517
128,0.7,0.2,13,done,2026-07-23T23:45:51.523
128,0.7,0.3,13,done,2026-07-23T23:45:56.275
128,0.7,0.4,13,done,2026-07-23T23:46:03.875
32,0.8,0.0,13,done,2026-07-23T23:46:03.897
32,0.8,0.1,13,done,2026-07-23T23:46:03.904
32,0.8,0.2,13,done,2026-07-23T23:46:03.915
32,0.8,0.3,13,done,2026-07-23T23:46:03.938
32,0.8,0.4,13,done,2026-07-23T23:46:07.665
48,0.8,0.0,13,done,2026-07-23T23:46:07.716
48,0.8,0.1,13,done,2026-07-23T23:46:07.730
48,0.8,0.2,13,done,2026-07-23T23:46:07.885
48,0.8,0.3,13,done,2026-07-23T23:46:07.935
48,0.8,0.4,13,done,2026-07-23T23:46:08.006
64,0.8,0.0,13,done,2026-07-23T23:46:08.036
64,0.8,0.1,13,done,2026-07-23T23:46:08.076
64,0.8,0.2,13,done,2026-07-23T23:46:08.122
64,0.8,0.3,13,done,2026-07-23T23:46:08.263
64,0.8,0.4,13,done,2026-07-23T23:46:18.747
96,0.8,0.0,13,done,2026-07-23T23:46:19.121
96,0.8,0.1,13,done,2026-07-23T23:46:19.358
96,0.8,0.2,13,done,2026-07-23T23:46:19.737
96,0.8,0.3,13,done,2026-07-23T23:46:20.436
96,0.8,0.4,13,done,2026-07-23T23:46:24.927
128,0.8,0.0,13,done,2026-07-23T23:46:26.872
128,0.8,0.1,13,done,2026-07-23T23:46:29.133
128,0.8,0.2,13,done,2026-07-23T23:46:31.604
128,0.8,0.3,13,done,2026-07-23T23:46:33.819
128,0.8,0.4,13,done,2026-07-23T23:46:35.293
32,0.9,0.0,13,done,2026-07-23T23:46:39.359
32,0.9,0.1,13,done,2026-07-23T23:46:39.363
32,0.9,0.2,13,done,2026-07-23T23:46:39.370
32,0.9,0.3,13,done,2026-07-23T23:46:39.382
32,0.9,0.4,13,done,2026-07-23T23:46:39.454
48,0.9,0.0,13,done,2026-07-23T23:46:39.491
48,0.9,0.1,13,done,2026-07-23T23:46:39.520
48,0.9,0.2,13,done,2026-07-23T23:46:39.587
48,0.9,0.3,13,done,2026-07-23T23:46:39.635
48,0.9,0.4,13,done,2026-07-23T23:46:39.931
64,0.9,0.0,13,done,2026-07-23T23:46:39.989
64,0.9,0.1,13,done,2026-07-23T23:46:40.058
64,0.9,0.2,13,done,2026-07-23T23:46:40.155
64,0.9,0.3,13,done,2026-07-23T23:46:40.260
64,0.9,0.4,13,done,2026-07-23T23:46:40.403
96,0.9,0.0,13,done,2026-07-23T23:46:40.551
96,0.9,0.1,13,done,2026-07-23T23:46:40.979
96,0.9,0.2,13,done,2026-07-23T23:46:41.824
96,0.9,0.3,13,done,2026-07-23T23:46:42.496
96,0.9,0.4,13,done,2026-07-23T23:46:43.367
128,0.9,0.0,13,done,2026-07-23T23:46:44.410
128,0.9,0.1,13,done,2026-07-23T23:46:44.872
128,0.9,0.2,13,done,2026-07-23T23:46:45.491
128,0.9,0.3,13,done,2026-07-23T23:46:47.297
128,0.9,0.4,13,done,2026-07-23T23:46:50.079
32,1.0,0.0,13,done,2026-07-23T23:46:57.249
32,1.0,0.1,13,done,2026-07-23T23:46:57.259
32,1.0,0.2,13,done,2026-07-23T23:46:57.268
32,1.0,0.3,13,done,2026-07-23T23:46:57.295
32,1.0,0.4,13,done,2026-07-23T23:46:57.315
48,1.0,0.0,13,done,2026-07-23T23:46:57.455
48,1.0,0.1,13,done,2026-07-23T23:46:57.534
48,1.0,0.2,13,done,2026-07-23T23:46:57.821
48,1.0,0.3,13,done,2026-07-23T23:46:57.903
48,1.0,0.4,13,done,2026-07-23T23:46:58.044
64,1.0,0.0,13,done,2026-07-23T23:46:58.390
64,1.0,0.1,13,done,2026-07-23T23:46:58.444
64,1.0,0.2,13,done,2026-07-23T23:46:58.533
64,1.0,0.3,13,done,2026-07-23T23:46:58.572
64,1.0,0.4,13,done,2026-07-23T23:46:58.695
96,1.0,0.0,13,done,2026-07-23T23:46:58.893
96,1.0,0.1,13,done,2026-07-23T23:46:58.984
96,1.0,0.2,13,done,2026-07-23T23:46:59.568
96,1.0,0.3,13,done,2026-07-23T23:46:59.805
96,1.0,0.4,13,done,2026-07-23T23:47:01.317
128,1.0,0.0,13,done,2026-07-23T23:47:02.453
128,1.0,0.1,13,done,2026-07-23T23:47:03.156
128,1.0,0.2,13,done,2026-07-23T23:47:04.122
128,1.0,0.3,13,done,2026-07-23T23:47:05.927
128,1.0,0.4,13,done,2026-07-23T23:47:08.384
32,0.1,0.0,14,done,2026-07-23T23:47:15.006
32,0.1,0.1,14,done,2026-07-23T23:47:21.255
32,0.1,0.2,14,done,2026-07-23T23:47:21.326
32,0.1,0.3,14,done,2026-07-23T23:47:23.860
32,0.1,0.4,14,done,2026-07-23T23:47:30.703
48,0.1,0.0,14,done,2026-07-23T23:47:33.176
48,0.1,0.1,14,done,2026-07-23T23:47:33.408
48,0.1,0.2,14,done,2026-07-23T23:47:39.937
48,0.1,0.3,14,done,2026-07-23T23:47:40.155
48,0.1,0.4,14,done,2026-07-23T23:47:47.086
64,0.1,0.0,14,done,2026-07-23T23:47:49.970
64,0.1,0.1,14,done,2026-07-23T23:47:50.189
64,0.1,0.2,14,done,2026-07-23T23:47:55.011
64,0.1,0.3,14,done,2026-07-23T23:47:55.310
64,0.1,0.4,14,done,2026-07-23T23:48:06.303
96,0.1,0.0,14,done,2026-07-23T23:48:07.226
96,0.1,0.1,14,done,2026-07-23T23:48:14.426
96,0.1,0.2,14,done,2026-07-23T23:48:19.516
96,0.1,0.3,14,done,2026-07-23T23:48:27.202
96,0.1,0.4,14,done,2026-07-23T23:48:40.239
128,0.1,0.0,14,done,2026-07-23T23:48:43.575
128,0.1,0.1,14,done,2026-07-23T23:48:48.005
128,0.1,0.2,14,done,2026-07-23T23:48:58.544
128,0.1,0.3,14,done,2026-07-23T23:49:07.889
128,0.1,0.4,14,done,2026-07-23T23:49:33.919
32,0.2,0.0,14,done,2026-07-23T23:49:33.935
32,0.2,0.1,14,done,2026-07-23T23:49:37.549
32,0.2,0.2,14,done,2026-07-23T23:49:37.572
32,0.2,0.3,14,done,2026-07-23T23:49:37.649
32,0.2,0.4,14,done,2026-07-23T23:49:47.522
48,0.2,0.0,14,done,2026-07-23T23:49:47.687
48,0.2,0.1,14,done,2026-07-23T23:49:47.836
48,0.2,0.2,14,done,2026-07-23T23:49:48.363
48,0.2,0.3,14,done,2026-07-23T23:49:48.771
48,0.2,0.4,14,done,2026-07-23T23:49:51.646
64,0.2,0.0,14,done,2026-07-23T23:49:52.979
64,0.2,0.1,14,done,2026-07-23T23:49:53.434
64,0.2,0.2,14,done,2026-07-23T23:49:54.013
64,0.2,0.3,14,done,2026-07-23T23:50:02.712
64,0.2,0.4,14,done,2026-07-23T23:50:04.053
96,0.2,0.0,14,done,2026-07-23T23:50:07.366
96,0.2,0.1,14,done,2026-07-23T23:50:10.555
96,0.2,0.2,14,done,2026-07-23T23:50:14.017
96,0.2,0.3,14,done,2026-07-23T23:50:19.063
96,0.2,0.4,14,done,2026-07-23T23:50:35.986
128,0.2,0.0,14,done,2026-07-23T23:50:39.561
128,0.2,0.1,14,done,2026-07-23T23:50:43.946
128,0.2,0.2,14,done,2026-07-23T23:50:50.371
128,0.2,0.3,14,done,2026-07-23T23:50:57.290
128,0.2,0.4,14,done,2026-07-23T23:51:01.962
32,0.3,0.0,14,done,2026-07-23T23:51:02.628
32,0.3,0.1,14,done,2026-07-23T23:51:02.638
32,0.3,0.2,14,done,2026-07-23T23:51:02.658
32,0.3,0.3,14,done,2026-07-23T23:51:02.704
32,0.3,0.4,14,done,2026-07-23T23:51:02.732
48,0.3,0.0,14,done,2026-07-23T23:51:02.847
48,0.3,0.1,14,done,2026-07-23T23:51:03.717
48,0.3,0.2,14,done,2026-07-23T23:51:03.833
48,0.3,0.3,14,done,2026-07-23T23:51:04.044
48,0.3,0.4,14,done,2026-07-23T23:51:04.302
64,0.3,0.0,14,done,2026-07-23T23:51:04.855
64,0.3,0.1,14,done,2026-07-23T23:51:05.768
64,0.3,0.2,14,done,2026-07-23T23:51:06.149
64,0.3,0.3,14,done,2026-07-23T23:51:06.780
64,0.3,0.4,14,done,2026-07-23T23:51:10.194
96,0.3,0.0,14,done,2026-07-23T23:51:11.403
96,0.3,0.1,14,done,2026-07-23T23:51:12.632
96,0.3,0.2,14,done,2026-07-23T23:51:13.898
96,0.3,0.3,14,done,2026-07-23T23:51:16.253
96,0.3,0.4,14,done,2026-07-23T23:51:27.603
128,0.3,0.0,14,done,2026-07-23T23:51:30.765
128,0.3,0.1,14,done,2026-07-23T23:51:32.654
128,0.3,0.2,14,done,2026-07-23T23:51:35.699
128,0.3,0.3,14,done,2026-07-23T23:51:47.483
128,0.3,0.4,14,done,2026-07-23T23:51:54.965
32,0.4,0.0,14,done,2026-07-23T23:51:54.975
32,0.4,0.1,14,done,2026-07-23T23:51:54.990
32,0.4,0.2,14,done,2026-07-23T23:51:55.060
32,0.4,0.3,14,done,2026-07-23T23:51:55.082
32,0.4,0.4,14,done,2026-07-23T23:51:55.114
48,0.4,0.0,14,done,2026-07-23T23:51:55.223
48,0.4,0.1,14,done,2026-07-23T23:51:55.301
48,0.4,0.2,14,done,2026-07-23T23:51:56.025
48,0.4,0.3,14,done,2026-07-23T23:51:56.090
48,0.4,0.4,14,done,2026-07-23T23:51:56.288
64,0.4,0.0,14,done,2026-07-23T23:51:56.532
64,0.4,0.1,14,done,2026-07-23T23:51:56.749
64,0.4,0.2,14,done,2026-07-23T23:51:57.785
64,0.4,0.3,14,done,2026-07-23T23:51:58.174
64,0.4,0.4,14,done,2026-07-23T23:51:59.154
96,0.4,0.0,14,done,2026-07-23T23:51:59.994
96,0.4,0.1,14,done,2026-07-23T23:52:01.219
96,0.4,0.2,14,done,2026-07-23T23:52:02.226
96,0.4,0.3,14,done,2026-07-23T23:52:03.787
96,0.4,0.4,14,done,2026-07-23T23:52:05.412
128,0.4,0.0,14,done,2026-07-23T23:52:07.711
128,0.4,0.1,14,done,2026-07-23T23:52:10.576
128,0.4,0.2,14,done,2026-07-23T23:52:15.518
128,0.4,0.3,14,done,2026-07-23T23:52:19.939
128,0.4,0.4,14,done,2026-07-23T23:52:24.803
32,0.5,0.0,14,done,2026-07-23T23:52:24.812
32,0.5,0.1,14,done,2026-07-23T23:52:24.820
32,0.5,0.2,14,done,2026-07-23T23:52:25.122
32,0.5,0.3,14,done,2026-07-23T23:52:25.131
32,0.5,0.4,14,done,2026-07-23T23:52:25.173
48,0.5,0.0,14,done,2026-07-23T23:52:25.275
48,0.5,0.1,14,done,2026-07-23T23:52:25.614
48,0.5,0.2,14,done,2026-07-23T23:52:25.681
48,0.5,0.3,14,done,2026-07-23T23:52:25.803
48,0.5,0.4,14,done,2026-07-23T23:52:26.426
64,0.5,0.0,14,done,2026-07-23T23:52:27.067
64,0.5,0.1,14,done,2026-07-23T23:52:27.691
64,0.5,0.2,14,done,2026-07-23T23:52:28.048
64,0.5,0.3,14,done,2026-07-23T23:52:28.547
64,0.5,0.4,14,done,2026-07-23T23:52:29.818
96,0.5,0.0,14,done,2026-07-23T23:52:30.528
96,0.5,0.1,14,done,2026-07-23T23:52:31.712
96,0.5,0.2,14,done,2026-07-23T23:52:32.426
96,0.5,0.3,14,done,2026-07-23T23:52:33.751
96,0.5,0.4,14,done,2026-07-23T23:52:35.613
128,0.5,0.0,14,done,2026-07-23T23:52:37.084
128,0.5,0.1,14,done,2026-07-23T23:52:39.824
128,0.5,0.2,14,done,2026-07-23T23:52:42.294
128,0.5,0.3,14,done,2026-07-23T23:52:45.139
128,0.5,0.4,14,done,2026-07-23T23:52:46.711
32,0.6,0.0,14,done,2026-07-23T23:52:46.729
32,0.6,0.1,14,done,2026-07-23T23:52:46.737
32,0.6,0.2,14,done,2026-07-23T23:52:46.749
32,0.6,0.3,14,done,2026-07-23T23:52:46.764
32,0.6,0.4,14,done,2026-07-23T23:52:46.813
48,0.6,0.0,14,done,2026-07-23T23:52:47.228
48,0.6,0.1,14,done,2026-07-23T23:52:47.386
48,0.6,0.2,14,done,2026-07-23T23:52:47.489
48,0.6,0.3,14,done,2026-07-23T23:52:47.583
48,0.6,0.4,14,done,2026-07-23T23:52:47.788
64,0.6,0.0,14,done,2026-07-23T23:52:48.107
64,0.6,0.1,14,done,2026-07-23T23:52:48.220
64,0.6,0.2,14,done,2026-07-23T23:52:48.517
64,0.6,0.3,14,done,2026-07-23T23:52:48.929
64,0.6,0.4,14,done,2026-07-23T23:52:49.289
96,0.6,0.0,14,done,2026-07-23T23:52:50.464
96,0.6,0.1,14,done,2026-07-23T23:52:51.982
96,0.6,0.2,14,done,2026-07-23T23:52:53.862
96,0.6,0.3,14,done,2026-07-23T23:52:55.085
96,0.6,0.4,14,done,2026-07-23T23:52:56.255
128,0.6,0.0,14,done,2026-07-23T23:52:58.117
128,0.6,0.1,14,done,2026-07-23T23:53:00.783
128,0.6,0.2,14,done,2026-07-23T23:53:04.241
128,0.6,0.3,14,done,2026-07-23T23:53:06.362
128,0.6,0.4,14,done,2026-07-23T23:53:09.418
32,0.7,0.0,14,done,2026-07-23T23:53:09.429
32,0.7,0.1,14,done,2026-07-23T23:53:09.439
32,0.7,0.2,14,done,2026-07-23T23:53:09.449
32,0.7,0.3,14,done,2026-07-23T23:53:09.462
32,0.7,0.4,14,done,2026-07-23T23:53:09.487
48,0.7,0.0,14,done,2026-07-23T23:53:09.524
48,0.7,0.1,14,done,2026-07-23T23:53:09.579
48,0.7,0.2,14,done,2026-07-23T23:53:09.674
48,0.7,0.3,14,done,2026-07-23T23:53:09.762
48,0.7,0.4,14,done,2026-07-23T23:53:10.284
64,0.7,0.0,14,done,2026-07-23T23:53:10.564
64,0.7,0.1,14,done,2026-07-23T23:53:11.217
64,0.7,0.2,14,done,2026-07-23T23:53:11.488
64,0.7,0.3,14,done,2026-07-23T23:53:11.995
64,0.7,0.4,14,done,2026-07-23T23:53:12.378
96,0.7,0.0,14,done,2026-07-23T23:53:13.684
96,0.7,0.1,14,done,2026-07-23T23:53:14.833
96,0.7,0.2,14,done,2026-07-23T23:53:16.096
96,0.7,0.3,14,done,2026-07-23T23:53:18.483
96,0.7,0.4,14,done,2026-07-23T23:53:20.170
128,0.7,0.0,14,done,2026-07-23T23:53:23.546
128,0.7,0.1,14,done,2026-07-23T23:53:26.754
128,0.7,0.2,14,done,2026-07-23T23:53:30.003
128,0.7,0.3,14,done,2026-07-23T23:53:33.701
128,0.7,0.4,14,done,2026-07-23T23:53:35.222
32,0.8,0.0,14,done,2026-07-23T23:53:35.230
32,0.8,0.1,14,done,2026-07-23T23:53:35.239
32,0.8,0.2,14,done,2026-07-23T23:53:35.249
32,0.8,0.3,14,done,2026-07-23T23:53:35.263
32,0.8,0.4,14,done,2026-07-23T23:53:35.288
48,0.8,0.0,14,done,2026-07-23T23:53:35.424
48,0.8,0.1,14,done,2026-07-23T23:53:35.617
48,0.8,0.2,14,done,2026-07-23T23:53:35.724
48,0.8,0.3,14,done,2026-07-23T23:53:35.834
48,0.8,0.4,14,done,2026-07-23T23:53:36.031
64,0.8,0.0,14,done,2026-07-23T23:53:36.726
64,0.8,0.1,14,done,2026-07-23T23:53:37.021
64,0.8,0.2,14,done,2026-07-23T23:53:37.426
64,0.8,0.3,14,done,2026-07-23T23:53:38.493
64,0.8,0.4,14,done,2026-07-23T23:53:39.124
96,0.8,0.0,14,done,2026-07-23T23:53:40.370
96,0.8,0.1,14,done,2026-07-23T23:53:42.022
96,0.8,0.2,14,done,2026-07-23T23:53:43.521
96,0.8,0.3,14,done,2026-07-23T23:53:45.447
96,0.8,0.4,14,done,2026-07-23T23:53:48.348
128,0.8,0.0,14,done,2026-07-23T23:53:51.471
128,0.8,0.1,14,done,2026-07-23T23:53:55.017
128,0.8,0.2,14,done,2026-07-23T23:53:57.315
128,0.8,0.3,14,done,2026-07-23T23:53:59.079
128,0.8,0.4,14,done,2026-07-23T23:54:00.336
32,0.9,0.0,14,done,2026-07-23T23:54:00.343
32,0.9,0.1,14,done,2026-07-23T23:54:00.350
32,0.9,0.2,14,done,2026-07-23T23:54:00.359
32,0.9,0.3,14,done,2026-07-23T23:54:00.369
32,0.9,0.4,14,done,2026-07-23T23:54:00.388
48,0.9,0.0,14,done,2026-07-23T23:54:00.534
48,0.9,0.1,14,done,2026-07-23T23:54:00.641
48,0.9,0.2,14,done,2026-07-23T23:54:00.686
48,0.9,0.3,14,done,2026-07-23T23:54:00.823
48,0.9,0.4,14,done,2026-07-23T23:54:01.518
64,0.9,0.0,14,done,2026-07-23T23:54:01.679
64,0.9,0.1,14,done,2026-07-23T23:54:01.816
64,0.9,0.2,14,done,2026-07-23T23:54:02.010
64,0.9,0.3,14,done,2026-07-23T23:54:02.428
64,0.9,0.4,14,done,2026-07-23T23:54:02.576
96,0.9,0.0,14,done,2026-07-23T23:54:03.825
96,0.9,0.1,14,done,2026-07-23T23:54:06.880
96,0.9,0.2,14,done,2026-07-23T23:54:07.981
96,0.9,0.3,14,done,2026-07-23T23:54:10.499
96,0.9,0.4,14,done,2026-07-23T23:54:12.610
128,0.9,0.0,14,done,2026-07-23T23:54:15.555
128,0.9,0.1,14,done,2026-07-23T23:54:18.099
128,0.9,0.2,14,done,2026-07-23T23:54:20.407
128,0.9,0.3,14,done,2026-07-23T23:54:21.920
128,0.9,0.4,14,done,2026-07-23T23:54:24.060
32,1.0,0.0,14,done,2026-07-23T23:54:24.456
32,1.0,0.1,14,done,2026-07-23T23:54:24.460
32,1.0,0.2,14,done,2026-07-23T23:54:24.467
32,1.0,0.3,14,done,2026-07-23T23:54:24.475
32,1.0,0.4,14,done,2026-07-23T23:54:24.487
48,1.0,0.0,14,done,2026-07-23T23:54:24.523
48,1.0,0.1,14,done,2026-07-23T23:54:24.558
48,1.0,0.2,14,done,2026-07-23T23:54:24.629
48,1.0,0.3,14,done,2026-07-23T23:54:24.711
48,1.0,0.4,14,done,2026-07-23T23:54:24.829
64,1.0,0.0,14,done,2026-07-23T23:54:25.406
64,1.0,0.1,14,done,2026-07-23T23:54:26.210
64,1.0,0.2,14,done,2026-07-23T23:54:26.413
64,1.0,0.3,14,done,2026-07-23T23:54:26.856
64,1.0,0.4,14,done,2026-07-23T23:54:27.051
96,1.0,0.0,14,done,2026-07-23T23:54:28.105
96,1.0,0.1,14,done,2026-07-23T23:54:29.343
96,1.0,0.2,14,done,2026-07-23T23:54:31.678
96,1.0,0.3,14,done,2026-07-23T23:54:33.240
96,1.0,0.4,14,done,2026-07-23T23:54:34.497
128,1.0,0.0,14,done,2026-07-23T23:54:38.168
128,1.0,0.1,14,done,2026-07-23T23:54:40.843
128,1.0,0.2,14,done,2026-07-23T23:54:43.797
128,1.0,0.3,14,done,2026-07-23T23:54:45.354
128,1.0,0.4,14,done,2026-07-23T23:54:48.120
32,0.1,0.0,15,done,2026-07-23T23:54:48.157
32,0.1,0.1,15,done,2026-07-23T23:54:48.190
32,0.1,0.2,15,done,2026-07-23T23:54:48.269
32,0.1,0.3,15,done,2026-07-23T23:54:48.407
32,0.1,0.4,15,done,2026-07-23T23:55:00.635
48,0.1,0.0,15,done,2026-07-23T23:55:00.956
48,0.1,0.1,15,done,2026-07-23T23:55:01.135
48,0.1,0.2,15,done,2026-07-23T23:55:01.517
48,0.1,0.3,15,done,2026-07-23T23:55:01.751
48,0.1,0.4,15,done,2026-07-23T23:55:14.282
64,0.1,0.0,15,done,2026-07-23T23:55:15.238
64,0.1,0.1,15,done,2026-07-23T23:55:15.778
64,0.1,0.2,15,done,2026-07-23T23:55:16.685
64,0.1,0.3,15,done,2026-07-23T23:55:22.985
64,0.1,0.4,15,done,2026-07-23T23:55:42.783
96,0.1,0.0,15,done,2026-07-23T23:55:44.030
96,0.1,0.1,15,done,2026-07-23T23:55:45.841
96,0.1,0.2,15,done,2026-07-23T23:55:51.584
96,0.1,0.3,15,done,2026-07-23T23:56:10.399
96,0.1,0.4,15,done,2026-07-23T23:56:29.271
128,0.1,0.0,15,done,2026-07-23T23:56:33.033
128,0.1,0.1,15,done,2026-07-23T23:56:43.539
128,0.1,0.2,15,done,2026-07-23T23:56:47.655
128,0.1,0.3,15,done,2026-07-23T23:56:52.543
128,0.1,0.4,15,done,2026-07-23T23:57:24.650
32,0.2,0.0,15,done,2026-07-23T23:57:24.673
32,0.2,0.1,15,done,2026-07-23T23:57:24.703
32,0.2,0.2,15,done,2026-07-23T23:57:24.724
32,0.2,0.3,15,done,2026-07-23T23:57:24.763
32,0.2,0.4,15,done,2026-07-23T23:57:24.828
48,0.2,0.0,15,done,2026-07-23T23:57:25.460
48,0.2,0.1,15,done,2026-07-23T23:57:25.583
48,0.2,0.2,15,done,2026-07-23T23:57:25.928
48,0.2,0.3,15,done,2026-07-23T23:57:26.274
48,0.2,0.4,15,done,2026-07-23T23:57:26.688
64,0.2,0.0,15,done,2026-07-23T23:57:27.244
64,0.2,0.1,15,done,2026-07-23T23:57:27.639
64,0.2,0.2,15,done,2026-07-23T23:57:28.160
64,0.2,0.3,15,done,2026-07-23T23:57:28.760
64,0.2,0.4,15,done,2026-07-23T23:57:29.949
96,0.2,0.0,15,done,2026-07-23T23:57:32.624
96,0.2,0.1,15,done,2026-07-23T23:57:36.010
96,0.2,0.2,15,done,2026-07-23T23:57:38.818
96,0.2,0.3,15,done,2026-07-23T23:57:40.595
96,0.2,0.4,15,done,2026-07-23T23:57:53.150
128,0.2,0.0,15,done,2026-07-23T23:57:58.456
128,0.2,0.1,15,done,2026-07-23T23:58:05.030
128,0.2,0.2,15,done,2026-07-23T23:58:08.475
128,0.2,0.3,15,done,2026-07-23T23:58:15.465
128,0.2,0.4,15,done,2026-07-23T23:58:29.721
32,0.3,0.0,15,done,2026-07-23T23:58:29.841
32,0.3,0.1,15,done,2026-07-23T23:58:29.855
32,0.3,0.2,15,done,2026-07-23T23:58:29.888
32,0.3,0.3,15,done,2026-07-23T23:58:29.935
32,0.3,0.4,15,done,2026-07-23T23:58:29.967
48,0.3,0.0,15,done,2026-07-23T23:58:30.061
48,0.3,0.1,15,done,2026-07-23T23:58:30.187
48,0.3,0.2,15,done,2026-07-23T23:58:30.474
48,0.3,0.3,15,done,2026-07-23T23:58:30.658
48,0.3,0.4,15,done,2026-07-23T23:58:31.789
64,0.3,0.0,15,done,2026-07-23T23:58:32.494
64,0.3,0.1,15,done,2026-07-23T23:58:33.178
64,0.3,0.2,15,done,2026-07-23T23:58:35.005
64,0.3,0.3,15,done,2026-07-23T23:58:36.022
64,0.3,0.4,15,done,2026-07-23T23:58:37.906
96,0.3,0.0,15,done,2026-07-23T23:58:40.735
96,0.3,0.1,15,done,2026-07-23T23:58:44.377
96,0.3,0.2,15,done,2026-07-23T23:58:47.193
96,0.3,0.3,15,done,2026-07-23T23:58:49.269
96,0.3,0.4,15,done,2026-07-23T23:58:55.525
128,0.3,0.0,15,done,2026-07-23T23:59:01.648
128,0.3,0.1,15,done,2026-07-23T23:59:06.886
128,0.3,0.2,15,done,2026-07-23T23:59:11.639
128,0.3,0.3,15,done,2026-07-23T23:59:14.744
128,0.3,0.4,15,done,2026-07-23T23:59:20.053
32,0.4,0.0,15,done,2026-07-23T23:59:20.064
32,0.4,0.1,15,done,2026-07-23T23:59:20.078
32,0.4,0.2,15,done,2026-07-23T23:59:20.102
32,0.4,0.3,15,done,2026-07-23T23:59:20.158
32,0.4,0.4,15,done,2026-07-23T23:59:20.232
48,0.4,0.0,15,done,2026-07-23T23:59:20.652
48,0.4,0.1,15,done,2026-07-23T23:59:20.933
48,0.4,0.2,15,done,2026-07-23T23:59:22.380
48,0.4,0.3,15,done,2026-07-23T23:59:22.703
48,0.4,0.4,15,done,2026-07-23T23:59:23.193
64,0.4,0.0,15,done,2026-07-23T23:59:24.640
64,0.4,0.1,15,done,2026-07-23T23:59:25.718
64,0.4,0.2,15,done,2026-07-23T23:59:26.337
64,0.4,0.3,15,done,2026-07-23T23:59:27.235
64,0.4,0.4,15,done,2026-07-23T23:59:29.432
96,0.4,0.0,15,done,2026-07-23T23:59:31.040
96,0.4,0.1,15,done,2026-07-23T23:59:33.933
96,0.4,0.2,15,done,2026-07-23T23:59:37.356
96,0.4,0.3,15,done,2026-07-23T23:59:41.826
96,0.4,0.4,15,done,2026-07-23T23:59:45.120
128,0.4,0.0,15,done,2026-07-23T23:59:48.525
128,0.4,0.1,15,done,2026-07-23T23:59:51.441
128,0.4,0.2,15,done,2026-07-23T23:59:54.951
128,0.4,0.3,15,done,2026-07-23T23:59:59.352
128,0.4,0.4,15,done,2026-07-24T00:00:04.564
32,0.5,0.0,15,done,2026-07-24T00:00:04.575
32,0.5,0.1,15,done,2026-07-24T00:00:04.587
32,0.5,0.2,15,done,2026-07-24T00:00:04.601
32,0.5,0.3,15,done,2026-07-24T00:00:04.614
32,0.5,0.4,15,done,2026-07-24T00:00:04.636
48,0.5,0.0,15,done,2026-07-24T00:00:05.147
48,0.5,0.1,15,done,2026-07-24T00:00:05.282
48,0.5,0.2,15,done,2026-07-24T00:00:05.534
48,0.5,0.3,15,done,2026-07-24T00:00:06.808
48,0.5,0.4,15,done,2026-07-24T00:00:07.114
64,0.5,0.0,15,done,2026-07-24T00:00:07.782
64,0.5,0.1,15,done,2026-07-24T00:00:08.554
64,0.5,0.2,15,done,2026-07-24T00:00:09.916
64,0.5,0.3,15,done,2026-07-24T00:00:10.252
64,0.5,0.4,15,done,2026-07-24T00:00:10.698
96,0.5,0.0,15,done,2026-07-24T00:00:13.154
96,0.5,0.1,15,done,2026-07-24T00:00:14.226
96,0.5,0.2,15,done,2026-07-24T00:00:17.358
96,0.5,0.3,15,done,2026-07-24T00:00:19.839
96,0.5,0.4,15,done,2026-07-24T00:00:21.432
128,0.5,0.0,15,done,2026-07-24T00:00:23.672
128,0.5,0.1,15,done,2026-07-24T00:00:26.589
128,0.5,0.2,15,done,2026-07-24T00:00:29.977
128,0.5,0.3,15,done,2026-07-24T00:00:32.319
128,0.5,0.4,15,done,2026-07-24T00:00:36.039
32,0.6,0.0,15,done,2026-07-24T00:00:36.049
32,0.6,0.1,15,done,2026-07-24T00:00:36.061
32,0.6,0.2,15,done,2026-07-24T00:00:36.393
32,0.6,0.3,15,done,2026-07-24T00:00:36.416
32,0.6,0.4,15,done,2026-07-24T00:00:36.433
48,0.6,0.0,15,done,2026-07-24T00:00:36.539
48,0.6,0.1,15,done,2026-07-24T00:00:36.622
48,0.6,0.2,15,done,2026-07-24T00:00:37.157
48,0.6,0.3,15,done,2026-07-24T00:00:37.270
48,0.6,0.4,15,done,2026-07-24T00:00:37.584
64,0.6,0.0,15,done,2026-07-24T00:00:37.807
64,0.6,0.1,15,done,2026-07-24T00:00:38.812
64,0.6,0.2,15,done,2026-07-24T00:00:39.077
64,0.6,0.3,15,done,2026-07-24T00:00:39.526
64,0.6,0.4,15,done,2026-07-24T00:00:39.843
96,0.6,0.0,15,done,2026-07-24T00:00:41.415
96,0.6,0.1,15,done,2026-07-24T00:00:42.433
96,0.6,0.2,15,done,2026-07-24T00:00:44.851
96,0.6,0.3,15,done,2026-07-24T00:00:47.358
96,0.6,0.4,15,done,2026-07-24T00:00:48.668
128,0.6,0.0,15,done,2026-07-24T00:00:51.163
128,0.6,0.1,15,done,2026-07-24T00:00:54.375
128,0.6,0.2,15,done,2026-07-24T00:00:57.899
128,0.6,0.3,15,done,2026-07-24T00:01:00.654
128,0.6,0.4,15,done,2026-07-24T00:01:06.889
32,0.7,0.0,15,done,2026-07-24T00:01:06.908
32,0.7,0.1,15,done,2026-07-24T00:01:06.915
32,0.7,0.2,15,done,2026-07-24T00:01:06.923
32,0.7,0.3,15,done,2026-07-24T00:01:06.936
32,0.7,0.4,15,done,2026-07-24T00:01:06.973
48,0.7,0.0,15,done,2026-07-24T00:01:07.099
48,0.7,0.1,15,done,2026-07-24T00:01:07.661
48,0.7,0.2,15,done,2026-07-24T00:01:07.782
48,0.7,0.3,15,done,2026-07-24T00:01:07.890
48,0.7,0.4,15,done,2026-07-24T00:01:08.598
64,0.7,0.0,15,done,2026-07-24T00:01:08.796
64,0.7,0.1,15,done,2026-07-24T00:01:09.286
64,0.7,0.2,15,done,2026-07-24T00:01:09.679
64,0.7,0.3,15,done,2026-07-24T00:01:10.226
64,0.7,0.4,15,done,2026-07-24T00:01:11.830
96,0.7,0.0,15,done,2026-07-24T00:01:14.064
96,0.7,0.1,15,done,2026-07-24T00:01:15.699
96,0.7,0.2,15,done,2026-07-24T00:01:18.052
96,0.7,0.3,15,done,2026-07-24T00:01:19.275
96,0.7,0.4,15,done,2026-07-24T00:01:20.805
128,0.7,0.0,15,done,2026-07-24T00:01:23.491
128,0.7,0.1,15,done,2026-07-24T00:01:26.368
128,0.7,0.2,15,done,2026-07-24T00:01:29.721
128,0.7,0.3,15,done,2026-07-24T00:01:32.406
128,0.7,0.4,15,done,2026-07-24T00:01:39.817
32,0.8,0.0,15,done,2026-07-24T00:01:39.825
32,0.8,0.1,15,done,2026-07-24T00:01:39.835
32,0.8,0.2,15,done,2026-07-24T00:01:39.854
32,0.8,0.3,15,done,2026-07-24T00:01:39.902
32,0.8,0.4,15,done,2026-07-24T00:01:39.923
48,0.8,0.0,15,done,2026-07-24T00:01:40.128
48,0.8,0.1,15,done,2026-07-24T00:01:40.423
48,0.8,0.2,15,done,2026-07-24T00:01:41.807
48,0.8,0.3,15,done,2026-07-24T00:01:42.088
48,0.8,0.4,15,done,2026-07-24T00:01:42.279
64,0.8,0.0,15,done,2026-07-24T00:01:42.598
64,0.8,0.1,15,done,2026-07-24T00:01:43.050
64,0.8,0.2,15,done,2026-07-24T00:01:43.564
64,0.8,0.3,15,done,2026-07-24T00:01:44.721
64,0.8,0.4,15,done,2026-07-24T00:01:45.435
96,0.8,0.0,15,done,2026-07-24T00:01:47.243
96,0.8,0.1,15,done,2026-07-24T00:01:50.817
96,0.8,0.2,15,done,2026-07-24T00:01:54.309
96,0.8,0.3,15,done,2026-07-24T00:01:55.949
96,0.8,0.4,15,done,2026-07-24T00:01:57.910
128,0.8,0.0,15,done,2026-07-24T00:02:02.570
128,0.8,0.1,15,done,2026-07-24T00:02:05.830
128,0.8,0.2,15,done,2026-07-24T00:02:09.328
128,0.8,0.3,15,done,2026-07-24T00:02:11.906
128,0.8,0.4,15,done,2026-07-24T00:02:15.752
32,0.9,0.0,15,done,2026-07-24T00:02:15.759
32,0.9,0.1,15,done,2026-07-24T00:02:15.768
32,0.9,0.2,15,done,2026-07-24T00:02:15.801
32,0.9,0.3,15,done,2026-07-24T00:02:15.810
32,0.9,0.4,15,done,2026-07-24T00:02:15.822
48,0.9,0.0,15,done,2026-07-24T00:02:16.269
48,0.9,0.1,15,done,2026-07-24T00:02:16.370
48,0.9,0.2,15,done,2026-07-24T00:02:16.485
48,0.9,0.3,15,done,2026-07-24T00:02:16.605
48,0.9,0.4,15,done,2026-07-24T00:02:16.766
64,0.9,0.0,15,done,2026-07-24T00:02:17.772
64,0.9,0.1,15,done,2026-07-24T00:02:17.855
64,0.9,0.2,15,done,2026-07-24T00:02:17.933
64,0.9,0.3,15,done,2026-07-24T00:02:18.253
64,0.9,0.4,15,done,2026-07-24T00:02:18.440
96,0.9,0.0,15,done,2026-07-24T00:02:19.478
96,0.9,0.1,15,done,2026-07-24T00:02:20.259
96,0.9,0.2,15,done,2026-07-24T00:02:21.467
96,0.9,0.3,15,done,2026-07-24T00:02:21.944
96,0.9,0.4,15,done,2026-07-24T00:02:22.845
128,0.9,0.0,15,done,2026-07-24T00:02:24.133
128,0.9,0.1,15,done,2026-07-24T00:02:26.048
128,0.9,0.2,15,done,2026-07-24T00:02:28.315
128,0.9,0.3,15,done,2026-07-24T00:02:28.594
128,0.9,0.4,15,done,2026-07-24T00:02:29.105
32,1.0,0.0,15,done,2026-07-24T00:02:29.108
32,1.0,0.1,15,done,2026-07-24T00:02:29.112
32,1.0,0.2,15,done,2026-07-24T00:02:29.117
32,1.0,0.3,15,done,2026-07-24T00:02:29.125
32,1.0,0.4,15,done,2026-07-24T00:02:29.138
48,1.0,0.0,15,done,2026-07-24T00:02:29.174
48,1.0,0.1,15,done,2026-07-24T00:02:29.189
48,1.0,0.2,15,done,2026-07-24T00:02:29.199
48,1.0,0.3,15,done,2026-07-24T00:02:29.214
48,1.0,0.4,15,done,2026-07-24T00:02:29.243
64,1.0,0.0,15,done,2026-07-24T00:02:29.296
64,1.0,0.1,15,done,2026-07-24T00:02:29.328
64,1.0,0.2,15,done,2026-07-24T00:02:29.355
64,1.0,0.3,15,done,2026-07-24T00:02:29.643
64,1.0,0.4,15,done,2026-07-24T00:02:29.704
96,1.0,0.0,15,done,2026-07-24T00:02:29.865
96,1.0,0.1,15,done,2026-07-24T00:02:30.062
96,1.0,0.2,15,done,2026-07-24T00:02:30.225
96,1.0,0.3,15,done,2026-07-24T00:02:30.422
96,1.0,0.4,15,done,2026-07-24T00:02:30.800
128,1.0,0.0,15,done,2026-07-24T00:02:31.253
128,1.0,0.1,15,done,2026-07-24T00:02:31.542
128,1.0,0.2,15,done,2026-07-24T00:02:32.043
128,1.0,0.3,15,done,2026-07-24T00:02:32.573
128,1.0,0.4,15,done,2026-07-24T00:02:33.127
32,0.1,0.0,16,done,2026-07-23T23:44:53.897
32,0.1,0.1,16,done,2026-07-23T23:44:55.467
32,0.1,0.2,16,done,2026-07-23T23:44:57.075
32,0.1,0.3,16,done,2026-07-23T23:44:59.112
32,0.1,0.4,16,done,2026-07-23T23:45:03.190
48,0.1,0.0,16,done,2026-07-23T23:45:04.593
48,0.1,0.1,16,done,2026-07-23T23:45:06.488
48,0.1,0.2,16,done,2026-07-23T23:45:06.662
48,0.1,0.3,16,done,2026-07-23T23:45:09.077
48,0.1,0.4,16,done,2026-07-23T23:45:16.581
64,0.1,0.0,16,done,2026-07-23T23:45:22.703
64,0.1,0.1,16,done,2026-07-23T23:45:23.078
64,0.1,0.2,16,done,2026-07-23T23:45:27.480
64,0.1,0.3,16,done,2026-07-23T23:45:31.150
64,0.1,0.4,16,done,2026-07-23T23:45:41.374
96,0.1,0.0,16,done,2026-07-23T23:45:46.657
96,0.1,0.1,16,done,2026-07-23T23:45:47.754
96,0.1,0.2,16,done,2026-07-23T23:45:56.224
96,0.1,0.3,16,done,2026-07-23T23:46:04.112
96,0.1,0.4,16,done,2026-07-23T23:46:21.331
128,0.1,0.0,16,done,2026-07-23T23:46:26.099
128,0.1,0.1,16,done,2026-07-23T23:46:33.445
128,0.1,0.2,16,done,2026-07-23T23:46:40.716
128,0.1,0.3,16,done,2026-07-23T23:47:06.941
128,0.1,0.4,16,done,2026-07-23T23:47:24.409
32,0.2,0.0,16,done,2026-07-23T23:47:24.423
32,0.2,0.1,16,done,2026-07-23T23:47:24.448
32,0.2,0.2,16,done,2026-07-23T23:47:24.479
32,0.2,0.3,16,done,2026-07-23T23:47:24.499
32,0.2,0.4,16,done,2026-07-23T23:47:29.742
48,0.2,0.0,16,done,2026-07-23T23:47:29.770
48,0.2,0.1,16,done,2026-07-23T23:47:29.801
48,0.2,0.2,16,done,2026-07-23T23:47:29.992
48,0.2,0.3,16,done,2026-07-23T23:47:33.270
48,0.2,0.4,16,done,2026-07-23T23:47:40.022
64,0.2,0.0,16,done,2026-07-23T23:47:40.160
64,0.2,0.1,16,done,2026-07-23T23:47:40.406
64,0.2,0.2,16,done,2026-07-23T23:47:40.537
64,0.2,0.3,16,done,2026-07-23T23:47:40.933
64,0.2,0.4,16,done,2026-07-23T23:47:44.118
96,0.2,0.0,16,done,2026-07-23T23:47:44.980
96,0.2,0.1,16,done,2026-07-23T23:47:45.401
96,0.2,0.2,16,done,2026-07-23T23:47:46.279
96,0.2,0.3,16,done,2026-07-23T23:47:46.737
96,0.2,0.4,16,done,2026-07-23T23:47:50.535
128,0.2,0.0,16,done,2026-07-23T23:47:51.278
128,0.2,0.1,16,done,2026-07-23T23:47:51.807
128,0.2,0.2,16,done,2026-07-23T23:47:52.748
128,0.2,0.3,16,done,2026-07-23T23:47:57.964
128,0.2,0.4,16,done,2026-07-23T23:48:00.509
32,0.3,0.0,16,done,2026-07-23T23:48:00.518
32,0.3,0.1,16,done,2026-07-23T23:48:00.530
32,0.3,0.2,16,done,2026-07-23T23:48:00.563
32,0.3,0.3,16,done,2026-07-23T23:48:00.576
32,0.3,0.4,16,done,2026-07-23T23:48:06.303
48,0.3,0.0,16,done,2026-07-23T23:48:06.502
48,0.3,0.1,16,done,2026-07-23T23:48:06.539
48,0.3,0.2,16,done,2026-07-23T23:48:06.609
48,0.3,0.3,16,done,2026-07-23T23:48:06.811
48,0.3,0.4,16,done,2026-07-23T23:48:14.106
64,0.3,0.0,16,done,2026-07-23T23:48:14.328
64,0.3,0.1,16,done,2026-07-23T23:48:14.453
64,0.3,0.2,16,done,2026-07-23T23:48:14.677
64,0.3,0.3,16,done,2026-07-23T23:48:19.053
64,0.3,0.4,16,done,2026-07-23T23:48:24.540
96,0.3,0.0,16,done,2026-07-23T23:48:24.926
96,0.3,0.1,16,done,2026-07-23T23:48:25.783
96,0.3,0.2,16,done,2026-07-23T23:48:26.779
96,0.3,0.3,16,done,2026-07-23T23:48:27.268
96,0.3,0.4,16,done,2026-07-23T23:48:28.743
128,0.3,0.0,16,done,2026-07-23T23:48:29.309
128,0.3,0.1,16,done,2026-07-23T23:48:30.003
128,0.3,0.2,16,done,2026-07-23T23:48:30.968
128,0.3,0.3,16,done,2026-07-23T23:48:32.614
128,0.3,0.4,16,done,2026-07-23T23:48:34.527
32,0.4,0.0,16,done,2026-07-23T23:48:34.538
32,0.4,0.1,16,done,2026-07-23T23:48:34.549
32,0.4,0.2,16,done,2026-07-23T23:48:34.572
32,0.4,0.3,16,done,2026-07-23T23:48:34.592
32,0.4,0.4,16,done,2026-07-23T23:48:34.619
48,0.4,0.0,16,done,2026-07-23T23:48:34.710
48,0.4,0.1,16,done,2026-07-23T23:48:34.820
48,0.4,0.2,16,done,2026-07-23T23:48:35.106
48,0.4,0.3,16,done,2026-07-23T23:48:35.239
48,0.4,0.4,16,done,2026-07-23T23:48:35.398
64,0.4,0.0,16,done,2026-07-23T23:48:35.695
64,0.4,0.1,16,done,2026-07-23T23:48:35.754
64,0.4,0.2,16,done,2026-07-23T23:48:35.904
64,0.4,0.3,16,done,2026-07-23T23:48:36.166
64,0.4,0.4,16,done,2026-07-23T23:48:36.606
96,0.4,0.0,16,done,2026-07-23T23:48:37.405
96,0.4,0.1,16,done,2026-07-23T23:48:38.689
96,0.4,0.2,16,done,2026-07-23T23:48:39.255
96,0.4,0.3,16,done,2026-07-23T23:48:40.237
96,0.4,0.4,16,done,2026-07-23T23:48:42.214
128,0.4,0.0,16,done,2026-07-23T23:48:43.869
128,0.4,0.1,16,done,2026-07-23T23:48:46.500
128,0.4,0.2,16,done,2026-07-23T23:48:50.281
128,0.4,0.3,16,done,2026-07-23T23:48:57.672
128,0.4,0.4,16,done,2026-07-23T23:49:07.245
32,0.5,0.0,16,done,2026-07-23T23:49:07.250
32,0.5,0.1,16,done,2026-07-23T23:49:07.258
32,0.5,0.2,16,done,2026-07-23T23:49:07.270
32,0.5,0.3,16,done,2026-07-23T23:49:07.296
32,0.5,0.4,16,done,2026-07-23T23:49:07.331
48,0.5,0.0,16,done,2026-07-23T23:49:07.537
48,0.5,0.1,16,done,2026-07-23T23:49:07.604
48,0.5,0.2,16,done,2026-07-23T23:49:07.696
48,0.5,0.3,16,done,2026-07-23T23:49:07.752
48,0.5,0.4,16,done,2026-07-23T23:49:07.946
64,0.5,0.0,16,done,2026-07-23T23:49:08.453
64,0.5,0.1,16,done,2026-07-23T23:49:08.893
64,0.5,0.2,16,done,2026-07-23T23:49:09.028
64,0.5,0.3,16,done,2026-07-23T23:49:09.329
64,0.5,0.4,16,done,2026-07-23T23:49:10.354
96,0.5,0.0,16,done,2026-07-23T23:49:11.312
96,0.5,0.1,16,done,2026-07-23T23:49:13.243
96,0.5,0.2,16,done,2026-07-23T23:49:15.897
96,0.5,0.3,16,done,2026-07-23T23:49:16.804
96,0.5,0.4,16,done,2026-07-23T23:49:18.603
128,0.5,0.0,16,done,2026-07-23T23:49:20.243
128,0.5,0.1,16,done,2026-07-23T23:49:22.900
128,0.5,0.2,16,done,2026-07-23T23:49:24.589
128,0.5,0.3,16,done,2026-07-23T23:49:25.737
128,0.5,0.4,16,done,2026-07-23T23:49:27.148
32,0.6,0.0,16,done,2026-07-23T23:49:27.159
32,0.6,0.1,16,done,2026-07-23T23:49:27.166
32,0.6,0.2,16,done,2026-07-23T23:49:27.183
32,0.6,0.3,16,done,2026-07-23T23:49:27.196
32,0.6,0.4,16,done,2026-07-23T23:49:27.215
48,0.6,0.0,16,done,2026-07-23T23:49:27.233
48,0.6,0.1,16,done,2026-07-23T23:49:27.247
48,0.6,0.2,16,done,2026-07-23T23:49:27.268
48,0.6,0.3,16,done,2026-07-23T23:49:27.297
48,0.6,0.4,16,done,2026-07-23T23:49:27.333
64,0.6,0.0,16,done,2026-07-23T23:49:27.369
64,0.6,0.1,16,done,2026-07-23T23:49:27.400
64,0.6,0.2,16,done,2026-07-23T23:49:27.435
64,0.6,0.3,16,done,2026-07-23T23:49:27.468
64,0.6,0.4,16,done,2026-07-23T23:49:27.564
96,0.6,0.0,16,done,2026-07-23T23:49:27.690
96,0.6,0.1,16,done,2026-07-23T23:49:27.906
96,0.6,0.2,16,done,2026-07-23T23:49:28.514
96,0.6,0.3,16,done,2026-07-23T23:49:28.721
96,0.6,0.4,16,done,2026-07-23T23:49:28.966
128,0.6,0.0,16,done,2026-07-23T23:49:29.681
128,0.6,0.1,16,done,2026-07-23T23:49:30.356
128,0.6,0.2,16,done,2026-07-23T23:49:31.246
128,0.6,0.3,16,done,2026-07-23T23:49:33.694
128,0.6,0.4,16,done,2026-07-23T23:49:35.620
32,0.7,0.0,16,done,2026-07-23T23:49:35.634
32,0.7,0.1,16,done,2026-07-23T23:49:35.643
32,0.7,0.2,16,done,2026-07-23T23:49:35.658
32,0.7,0.3,16,done,2026-07-23T23:49:35.670
32,0.7,0.4,16,done,2026-07-23T23:49:35.715
48,0.7,0.0,16,done,2026-07-23T23:49:35.892
48,0.7,0.1,16,done,2026-07-23T23:49:35.916
48,0.7,0.2,16,done,2026-07-23T23:49:35.937
48,0.7,0.3,16,done,2026-07-23T23:49:35.992
48,0.7,0.4,16,done,2026-07-23T23:49:36.055
64,0.7,0.0,16,done,2026-07-23T23:49:36.494
64,0.7,0.1,16,done,2026-07-23T23:49:36.644
64,0.7,0.2,16,done,2026-07-23T23:49:36.682
64,0.7,0.3,16,done,2026-07-23T23:49:37.055
64,0.7,0.4,16,done,2026-07-23T23:49:37.360
96,0.7,0.0,16,done,2026-07-23T23:49:38.518
96,0.7,0.1,16,done,2026-07-23T23:49:39.792
96,0.7,0.2,16,done,2026-07-23T23:49:41.329
96,0.7,0.3,16,done,2026-07-23T23:49:42.490
96,0.7,0.4,16,done,2026-07-23T23:49:44.417
128,0.7,0.0,16,done,2026-07-23T23:49:46.369
128,0.7,0.1,16,done,2026-07-23T23:49:48.679
128,0.7,0.2,16,done,2026-07-23T23:49:50.665
128,0.7,0.3,16,done,2026-07-23T23:49:53.170
128,0.7,0.4,16,done,2026-07-23T23:49:55.627
32,0.8,0.0,16,done,2026-07-23T23:49:55.633
32,0.8,0.1,16,done,2026-07-23T23:49:55.641
32,0.8,0.2,16,done,2026-07-23T23:49:55.650
32,0.8,0.3,16,done,2026-07-23T23:49:55.683
32,0.8,0.4,16,done,2026-07-23T23:49:55.697
48,0.8,0.0,16,done,2026-07-23T23:49:55.779
48,0.8,0.1,16,done,2026-07-23T23:49:55.842
48,0.8,0.2,16,done,2026-07-23T23:49:56.043
48,0.8,0.3,16,done,2026-07-23T23:49:56.070
48,0.8,0.4,16,done,2026-07-23T23:49:56.148
64,0.8,0.0,16,done,2026-07-23T23:49:56.212
64,0.8,0.1,16,done,2026-07-23T23:49:56.504
64,0.8,0.2,16,done,2026-07-23T23:49:57.011
64,0.8,0.3,16,done,2026-07-23T23:49:57.427
64,0.8,0.4,16,done,2026-07-23T23:49:57.921
96,0.8,0.0,16,done,2026-07-23T23:50:00.443
96,0.8,0.1,16,done,2026-07-23T23:50:01.669
96,0.8,0.2,16,done,2026-07-23T23:50:03.604
96,0.8,0.3,16,done,2026-07-23T23:50:06.585
96,0.8,0.4,16,done,2026-07-23T23:50:09.642
128,0.8,0.0,16,done,2026-07-23T23:50:14.423
128,0.8,0.1,16,done,2026-07-23T23:50:20.299
128,0.8,0.2,16,done,2026-07-23T23:50:27.622
128,0.8,0.3,16,done,2026-07-23T23:50:30.136
128,0.8,0.4,16,done,2026-07-23T23:50:32.752
32,0.9,0.0,16,done,2026-07-23T23:50:32.757
32,0.9,0.1,16,done,2026-07-23T23:50:32.764
32,0.9,0.2,16,done,2026-07-23T23:50:32.772
32,0.9,0.3,16,done,2026-07-23T23:50:32.788
32,0.9,0.4,16,done,2026-07-23T23:50:32.804
48,0.9,0.0,16,done,2026-07-23T23:50:32.828
48,0.9,0.1,16,done,2026-07-23T23:50:32.844
48,0.9,0.2,16,done,2026-07-23T23:50:32.878
48,0.9,0.3,16,done,2026-07-23T23:50:33.084
48,0.9,0.4,16,done,2026-07-23T23:50:33.149
64,0.9,0.0,16,done,2026-07-23T23:50:33.228
64,0.9,0.1,16,done,2026-07-23T23:50:33.442
64,0.9,0.2,16,done,2026-07-23T23:50:33.827
64,0.9,0.3,16,done,2026-07-23T23:50:34.084
64,0.9,0.4,16,done,2026-07-23T23:50:34.568
96,0.9,0.0,16,done,2026-07-23T23:50:35.525
96,0.9,0.1,16,done,2026-07-23T23:50:36.280
96,0.9,0.2,16,done,2026-07-23T23:50:37.771
96,0.9,0.3,16,done,2026-07-23T23:50:39.860
96,0.9,0.4,16,done,2026-07-23T23:50:41.741
128,0.9,0.0,16,done,2026-07-23T23:50:46.522
128,0.9,0.1,16,done,2026-07-23T23:50:51.345
128,0.9,0.2,16,done,2026-07-23T23:50:55.656
128,0.9,0.3,16,done,2026-07-23T23:51:00.226
128,0.9,0.4,16,done,2026-07-23T23:51:03.780
32,1.0,0.0,16,done,2026-07-23T23:51:03.785
32,1.0,0.1,16,done,2026-07-23T23:51:03.791
32,1.0,0.2,16,done,2026-07-23T23:51:03.802
32,1.0,0.3,16,done,2026-07-23T23:51:03.808
32,1.0,0.4,16,done,2026-07-23T23:51:03.830
48,1.0,0.0,16,done,2026-07-23T23:51:03.936
48,1.0,0.1,16,done,2026-07-23T23:51:04.053
48,1.0,0.2,16,done,2026-07-23T23:51:04.123
48,1.0,0.3,16,done,2026-07-23T23:51:04.211
48,1.0,0.4,16,done,2026-07-23T23:51:04.373
64,1.0,0.0,16,done,2026-07-23T23:51:04.874
64,1.0,0.1,16,done,2026-07-23T23:51:05.094
64,1.0,0.2,16,done,2026-07-23T23:51:05.865
64,1.0,0.3,16,done,2026-07-23T23:51:06.208
64,1.0,0.4,16,done,2026-07-23T23:51:06.724
96,1.0,0.0,16,done,2026-07-23T23:51:07.372
96,1.0,0.1,16,done,2026-07-23T23:51:08.240
96,1.0,0.2,16,done,2026-07-23T23:51:08.742
96,1.0,0.3,16,done,2026-07-23T23:51:10.050
96,1.0,0.4,16,done,2026-07-23T23:51:11.361
128,1.0,0.0,16,done,2026-07-23T23:51:12.986
128,1.0,0.1,16,done,2026-07-23T23:51:16.076
128,1.0,0.2,16,done,2026-07-23T23:51:19.471
128,1.0,0.3,16,done,2026-07-23T23:51:23.267
128,1.0,0.4,16,done,2026-07-23T23:51:26.257
32,0.1,0.0,17,done,2026-07-23T23:51:26.283
32,0.1,0.1,17,done,2026-07-23T23:51:26.347
32,0.1,0.2,17,done,2026-07-23T23:51:26.877
32,0.1,0.3,17,done,2026-07-23T23:51:26.942
32,0.1,0.4,17,done,2026-07-23T23:51:42.251
48,0.1,0.0,17,done,2026-07-23T23:51:42.919
48,0.1,0.1,17,done,2026-07-23T23:51:43.187
48,0.1,0.2,17,done,2026-07-23T23:51:51.727
48,0.1,0.3,17,done,2026-07-23T23:51:52.184
48,0.1,0.4,17,done,2026-07-23T23:52:03.414
64,0.1,0.0,17,done,2026-07-23T23:52:03.960
64,0.1,0.1,17,done,2026-07-23T23:52:04.720
64,0.1,0.2,17,done,2026-07-23T23:52:05.571
64,0.1,0.3,17,done,2026-07-23T23:52:22.119
64,0.1,0.4,17,done,2026-07-23T23:52:25.624
96,0.1,0.0,17,done,2026-07-23T23:52:27.114
96,0.1,0.1,17,done,2026-07-23T23:52:29.742
96,0.1,0.2,17,done,2026-07-23T23:52:31.917
96,0.1,0.3,17,done,2026-07-23T23:52:43.615
96,0.1,0.4,17,done,2026-07-23T23:53:07.766
128,0.1,0.0,17,done,2026-07-23T23:53:10.673
128,0.1,0.1,17,done,2026-07-23T23:53:32.021
128,0.1,0.2,17,done,2026-07-23T23:53:35.397
128,0.1,0.3,17,done,2026-07-23T23:53:48.270
128,0.1,0.4,17,done,2026-07-23T23:54:21.747
32,0.2,0.0,17,done,2026-07-23T23:54:21.763
32,0.2,0.1,17,done,2026-07-23T23:54:21.783
32,0.2,0.2,17,done,2026-07-23T23:54:21.819
32,0.2,0.3,17,done,2026-07-23T23:54:21.847
32,0.2,0.4,17,done,2026-07-23T23:54:21.927
48,0.2,0.0,17,done,2026-07-23T23:54:22.660
48,0.2,0.1,17,done,2026-07-23T23:54:22.816
48,0.2,0.2,17,done,2026-07-23T23:54:23.180
48,0.2,0.3,17,done,2026-07-23T23:54:23.301
48,0.2,0.4,17,done,2026-07-23T23:54:23.827
64,0.2,0.0,17,done,2026-07-23T23:54:24.039
64,0.2,0.1,17,done,2026-07-23T23:54:24.606
64,0.2,0.2,17,done,2026-07-23T23:54:25.312
64,0.2,0.3,17,done,2026-07-23T23:54:44.132
64,0.2,0.4,17,done,2026-07-23T23:54:56.764
96,0.2,0.0,17,done,2026-07-23T23:54:57.303
96,0.2,0.1,17,done,2026-07-23T23:54:57.870
96,0.2,0.2,17,done,2026-07-23T23:54:58.491
96,0.2,0.3,17,done,2026-07-23T23:55:05.123
96,0.2,0.4,17,done,2026-07-23T23:55:14.462
128,0.2,0.0,17,done,2026-07-23T23:55:16.758
128,0.2,0.1,17,done,2026-07-23T23:55:18.085
128,0.2,0.2,17,done,2026-07-23T23:55:20.458
128,0.2,0.3,17,done,2026-07-23T23:55:26.640
128,0.2,0.4,17,done,2026-07-23T23:55:43.881
32,0.3,0.0,17,done,2026-07-23T23:55:43.925
32,0.3,0.1,17,done,2026-07-23T23:55:43.941
32,0.3,0.2,17,done,2026-07-23T23:55:43.975
32,0.3,0.3,17,done,2026-07-23T23:55:44.001
32,0.3,0.4,17,done,2026-07-23T23:55:44.054
48,0.3,0.0,17,done,2026-07-23T23:55:44.272
48,0.3,0.1,17,done,2026-07-23T23:55:44.483
48,0.3,0.2,17,done,2026-07-23T23:55:44.706
48,0.3,0.3,17,done,2026-07-23T23:55:45.292
48,0.3,0.4,17,done,2026-07-23T23:55:45.503
64,0.3,0.0,17,done,2026-07-23T23:55:45.899
64,0.3,0.1,17,done,2026-07-23T23:55:47.097
64,0.3,0.2,17,done,2026-07-23T23:55:48.277
64,0.3,0.3,17,done,2026-07-23T23:55:48.540
64,0.3,0.4,17,done,2026-07-23T23:55:49.372
96,0.3,0.0,17,done,2026-07-23T23:55:50.385
96,0.3,0.1,17,done,2026-07-23T23:55:51.845
96,0.3,0.2,17,done,2026-07-23T23:55:53.745
96,0.3,0.3,17,done,2026-07-23T23:55:55.489
96,0.3,0.4,17,done,2026-07-23T23:55:57.867
128,0.3,0.0,17,done,2026-07-23T23:56:01.368
128,0.3,0.1,17,done,2026-07-23T23:56:03.162
128,0.3,0.2,17,done,2026-07-23T23:56:06.579
128,0.3,0.3,17,done,2026-07-23T23:56:09.136
128,0.3,0.4,17,done,2026-07-23T23:56:13.156
32,0.4,0.0,17,done,2026-07-23T23:56:13.169
32,0.4,0.1,17,done,2026-07-23T23:56:13.182
32,0.4,0.2,17,done,2026-07-23T23:56:13.199
32,0.4,0.3,17,done,2026-07-23T23:56:13.236
32,0.4,0.4,17,done,2026-07-23T23:56:13.266
48,0.4,0.0,17,done,2026-07-23T23:56:13.336
48,0.4,0.1,17,done,2026-07-23T23:56:13.349
48,0.4,0.2,17,done,2026-07-23T23:56:13.619
48,0.4,0.3,17,done,2026-07-23T23:56:13.697
48,0.4,0.4,17,done,2026-07-23T23:56:13.864
64,0.4,0.0,17,done,2026-07-23T23:56:13.924
64,0.4,0.1,17,done,2026-07-23T23:56:14.025
64,0.4,0.2,17,done,2026-07-23T23:56:14.133
64,0.4,0.3,17,done,2026-07-23T23:56:14.243
64,0.4,0.4,17,done,2026-07-23T23:56:14.636
96,0.4,0.0,17,done,2026-07-23T23:56:14.907
96,0.4,0.1,17,done,2026-07-23T23:56:15.562
96,0.4,0.2,17,done,2026-07-23T23:56:15.790
96,0.4,0.3,17,done,2026-07-23T23:56:16.061
96,0.4,0.4,17,done,2026-07-23T23:56:16.820
128,0.4,0.0,17,done,2026-07-23T23:56:17.581
128,0.4,0.1,17,done,2026-07-23T23:56:18.570
128,0.4,0.2,17,done,2026-07-23T23:56:19.833
128,0.4,0.3,17,done,2026-07-23T23:56:23.062
128,0.4,0.4,17,done,2026-07-23T23:56:26.525
32,0.5,0.0,17,done,2026-07-23T23:56:26.530
32,0.5,0.1,17,done,2026-07-23T23:56:26.536
32,0.5,0.2,17,done,2026-07-23T23:56:26.545
32,0.5,0.3,17,done,2026-07-23T23:56:26.575
32,0.5,0.4,17,done,2026-07-23T23:56:26.591
48,0.5,0.0,17,done,2026-07-23T23:56:26.606
48,0.5,0.1,17,done,2026-07-23T23:56:26.636
48,0.5,0.2,17,done,2026-07-23T23:56:26.653
48,0.5,0.3,17,done,2026-07-23T23:56:26.698
48,0.5,0.4,17,done,2026-07-23T23:56:26.769
64,0.5,0.0,17,done,2026-07-23T23:56:26.813
64,0.5,0.1,17,done,2026-07-23T23:56:26.955
64,0.5,0.2,17,done,2026-07-23T23:56:27.432
64,0.5,0.3,17,done,2026-07-23T23:56:28.051
64,0.5,0.4,17,done,2026-07-23T23:56:29.178
96,0.5,0.0,17,done,2026-07-23T23:56:30.531
96,0.5,0.1,17,done,2026-07-23T23:56:31.993
96,0.5,0.2,17,done,2026-07-23T23:56:33.197
96,0.5,0.3,17,done,2026-07-23T23:56:34.976
96,0.5,0.4,17,done,2026-07-23T23:56:38.025
128,0.5,0.0,17,done,2026-07-23T23:56:40.541
128,0.5,0.1,17,done,2026-07-23T23:56:42.809
128,0.5,0.2,17,done,2026-07-23T23:56:45.466
128,0.5,0.3,17,done,2026-07-23T23:56:49.288
128,0.5,0.4,17,done,2026-07-23T23:56:54.339
32,0.6,0.0,17,done,2026-07-23T23:56:54.344
32,0.6,0.1,17,done,2026-07-23T23:56:54.352
32,0.6,0.2,17,done,2026-07-23T23:56:54.376
32,0.6,0.3,17,done,2026-07-23T23:56:54.391
32,0.6,0.4,17,done,2026-07-23T23:56:54.435
48,0.6,0.0,17,done,2026-07-23T23:56:54.559
48,0.6,0.1,17,done,2026-07-23T23:56:54.845
48,0.6,0.2,17,done,2026-07-23T23:56:54.981
48,0.6,0.3,17,done,2026-07-23T23:56:55.111
48,0.6,0.4,17,done,2026-07-23T23:56:55.437
64,0.6,0.0,17,done,2026-07-23T23:56:55.702
64,0.6,0.1,17,done,2026-07-23T23:56:56.043
64,0.6,0.2,17,done,2026-07-23T23:56:56.483
64,0.6,0.3,17,done,2026-07-23T23:56:56.532
64,0.6,0.4,17,done,2026-07-23T23:56:57.601
96,0.6,0.0,17,done,2026-07-23T23:56:58.405
96,0.6,0.1,17,done,2026-07-23T23:56:59.498
96,0.6,0.2,17,done,2026-07-23T23:57:01.318
96,0.6,0.3,17,done,2026-07-23T23:57:03.801
96,0.6,0.4,17,done,2026-07-23T23:57:06.415
128,0.6,0.0,17,done,2026-07-23T23:57:10.124
128,0.6,0.1,17,done,2026-07-23T23:57:14.248
128,0.6,0.2,17,done,2026-07-23T23:57:18.660
128,0.6,0.3,17,done,2026-07-23T23:57:23.138
128,0.6,0.4,17,done,2026-07-23T23:57:26.368
32,0.7,0.0,17,done,2026-07-23T23:57:26.372
32,0.7,0.1,17,done,2026-07-23T23:57:26.377
32,0.7,0.2,17,done,2026-07-23T23:57:26.384
32,0.7,0.3,17,done,2026-07-23T23:57:26.395
32,0.7,0.4,17,done,2026-07-23T23:57:26.436
48,0.7,0.0,17,done,2026-07-23T23:57:26.555
48,0.7,0.1,17,done,2026-07-23T23:57:26.609
48,0.7,0.2,17,done,2026-07-23T23:57:26.686
48,0.7,0.3,17,done,2026-07-23T23:57:26.753
48,0.7,0.4,17,done,2026-07-23T23:57:27.274
64,0.7,0.0,17,done,2026-07-23T23:57:27.645
64,0.7,0.1,17,done,2026-07-23T23:57:27.879
64,0.7,0.2,17,done,2026-07-23T23:57:28.296
64,0.7,0.3,17,done,2026-07-23T23:57:28.708
64,0.7,0.4,17,done,2026-07-23T23:57:29.457
96,0.7,0.0,17,done,2026-07-23T23:57:31.092
96,0.7,0.1,17,done,2026-07-23T23:57:33.770
96,0.7,0.2,17,done,2026-07-23T23:57:36.358
96,0.7,0.3,17,done,2026-07-23T23:57:38.839
96,0.7,0.4,17,done,2026-07-23T23:57:40.514
128,0.7,0.0,17,done,2026-07-23T23:57:43.898
128,0.7,0.1,17,done,2026-07-23T23:57:49.334
128,0.7,0.2,17,done,2026-07-23T23:57:54.675
128,0.7,0.3,17,done,2026-07-23T23:57:58.609
128,0.7,0.4,17,done,2026-07-23T23:58:05.299
32,0.8,0.0,17,done,2026-07-23T23:58:05.307
32,0.8,0.1,17,done,2026-07-23T23:58:05.314
32,0.8,0.2,17,done,2026-07-23T23:58:05.322
32,0.8,0.3,17,done,2026-07-23T23:58:05.351
32,0.8,0.4,17,done,2026-07-23T23:58:05.377
48,0.8,0.0,17,done,2026-07-23T23:58:05.669
48,0.8,0.1,17,done,2026-07-23T23:58:05.867
48,0.8,0.2,17,done,2026-07-23T23:58:06.052
48,0.8,0.3,17,done,2026-07-23T23:58:06.565
48,0.8,0.4,17,done,2026-07-23T23:58:06.818
64,0.8,0.0,17,done,2026-07-23T23:58:07.758
64,0.8,0.1,17,done,2026-07-23T23:58:08.309
64,0.8,0.2,17,done,2026-07-23T23:58:09.092
64,0.8,0.3,17,done,2026-07-23T23:58:09.737
64,0.8,0.4,17,done,2026-07-23T23:58:10.364
96,0.8,0.0,17,done,2026-07-23T23:58:12.061
96,0.8,0.1,17,done,2026-07-23T23:58:13.951
96,0.8,0.2,17,done,2026-07-23T23:58:16.594
96,0.8,0.3,17,done,2026-07-23T23:58:18.542
96,0.8,0.4,17,done,2026-07-23T23:58:22.940
128,0.8,0.0,17,done,2026-07-23T23:58:26.706
128,0.8,0.1,17,done,2026-07-23T23:58:29.262
128,0.8,0.2,17,done,2026-07-23T23:58:30.665
128,0.8,0.3,17,done,2026-07-23T23:58:33.395
128,0.8,0.4,17,done,2026-07-23T23:58:38.586
32,0.9,0.0,17,done,2026-07-23T23:58:38.598
32,0.9,0.1,17,done,2026-07-23T23:58:38.610
32,0.9,0.2,17,done,2026-07-23T23:58:38.655
32,0.9,0.3,17,done,2026-07-23T23:58:38.672
32,0.9,0.4,17,done,2026-07-23T23:58:38.691
48,0.9,0.0,17,done,2026-07-23T23:58:39.847
48,0.9,0.1,17,done,2026-07-23T23:58:40.168
48,0.9,0.2,17,done,2026-07-23T23:58:40.492
48,0.9,0.3,17,done,2026-07-23T23:58:40.753
48,0.9,0.4,17,done,2026-07-23T23:58:41.222
64,0.9,0.0,17,done,2026-07-23T23:58:42.718
64,0.9,0.1,17,done,2026-07-23T23:58:44.009
64,0.9,0.2,17,done,2026-07-23T23:58:44.847
64,0.9,0.3,17,done,2026-07-23T23:58:45.891
64,0.9,0.4,17,done,2026-07-23T23:58:47.202
96,0.9,0.0,17,done,2026-07-23T23:58:48.993
96,0.9,0.1,17,done,2026-07-23T23:58:51.268
96,0.9,0.2,17,done,2026-07-23T23:58:53.924
96,0.9,0.3,17,done,2026-07-23T23:58:55.632
96,0.9,0.4,17,done,2026-07-23T23:58:58.575
128,0.9,0.0,17,done,2026-07-23T23:59:03.595
128,0.9,0.1,17,done,2026-07-23T23:59:08.075
128,0.9,0.2,17,done,2026-07-23T23:59:12.334
128,0.9,0.3,17,done,2026-07-23T23:59:14.721
128,0.9,0.4,17,done,2026-07-23T23:59:19.456
32,1.0,0.0,17,done,2026-07-23T23:59:19.465
32,1.0,0.1,17,done,2026-07-23T23:59:19.472
32,1.0,0.2,17,done,2026-07-23T23:59:19.482
32,1.0,0.3,17,done,2026-07-23T23:59:19.497
32,1.0,0.4,17,done,2026-07-23T23:59:19.522
48,1.0,0.0,17,done,2026-07-23T23:59:19.900
48,1.0,0.1,17,done,2026-07-23T23:59:20.328
48,1.0,0.2,17,done,2026-07-23T23:59:20.722
48,1.0,0.3,17,done,2026-07-23T23:59:21.025
48,1.0,0.4,17,done,2026-07-23T23:59:22.482
64,1.0,0.0,17,done,2026-07-23T23:59:22.991
64,1.0,0.1,17,done,2026-07-23T23:59:23.382
64,1.0,0.2,17,done,2026-07-23T23:59:24.718
64,1.0,0.3,17,done,2026-07-23T23:59:25.814
64,1.0,0.4,17,done,2026-07-23T23:59:26.425
96,1.0,0.0,17,done,2026-07-23T23:59:28.431
96,1.0,0.1,17,done,2026-07-23T23:59:30.739
96,1.0,0.2,17,done,2026-07-23T23:59:33.747
96,1.0,0.3,17,done,2026-07-23T23:59:36.031
96,1.0,0.4,17,done,2026-07-23T23:59:40.889
128,1.0,0.0,17,done,2026-07-23T23:59:45.085
128,1.0,0.1,17,done,2026-07-23T23:59:47.616
128,1.0,0.2,17,done,2026-07-23T23:59:51.199
128,1.0,0.3,17,done,2026-07-23T23:59:54.767
128,1.0,0.4,17,done,2026-07-23T23:59:57.652
32,0.1,0.0,18,done,2026-07-23T23:59:58.240
32,0.1,0.1,18,done,2026-07-23T23:59:58.265
32,0.1,0.2,18,done,2026-07-24T00:00:01.478
32,0.1,0.3,18,done,2026-07-24T00:00:01.525
32,0.1,0.4,18,done,2026-07-24T00:00:12.363
48,0.1,0.0,18,done,2026-07-24T00:00:13.268
48,0.1,0.1,18,done,2026-07-24T00:00:13.743
48,0.1,0.2,18,done,2026-07-24T00:00:14.070
48,0.1,0.3,18,done,2026-07-24T00:00:19.851
48,0.1,0.4,18,done,2026-07-24T00:00:21.360
64,0.1,0.0,18,done,2026-07-24T00:00:22.004
64,0.1,0.1,18,done,2026-07-24T00:00:22.758
64,0.1,0.2,18,done,2026-07-24T00:00:24.240
64,0.1,0.3,18,done,2026-07-24T00:00:26.387
64,0.1,0.4,18,done,2026-07-24T00:00:44.843
96,0.1,0.0,18,done,2026-07-24T00:00:47.785
96,0.1,0.1,18,done,2026-07-24T00:00:50.108
96,0.1,0.2,18,done,2026-07-24T00:00:52.787
96,0.1,0.3,18,done,2026-07-24T00:01:11.874
96,0.1,0.4,18,done,2026-07-24T00:01:47.065
128,0.1,0.0,18,done,2026-07-24T00:01:55.173
128,0.1,0.1,18,done,2026-07-24T00:01:59.258
128,0.1,0.2,18,done,2026-07-24T00:02:05.638
128,0.1,0.3,18,done,2026-07-24T00:02:23.477
128,0.1,0.4,18,done,2026-07-24T00:02:44.260
32,0.2,0.0,18,done,2026-07-24T00:02:44.277
32,0.2,0.1,18,done,2026-07-24T00:02:44.293
32,0.2,0.2,18,done,2026-07-24T00:02:44.311
32,0.2,0.3,18,done,2026-07-24T00:02:44.341
32,0.2,0.4,18,done,2026-07-24T00:02:44.416
48,0.2,0.0,18,done,2026-07-24T00:02:44.437
48,0.2,0.1,18,done,2026-07-24T00:02:44.457
48,0.2,0.2,18,done,2026-07-24T00:02:44.515
48,0.2,0.3,18,done,2026-07-24T00:02:44.584
48,0.2,0.4,18,done,2026-07-24T00:02:49.228
64,0.2,0.0,18,done,2026-07-24T00:02:49.300
64,0.2,0.1,18,done,2026-07-24T00:02:49.384
64,0.2,0.2,18,done,2026-07-24T00:02:49.460
64,0.2,0.3,18,done,2026-07-24T00:02:49.577
64,0.2,0.4,18,done,2026-07-24T00:02:53.210
96,0.2,0.0,18,done,2026-07-24T00:02:54.325
96,0.2,0.1,18,done,2026-07-24T00:02:54.720
96,0.2,0.2,18,done,2026-07-24T00:02:55.443
96,0.2,0.3,18,done,2026-07-24T00:02:56.293
96,0.2,0.4,18,done,2026-07-24T00:02:59.464
128,0.2,0.0,18,done,2026-07-24T00:03:01.507
128,0.2,0.1,18,done,2026-07-24T00:03:04.865
128,0.2,0.2,18,done,2026-07-24T00:03:05.802
128,0.2,0.3,18,done,2026-07-24T00:03:07.418
128,0.2,0.4,18,done,2026-07-24T00:03:14.980
32,0.3,0.0,18,done,2026-07-24T00:03:15.346
32,0.3,0.1,18,done,2026-07-24T00:03:15.353
32,0.3,0.2,18,done,2026-07-24T00:03:15.371
32,0.3,0.3,18,done,2026-07-24T00:03:15.384
32,0.3,0.4,18,done,2026-07-24T00:03:15.419
48,0.3,0.0,18,done,2026-07-24T00:03:15.442
48,0.3,0.1,18,done,2026-07-24T00:03:15.543
48,0.3,0.2,18,done,2026-07-24T00:03:15.572
48,0.3,0.3,18,done,2026-07-24T00:03:15.649
48,0.3,0.4,18,done,2026-07-24T00:03:15.782
64,0.3,0.0,18,done,2026-07-24T00:03:16.033
64,0.3,0.1,18,done,2026-07-24T00:03:16.267
64,0.3,0.2,18,done,2026-07-24T00:03:16.515
64,0.3,0.3,18,done,2026-07-24T00:03:16.656
64,0.3,0.4,18,done,2026-07-24T00:03:17.204
96,0.3,0.0,18,done,2026-07-24T00:03:17.406
96,0.3,0.1,18,done,2026-07-24T00:03:18.492
96,0.3,0.2,18,done,2026-07-24T00:03:18.926
96,0.3,0.3,18,done,2026-07-24T00:03:19.669
96,0.3,0.4,18,done,2026-07-24T00:03:20.237
128,0.3,0.0,18,done,2026-07-24T00:03:20.730
128,0.3,0.1,18,done,2026-07-24T00:03:21.281
128,0.3,0.2,18,done,2026-07-24T00:03:22.129
128,0.3,0.3,18,done,2026-07-24T00:03:23.237
128,0.3,0.4,18,done,2026-07-24T00:03:25.563
32,0.4,0.0,18,done,2026-07-24T00:03:25.759
32,0.4,0.1,18,done,2026-07-24T00:03:25.764
32,0.4,0.2,18,done,2026-07-24T00:03:25.770
32,0.4,0.3,18,done,2026-07-24T00:03:25.785
32,0.4,0.4,18,done,2026-07-24T00:03:25.829
48,0.4,0.0,18,done,2026-07-24T00:03:25.849
48,0.4,0.1,18,done,2026-07-24T00:03:25.876
48,0.4,0.2,18,done,2026-07-24T00:03:25.906
48,0.4,0.3,18,done,2026-07-24T00:03:25.957
48,0.4,0.4,18,done,2026-07-24T00:03:27.335
64,0.4,0.0,18,done,2026-07-24T00:03:27.413
64,0.4,0.1,18,done,2026-07-24T00:03:27.465
64,0.4,0.2,18,done,2026-07-24T00:03:27.520
64,0.4,0.3,18,done,2026-07-24T00:03:27.798
64,0.4,0.4,18,done,2026-07-24T00:03:29.682
96,0.4,0.0,18,done,2026-07-24T00:03:30.204
96,0.4,0.1,18,done,2026-07-24T00:03:31.076
96,0.4,0.2,18,done,2026-07-24T00:03:32.391
96,0.4,0.3,18,done,2026-07-24T00:03:33.310
96,0.4,0.4,18,done,2026-07-24T00:03:35.974
128,0.4,0.0,18,done,2026-07-24T00:03:37.672
128,0.4,0.1,18,done,2026-07-24T00:03:39.726
128,0.4,0.2,18,done,2026-07-24T00:03:40.615
128,0.4,0.3,18,done,2026-07-24T00:03:42.920
128,0.4,0.4,18,done,2026-07-24T00:03:43.984
32,0.5,0.0,18,done,2026-07-24T00:03:43.990
32,0.5,0.1,18,done,2026-07-24T00:03:43.998
32,0.5,0.2,18,done,2026-07-24T00:03:44.005
32,0.5,0.3,18,done,2026-07-24T00:03:44.028
32,0.5,0.4,18,done,2026-07-24T00:03:44.042
48,0.5,0.0,18,done,2026-07-24T00:03:44.060
48,0.5,0.1,18,done,2026-07-24T00:03:44.070
48,0.5,0.2,18,done,2026-07-24T00:03:44.092
48,0.5,0.3,18,done,2026-07-24T00:03:44.130
48,0.5,0.4,18,done,2026-07-24T00:03:44.172
64,0.5,0.0,18,done,2026-07-24T00:03:44.207
64,0.5,0.1,18,done,2026-07-24T00:03:44.236
64,0.5,0.2,18,done,2026-07-24T00:03:44.275
64,0.5,0.3,18,done,2026-07-24T00:03:44.324
64,0.5,0.4,18,done,2026-07-24T00:03:44.430
96,0.5,0.0,18,done,2026-07-24T00:03:44.559
96,0.5,0.1,18,done,2026-07-24T00:03:44.813
96,0.5,0.2,18,done,2026-07-24T00:03:45.137
96,0.5,0.3,18,done,2026-07-24T00:03:45.509
96,0.5,0.4,18,done,2026-07-24T00:03:46.362
128,0.5,0.0,18,done,2026-07-24T00:03:47.374
128,0.5,0.1,18,done,2026-07-24T00:03:48.679
128,0.5,0.2,18,done,2026-07-24T00:03:52.088
128,0.5,0.3,18,done,2026-07-24T00:03:53.504
128,0.5,0.4,18,done,2026-07-24T00:03:56.760
32,0.6,0.0,18,done,2026-07-23T23:44:53.888
32,0.6,0.1,18,done,2026-07-23T23:44:54.304
32,0.6,0.2,18,done,2026-07-23T23:44:54.689
32,0.6,0.3,18,done,2026-07-23T23:44:55.479
32,0.6,0.4,18,done,2026-07-23T23:44:56.097
48,0.6,0.0,18,done,2026-07-23T23:44:57.049
48,0.6,0.1,18,done,2026-07-23T23:44:57.185
48,0.6,0.2,18,done,2026-07-23T23:44:57.818
48,0.6,0.3,18,done,2026-07-23T23:44:59.005
48,0.6,0.4,18,done,2026-07-23T23:44:59.149
64,0.6,0.0,18,done,2026-07-23T23:45:00.967
64,0.6,0.1,18,done,2026-07-23T23:45:01.008
64,0.6,0.2,18,done,2026-07-23T23:45:03.016
64,0.6,0.3,18,done,2026-07-23T23:45:03.837
64,0.6,0.4,18,done,2026-07-23T23:45:05.332
96,0.6,0.0,18,done,2026-07-23T23:45:05.986
96,0.6,0.1,18,done,2026-07-23T23:45:06.966
96,0.6,0.2,18,done,2026-07-23T23:45:07.121
96,0.6,0.3,18,done,2026-07-23T23:45:07.370
96,0.6,0.4,18,done,2026-07-23T23:45:09.965
128,0.6,0.0,18,done,2026-07-23T23:45:15.116
128,0.6,0.1,18,done,2026-07-23T23:45:16.825
128,0.6,0.2,18,done,2026-07-23T23:45:18.494
128,0.6,0.3,18,done,2026-07-23T23:45:22.939
128,0.6,0.4,18,done,2026-07-23T23:45:28.405
32,0.7,0.0,18,done,2026-07-23T23:45:28.412
32,0.7,0.1,18,done,2026-07-23T23:45:29.413
32,0.7,0.2,18,done,2026-07-23T23:45:30.531
32,0.7,0.3,18,done,2026-07-23T23:45:32.709
32,0.7,0.4,18,done,2026-07-23T23:45:39.975
48,0.7,0.0,18,done,2026-07-23T23:45:40.024
48,0.7,0.1,18,done,2026-07-23T23:45:40.165
48,0.7,0.2,18,done,2026-07-23T23:45:40.199
48,0.7,0.3,18,done,2026-07-23T23:45:41.088
48,0.7,0.4,18,done,2026-07-23T23:45:46.060
64,0.7,0.0,18,done,2026-07-23T23:45:46.233
64,0.7,0.1,18,done,2026-07-23T23:45:46.367
64,0.7,0.2,18,done,2026-07-23T23:45:46.428
64,0.7,0.3,18,done,2026-07-23T23:45:46.520
64,0.7,0.4,18,done,2026-07-23T23:45:47.757
96,0.7,0.0,18,done,2026-07-23T23:45:48.864
96,0.7,0.1,18,done,2026-07-23T23:45:50.443
96,0.7,0.2,18,done,2026-07-23T23:45:50.619
96,0.7,0.3,18,done,2026-07-23T23:45:51.419
96,0.7,0.4,18,done,2026-07-23T23:45:52.507
128,0.7,0.0,18,done,2026-07-23T23:45:53.463
128,0.7,0.1,18,done,2026-07-23T23:45:54.764
128,0.7,0.2,18,done,2026-07-23T23:45:55.732
128,0.7,0.3,18,done,2026-07-23T23:45:59.682
128,0.7,0.4,18,done,2026-07-23T23:46:01.328
32,0.8,0.0,18,done,2026-07-23T23:46:03.897
32,0.8,0.1,18,done,2026-07-23T23:46:03.902
32,0.8,0.2,18,done,2026-07-23T23:46:03.911
32,0.8,0.3,18,done,2026-07-23T23:46:03.923
32,0.8,0.4,18,done,2026-07-23T23:46:11.524
48,0.8,0.0,18,done,2026-07-23T23:46:11.531
48,0.8,0.1,18,done,2026-07-23T23:46:11.542
48,0.8,0.2,18,done,2026-07-23T23:46:11.555
48,0.8,0.3,18,done,2026-07-23T23:46:11.577
48,0.8,0.4,18,done,2026-07-23T23:46:11.631
64,0.8,0.0,18,done,2026-07-23T23:46:11.704
64,0.8,0.1,18,done,2026-07-23T23:46:12.028
64,0.8,0.2,18,done,2026-07-23T23:46:12.074
64,0.8,0.3,18,done,2026-07-23T23:46:12.151
64,0.8,0.4,18,done,2026-07-23T23:46:12.233
96,0.8,0.0,18,done,2026-07-23T23:46:12.514
96,0.8,0.1,18,done,2026-07-23T23:46:12.718
96,0.8,0.2,18,done,2026-07-23T23:46:12.950
96,0.8,0.3,18,done,2026-07-23T23:46:13.448
96,0.8,0.4,18,done,2026-07-23T23:46:13.767
128,0.8,0.0,18,done,2026-07-23T23:46:14.747
128,0.8,0.1,18,done,2026-07-23T23:46:15.822
128,0.8,0.2,18,done,2026-07-23T23:46:16.405
128,0.8,0.3,18,done,2026-07-23T23:46:18.026
128,0.8,0.4,18,done,2026-07-23T23:46:18.581
32,0.9,0.0,18,done,2026-07-23T23:46:22.209
32,0.9,0.1,18,done,2026-07-23T23:46:22.214
32,0.9,0.2,18,done,2026-07-23T23:46:22.221
32,0.9,0.3,18,done,2026-07-23T23:46:22.233
32,0.9,0.4,18,done,2026-07-23T23:46:23.659
48,0.9,0.0,18,done,2026-07-23T23:46:23.689
48,0.9,0.1,18,done,2026-07-23T23:46:23.723
48,0.9,0.2,18,done,2026-07-23T23:46:23.758
48,0.9,0.3,18,done,2026-07-23T23:46:23.829
48,0.9,0.4,18,done,2026-07-23T23:46:23.956
64,0.9,0.0,18,done,2026-07-23T23:46:24.060
64,0.9,0.1,18,done,2026-07-23T23:46:24.162
64,0.9,0.2,18,done,2026-07-23T23:46:24.498
64,0.9,0.3,18,done,2026-07-23T23:46:24.788
64,0.9,0.4,18,done,2026-07-23T23:46:26.508
96,0.9,0.0,18,done,2026-07-23T23:46:28.168
96,0.9,0.1,18,done,2026-07-23T23:46:29.094
96,0.9,0.2,18,done,2026-07-23T23:46:30.980
96,0.9,0.3,18,done,2026-07-23T23:46:31.603
96,0.9,0.4,18,done,2026-07-23T23:46:35.743
128,0.9,0.0,18,done,2026-07-23T23:46:38.202
128,0.9,0.1,18,done,2026-07-23T23:46:39.192
128,0.9,0.2,18,done,2026-07-23T23:46:39.998
128,0.9,0.3,18,done,2026-07-23T23:46:40.481
128,0.9,0.4,18,done,2026-07-23T23:46:42.097
32,1.0,0.0,18,done,2026-07-23T23:46:42.104
32,1.0,0.1,18,done,2026-07-23T23:46:42.111
32,1.0,0.2,18,done,2026-07-23T23:46:42.121
32,1.0,0.3,18,done,2026-07-23T23:46:42.135
32,1.0,0.4,18,done,2026-07-23T23:46:42.154
48,1.0,0.0,18,done,2026-07-23T23:46:42.233
48,1.0,0.1,18,done,2026-07-23T23:46:42.328
48,1.0,0.2,18,done,2026-07-23T23:46:42.402
48,1.0,0.3,18,done,2026-07-23T23:46:42.446
48,1.0,0.4,18,done,2026-07-23T23:46:44.942
64,1.0,0.0,18,done,2026-07-23T23:46:45.036
64,1.0,0.1,18,done,2026-07-23T23:46:45.255
64,1.0,0.2,18,done,2026-07-23T23:46:45.450
64,1.0,0.3,18,done,2026-07-23T23:46:46.039
64,1.0,0.4,18,done,2026-07-23T23:46:46.157
96,1.0,0.0,18,done,2026-07-23T23:46:47.219
96,1.0,0.1,18,done,2026-07-23T23:46:48.056
96,1.0,0.2,18,done,2026-07-23T23:46:49.631
96,1.0,0.3,18,done,2026-07-23T23:46:50.321
96,1.0,0.4,18,done,2026-07-23T23:46:51.649
128,1.0,0.0,18,done,2026-07-23T23:46:52.710
128,1.0,0.1,18,done,2026-07-23T23:46:54.069
128,1.0,0.2,18,done,2026-07-23T23:46:55.018
128,1.0,0.3,18,done,2026-07-23T23:46:56.960
128,1.0,0.4,18,done,2026-07-23T23:47:04.526
32,0.1,0.0,19,done,2026-07-23T23:47:12.541
32,0.1,0.1,19,done,2026-07-23T23:47:19.653
32,0.1,0.2,19,done,2026-07-23T23:47:22.571
32,0.1,0.3,19,done,2026-07-23T23:47:25.216
32,0.1,0.4,19,done,2026-07-23T23:47:32.014
48,0.1,0.0,19,done,2026-07-23T23:47:35.502
48,0.1,0.1,19,done,2026-07-23T23:47:42.016
48,0.1,0.2,19,done,2026-07-23T23:47:46.796
48,0.1,0.3,19,done,2026-07-23T23:47:49.976
48,0.1,0.4,19,done,2026-07-23T23:47:57.480
64,0.1,0.0,19,done,2026-07-23T23:47:57.728
64,0.1,0.1,19,done,2026-07-23T23:47:57.917
64,0.1,0.2,19,done,2026-07-23T23:48:05.930
64,0.1,0.3,19,done,2026-07-23T23:48:06.247
64,0.1,0.4,19,done,2026-07-23T23:48:14.959
96,0.1,0.0,19,done,2026-07-23T23:48:16.523
96,0.1,0.1,19,done,2026-07-23T23:48:16.991
96,0.1,0.2,19,done,2026-07-23T23:48:21.415
96,0.1,0.3,19,done,2026-07-23T23:48:31.428
96,0.1,0.4,19,done,2026-07-23T23:48:48.062
128,0.1,0.0,19,done,2026-07-23T23:48:58.363
128,0.1,0.1,19,done,2026-07-23T23:49:02.448
128,0.1,0.2,19,done,2026-07-23T23:49:10.958
128,0.1,0.3,19,done,2026-07-23T23:49:17.480
128,0.1,0.4,19,done,2026-07-23T23:49:38.599
32,0.2,0.0,19,done,2026-07-23T23:49:38.612
32,0.2,0.1,19,done,2026-07-23T23:49:38.628
32,0.2,0.2,19,done,2026-07-23T23:49:38.650
32,0.2,0.3,19,done,2026-07-23T23:49:38.693
32,0.2,0.4,19,done,2026-07-23T23:49:47.527
48,0.2,0.0,19,done,2026-07-23T23:49:47.683
48,0.2,0.1,19,done,2026-07-23T23:49:47.856
48,0.2,0.2,19,done,2026-07-23T23:49:48.378
48,0.2,0.3,19,done,2026-07-23T23:49:48.781
48,0.2,0.4,19,done,2026-07-23T23:49:49.616
64,0.2,0.0,19,done,2026-07-23T23:49:50.112
64,0.2,0.1,19,done,2026-07-23T23:49:50.947
64,0.2,0.2,19,done,2026-07-23T23:49:51.649
64,0.2,0.3,19,done,2026-07-23T23:49:53.126
64,0.2,0.4,19,done,2026-07-23T23:50:03.592
96,0.2,0.0,19,done,2026-07-23T23:50:06.669
96,0.2,0.1,19,done,2026-07-23T23:50:10.262
96,0.2,0.2,19,done,2026-07-23T23:50:12.987
96,0.2,0.3,19,done,2026-07-23T23:50:18.625
96,0.2,0.4,19,done,2026-07-23T23:50:33.148
128,0.2,0.0,19,done,2026-07-23T23:50:35.565
128,0.2,0.1,19,done,2026-07-23T23:50:39.301
128,0.2,0.2,19,done,2026-07-23T23:50:43.829
128,0.2,0.3,19,done,2026-07-23T23:50:51.131
128,0.2,0.4,19,done,2026-07-23T23:51:06.801
32,0.3,0.0,19,done,2026-07-23T23:51:06.812
32,0.3,0.1,19,done,2026-07-23T23:51:06.931
32,0.3,0.2,19,done,2026-07-23T23:51:06.954
32,0.3,0.3,19,done,2026-07-23T23:51:06.999
32,0.3,0.4,19,done,2026-07-23T23:51:07.117
48,0.3,0.0,19,done,2026-07-23T23:51:07.247
48,0.3,0.1,19,done,2026-07-23T23:51:07.368
48,0.3,0.2,19,done,2026-07-23T23:51:07.898
48,0.3,0.3,19,done,2026-07-23T23:51:08.022
48,0.3,0.4,19,done,2026-07-23T23:51:12.708
64,0.3,0.0,19,done,2026-07-23T23:51:13.188
64,0.3,0.1,19,done,2026-07-23T23:51:13.904
64,0.3,0.2,19,done,2026-07-23T23:51:15.531
64,0.3,0.3,19,done,2026-07-23T23:51:16.386
64,0.3,0.4,19,done,2026-07-23T23:51:17.487
96,0.3,0.0,19,done,2026-07-23T23:51:20.013
96,0.3,0.1,19,done,2026-07-23T23:51:22.482
96,0.3,0.2,19,done,2026-07-23T23:51:24.361
96,0.3,0.3,19,done,2026-07-23T23:51:26.991
96,0.3,0.4,19,done,2026-07-23T23:51:38.188
128,0.3,0.0,19,done,2026-07-23T23:51:41.143
128,0.3,0.1,19,done,2026-07-23T23:51:43.093
128,0.3,0.2,19,done,2026-07-23T23:51:45.605
128,0.3,0.3,19,done,2026-07-23T23:51:47.984
128,0.3,0.4,19,done,2026-07-23T23:51:52.249
32,0.4,0.0,19,done,2026-07-23T23:51:52.258
32,0.4,0.1,19,done,2026-07-23T23:51:52.270
32,0.4,0.2,19,done,2026-07-23T23:51:52.285
32,0.4,0.3,19,done,2026-07-23T23:51:52.338
32,0.4,0.4,19,done,2026-07-23T23:51:57.726
48,0.4,0.0,19,done,2026-07-23T23:51:57.850
48,0.4,0.1,19,done,2026-07-23T23:51:58.034
48,0.4,0.2,19,done,2026-07-23T23:51:58.112
48,0.4,0.3,19,done,2026-07-23T23:51:58.239
48,0.4,0.4,19,done,2026-07-23T23:52:04.736
64,0.4,0.0,19,done,2026-07-23T23:52:05.392
64,0.4,0.1,19,done,2026-07-23T23:52:05.796
64,0.4,0.2,19,done,2026-07-23T23:52:06.205
64,0.4,0.3,19,done,2026-07-23T23:52:06.490
64,0.4,0.4,19,done,2026-07-23T23:52:08.429
96,0.4,0.0,19,done,2026-07-23T23:52:09.637
96,0.4,0.1,19,done,2026-07-23T23:52:12.410
96,0.4,0.2,19,done,2026-07-23T23:52:15.006
96,0.4,0.3,19,done,2026-07-23T23:52:16.437
96,0.4,0.4,19,done,2026-07-23T23:52:19.751
128,0.4,0.0,19,done,2026-07-23T23:52:22.644
128,0.4,0.1,19,done,2026-07-23T23:52:26.112
128,0.4,0.2,19,done,2026-07-23T23:52:28.687
128,0.4,0.3,19,done,2026-07-23T23:52:31.994
128,0.4,0.4,19,done,2026-07-23T23:52:43.631
32,0.5,0.0,19,done,2026-07-23T23:52:43.647
32,0.5,0.1,19,done,2026-07-23T23:52:43.664
32,0.5,0.2,19,done,2026-07-23T23:52:43.681
32,0.5,0.3,19,done,2026-07-23T23:52:43.707
32,0.5,0.4,19,done,2026-07-23T23:52:43.736
48,0.5,0.0,19,done,2026-07-23T23:52:43.910
48,0.5,0.1,19,done,2026-07-23T23:52:44.039
48,0.5,0.2,19,done,2026-07-23T23:52:44.854
48,0.5,0.3,19,done,2026-07-23T23:52:44.914
48,0.5,0.4,19,done,2026-07-23T23:52:45.109
64,0.5,0.0,19,done,2026-07-23T23:52:45.362
64,0.5,0.1,19,done,2026-07-23T23:52:45.651
64,0.5,0.2,19,done,2026-07-23T23:52:46.027
64,0.5,0.3,19,done,2026-07-23T23:52:46.204
64,0.5,0.4,19,done,2026-07-23T23:52:46.653
96,0.5,0.0,19,done,2026-07-23T23:52:47.576
96,0.5,0.1,19,done,2026-07-23T23:52:48.240
96,0.5,0.2,19,done,2026-07-23T23:52:49.151
96,0.5,0.3,19,done,2026-07-23T23:52:50.364
96,0.5,0.4,19,done,2026-07-23T23:52:52.756
128,0.5,0.0,19,done,2026-07-23T23:52:55.018
128,0.5,0.1,19,done,2026-07-23T23:52:57.204
128,0.5,0.2,19,done,2026-07-23T23:53:00.315
128,0.5,0.3,19,done,2026-07-23T23:53:03.064
128,0.5,0.4,19,done,2026-07-23T23:53:06.075
32,0.6,0.0,19,done,2026-07-23T23:53:06.191
32,0.6,0.1,19,done,2026-07-23T23:53:06.199
32,0.6,0.2,19,done,2026-07-23T23:53:06.212
32,0.6,0.3,19,done,2026-07-23T23:53:06.226
32,0.6,0.4,19,done,2026-07-23T23:53:06.288
48,0.6,0.0,19,done,2026-07-23T23:53:06.312
48,0.6,0.1,19,done,2026-07-23T23:53:06.378
48,0.6,0.2,19,done,2026-07-23T23:53:06.465
48,0.6,0.3,19,done,2026-07-23T23:53:06.549
48,0.6,0.4,19,done,2026-07-23T23:53:07.257
64,0.6,0.0,19,done,2026-07-23T23:53:07.516
64,0.6,0.1,19,done,2026-07-23T23:53:07.812
64,0.6,0.2,19,done,2026-07-23T23:53:09.079
64,0.6,0.3,19,done,2026-07-23T23:53:09.214
64,0.6,0.4,19,done,2026-07-23T23:53:09.586
96,0.6,0.0,19,done,2026-07-23T23:53:10.563
96,0.6,0.1,19,done,2026-07-23T23:53:11.556
96,0.6,0.2,19,done,2026-07-23T23:53:12.433
96,0.6,0.3,19,done,2026-07-23T23:53:13.814
96,0.6,0.4,19,done,2026-07-23T23:53:15.737
128,0.6,0.0,19,done,2026-07-23T23:53:18.689
128,0.6,0.1,19,done,2026-07-23T23:53:21.160
128,0.6,0.2,19,done,2026-07-23T23:53:25.364
128,0.6,0.3,19,done,2026-07-23T23:53:29.213
128,0.6,0.4,19,done,2026-07-23T23:53:32.267
32,0.7,0.0,19,done,2026-07-23T23:53:32.733
32,0.7,0.1,19,done,2026-07-23T23:53:32.742
32,0.7,0.2,19,done,2026-07-23T23:53:32.758
32,0.7,0.3,19,done,2026-07-23T23:53:32.776
32,0.7,0.4,19,done,2026-07-23T23:53:32.795
48,0.7,0.0,19,done,2026-07-23T23:53:32.865
48,0.7,0.1,19,done,2026-07-23T23:53:32.911
48,0.7,0.2,19,done,2026-07-23T23:53:32.998
48,0.7,0.3,19,done,2026-07-23T23:53:33.707
48,0.7,0.4,19,done,2026-07-23T23:53:33.799
64,0.7,0.0,19,done,2026-07-23T23:53:34.137
64,0.7,0.1,19,done,2026-07-23T23:53:34.280
64,0.7,0.2,19,done,2026-07-23T23:53:34.526
64,0.7,0.3,19,done,2026-07-23T23:53:34.615
64,0.7,0.4,19,done,2026-07-23T23:53:35.104
96,0.7,0.0,19,done,2026-07-23T23:53:35.743
96,0.7,0.1,19,done,2026-07-23T23:53:36.927
96,0.7,0.2,19,done,2026-07-23T23:53:38.507
96,0.7,0.3,19,done,2026-07-23T23:53:39.694
96,0.7,0.4,19,done,2026-07-23T23:53:41.388
128,0.7,0.0,19,done,2026-07-23T23:53:44.931
128,0.7,0.1,19,done,2026-07-23T23:53:48.368
128,0.7,0.2,19,done,2026-07-23T23:53:53.157
128,0.7,0.3,19,done,2026-07-23T23:53:55.287
128,0.7,0.4,19,done,2026-07-23T23:53:57.883
32,0.8,0.0,19,done,2026-07-23T23:53:57.891
32,0.8,0.1,19,done,2026-07-23T23:53:57.899
32,0.8,0.2,19,done,2026-07-23T23:53:57.949
32,0.8,0.3,19,done,2026-07-23T23:53:57.961
32,0.8,0.4,19,done,2026-07-23T23:53:57.981
48,0.8,0.0,19,done,2026-07-23T23:53:58.456
48,0.8,0.1,19,done,2026-07-23T23:53:58.470
48,0.8,0.2,19,done,2026-07-23T23:53:58.519
48,0.8,0.3,19,done,2026-07-23T23:53:58.543
48,0.8,0.4,19,done,2026-07-23T23:53:58.620
64,0.8,0.0,19,done,2026-07-23T23:53:58.719
64,0.8,0.1,19,done,2026-07-23T23:53:58.822
64,0.8,0.2,19,done,2026-07-23T23:53:59.221
64,0.8,0.3,19,done,2026-07-23T23:53:59.395
64,0.8,0.4,19,done,2026-07-23T23:53:59.584
96,0.8,0.0,19,done,2026-07-23T23:54:00.473
96,0.8,0.1,19,done,2026-07-23T23:54:01.559
96,0.8,0.2,19,done,2026-07-23T23:54:01.992
96,0.8,0.3,19,done,2026-07-23T23:54:02.587
96,0.8,0.4,19,done,2026-07-23T23:54:04.138
128,0.8,0.0,19,done,2026-07-23T23:54:08.014
128,0.8,0.1,19,done,2026-07-23T23:54:12.049
128,0.8,0.2,19,done,2026-07-23T23:54:15.353
128,0.8,0.3,19,done,2026-07-23T23:54:17.820
128,0.8,0.4,19,done,2026-07-23T23:54:20.538
32,0.9,0.0,19,done,2026-07-23T23:54:20.544
32,0.9,0.1,19,done,2026-07-23T23:54:20.551
32,0.9,0.2,19,done,2026-07-23T23:54:20.557
32,0.9,0.3,19,done,2026-07-23T23:54:20.587
32,0.9,0.4,19,done,2026-07-23T23:54:20.598
48,0.9,0.0,19,done,2026-07-23T23:54:21.164
48,0.9,0.1,19,done,2026-07-23T23:54:21.193
48,0.9,0.2,19,done,2026-07-23T23:54:21.231
48,0.9,0.3,19,done,2026-07-23T23:54:21.269
48,0.9,0.4,19,done,2026-07-23T23:54:21.316
64,0.9,0.0,19,done,2026-07-23T23:54:21.534
64,0.9,0.1,19,done,2026-07-23T23:54:21.742
64,0.9,0.2,19,done,2026-07-23T23:54:22.563
64,0.9,0.3,19,done,2026-07-23T23:54:22.727
64,0.9,0.4,19,done,2026-07-23T23:54:23.212
96,0.9,0.0,19,done,2026-07-23T23:54:23.876
96,0.9,0.1,19,done,2026-07-23T23:54:24.583
96,0.9,0.2,19,done,2026-07-23T23:54:25.543
96,0.9,0.3,19,done,2026-07-23T23:54:26.590
96,0.9,0.4,19,done,2026-07-23T23:54:27.782
128,0.9,0.0,19,done,2026-07-23T23:54:29.765
128,0.9,0.1,19,done,2026-07-23T23:54:33.406
128,0.9,0.2,19,done,2026-07-23T23:54:36.355
128,0.9,0.3,19,done,2026-07-23T23:54:40.379
128,0.9,0.4,19,done,2026-07-23T23:54:43.274
32,1.0,0.0,19,done,2026-07-23T23:54:43.282
32,1.0,0.1,19,done,2026-07-23T23:54:43.291
32,1.0,0.2,19,done,2026-07-23T23:54:43.715
32,1.0,0.3,19,done,2026-07-23T23:54:43.721
32,1.0,0.4,19,done,2026-07-23T23:54:43.732
48,1.0,0.0,19,done,2026-07-23T23:54:43.743
48,1.0,0.1,19,done,2026-07-23T23:54:43.755
48,1.0,0.2,19,done,2026-07-23T23:54:43.774
48,1.0,0.3,19,done,2026-07-23T23:54:43.821
48,1.0,0.4,19,done,2026-07-23T23:54:43.865
64,1.0,0.0,19,done,2026-07-23T23:54:43.975
64,1.0,0.1,19,done,2026-07-23T23:54:44.177
64,1.0,0.2,19,done,2026-07-23T23:54:44.913
64,1.0,0.3,19,done,2026-07-23T23:54:45.275
64,1.0,0.4,19,done,2026-07-23T23:54:45.582
96,1.0,0.0,19,done,2026-07-23T23:54:47.087
96,1.0,0.1,19,done,2026-07-23T23:54:47.445
96,1.0,0.2,19,done,2026-07-23T23:54:48.497
96,1.0,0.3,19,done,2026-07-23T23:54:49.268
96,1.0,0.4,19,done,2026-07-23T23:54:50.060
128,1.0,0.0,19,done,2026-07-23T23:54:50.956
128,1.0,0.1,19,done,2026-07-23T23:54:51.754
128,1.0,0.2,19,done,2026-07-23T23:54:52.681
128,1.0,0.3,19,done,2026-07-23T23:54:53.581
128,1.0,0.4,19,done,2026-07-23T23:54:54.618
32,0.1,0.0,20,done,2026-07-23T23:54:54.640
32,0.1,0.1,20,done,2026-07-23T23:54:54.660
32,0.1,0.2,20,done,2026-07-23T23:54:54.746
32,0.1,0.3,20,done,2026-07-23T23:54:54.775
32,0.1,0.4,20,done,2026-07-23T23:55:04.256
48,0.1,0.0,20,done,2026-07-23T23:55:04.371
48,0.1,0.1,20,done,2026-07-23T23:55:04.495
48,0.1,0.2,20,done,2026-07-23T23:55:04.915
48,0.1,0.3,20,done,2026-07-23T23:55:05.123
48,0.1,0.4,20,done,2026-07-23T23:55:20.498
64,0.1,0.0,20,done,2026-07-23T23:55:20.672
64,0.1,0.1,20,done,2026-07-23T23:55:21.102
64,0.1,0.2,20,done,2026-07-23T23:55:21.422
64,0.1,0.3,20,done,2026-07-23T23:55:22.006
64,0.1,0.4,20,done,2026-07-23T23:55:34.505
96,0.1,0.0,20,done,2026-07-23T23:55:35.117
96,0.1,0.1,20,done,2026-07-23T23:55:36.315
96,0.1,0.2,20,done,2026-07-23T23:55:37.646
96,0.1,0.3,20,done,2026-07-23T23:55:47.131
96,0.1,0.4,20,done,2026-07-23T23:55:50.913
128,0.1,0.0,20,done,2026-07-23T23:55:55.346
128,0.1,0.1,20,done,2026-07-23T23:55:58.040
128,0.1,0.2,20,done,2026-07-23T23:56:03.220
128,0.1,0.3,20,done,2026-07-23T23:56:09.241
128,0.1,0.4,20,done,2026-07-23T23:56:30.677
32,0.2,0.0,20,done,2026-07-23T23:56:30.691
32,0.2,0.1,20,done,2026-07-23T23:56:30.885
32,0.2,0.2,20,done,2026-07-23T23:56:30.902
32,0.2,0.3,20,done,2026-07-23T23:56:30.933
32,0.2,0.4,20,done,2026-07-23T23:56:30.991
48,0.2,0.0,20,done,2026-07-23T23:56:31.184
48,0.2,0.1,20,done,2026-07-23T23:56:31.393
48,0.2,0.2,20,done,2026-07-23T23:56:32.041
48,0.2,0.3,20,done,2026-07-23T23:56:32.676
48,0.2,0.4,20,done,2026-07-23T23:56:42.707
64,0.2,0.0,20,done,2026-07-23T23:56:42.823
64,0.2,0.1,20,done,2026-07-23T23:56:43.407
64,0.2,0.2,20,done,2026-07-23T23:56:43.932
64,0.2,0.3,20,done,2026-07-23T23:56:45.408
64,0.2,0.4,20,done,2026-07-23T23:56:47.123
96,0.2,0.0,20,done,2026-07-23T23:56:48.331
96,0.2,0.1,20,done,2026-07-23T23:56:50.409
96,0.2,0.2,20,done,2026-07-23T23:56:53.733
96,0.2,0.3,20,done,2026-07-23T23:57:00.703
96,0.2,0.4,20,done,2026-07-23T23:57:05.424
128,0.2,0.0,20,done,2026-07-23T23:57:09.960
128,0.2,0.1,20,done,2026-07-23T23:57:16.678
128,0.2,0.2,20,done,2026-07-23T23:57:20.726
128,0.2,0.3,20,done,2026-07-23T23:57:25.969
128,0.2,0.4,20,done,2026-07-23T23:57:35.033
32,0.3,0.0,20,done,2026-07-23T23:57:35.044
32,0.3,0.1,20,done,2026-07-23T23:57:35.066
32,0.3,0.2,20,done,2026-07-23T23:57:35.076
32,0.3,0.3,20,done,2026-07-23T23:57:35.102
32,0.3,0.4,20,done,2026-07-23T23:57:35.142
48,0.3,0.0,20,done,2026-07-23T23:57:35.624
48,0.3,0.1,20,done,2026-07-23T23:57:36.130
48,0.3,0.2,20,done,2026-07-23T23:57:36.923
48,0.3,0.3,20,done,2026-07-23T23:57:37.218
48,0.3,0.4,20,done,2026-07-23T23:57:38.715
64,0.3,0.0,20,done,2026-07-23T23:57:39.191
64,0.3,0.1,20,done,2026-07-23T23:57:39.502
64,0.3,0.2,20,done,2026-07-23T23:57:40.328
64,0.3,0.3,20,done,2026-07-23T23:57:40.647
64,0.3,0.4,20,done,2026-07-23T23:57:41.402
96,0.3,0.0,20,done,2026-07-23T23:57:44.285
96,0.3,0.1,20,done,2026-07-23T23:57:47.508
96,0.3,0.2,20,done,2026-07-23T23:57:51.159
96,0.3,0.3,20,done,2026-07-23T23:57:54.505
96,0.3,0.4,20,done,2026-07-23T23:58:04.956
128,0.3,0.0,20,done,2026-07-23T23:58:07.843
128,0.3,0.1,20,done,2026-07-23T23:58:11.200
128,0.3,0.2,20,done,2026-07-23T23:58:15.399
128,0.3,0.3,20,done,2026-07-23T23:58:21.931
128,0.3,0.4,20,done,2026-07-23T23:58:27.387
32,0.4,0.0,20,done,2026-07-23T23:58:27.394
32,0.4,0.1,20,done,2026-07-23T23:58:27.405
32,0.4,0.2,20,done,2026-07-23T23:58:27.415
32,0.4,0.3,20,done,2026-07-23T23:58:27.520
32,0.4,0.4,20,done,2026-07-23T23:58:27.553
48,0.4,0.0,20,done,2026-07-23T23:58:27.763
48,0.4,0.1,20,done,2026-07-23T23:58:28.049
48,0.4,0.2,20,done,2026-07-23T23:58:28.256
48,0.4,0.3,20,done,2026-07-23T23:58:29.160
48,0.4,0.4,20,done,2026-07-23T23:58:29.348
64,0.4,0.0,20,done,2026-07-23T23:58:29.846
64,0.4,0.1,20,done,2026-07-23T23:58:30.034
64,0.4,0.2,20,done,2026-07-23T23:58:30.402
64,0.4,0.3,20,done,2026-07-23T23:58:30.722
64,0.4,0.4,20,done,2026-07-23T23:58:32.263
96,0.4,0.0,20,done,2026-07-23T23:58:33.486
96,0.4,0.1,20,done,2026-07-23T23:58:36.436
96,0.4,0.2,20,done,2026-07-23T23:58:39.851
96,0.4,0.3,20,done,2026-07-23T23:58:42.956
96,0.4,0.4,20,done,2026-07-23T23:58:46.754
128,0.4,0.0,20,done,2026-07-23T23:58:49.802
128,0.4,0.1,20,done,2026-07-23T23:58:54.698
128,0.4,0.2,20,done,2026-07-23T23:58:59.438
128,0.4,0.3,20,done,2026-07-23T23:59:05.485
128,0.4,0.4,20,done,2026-07-23T23:59:12.326
32,0.5,0.0,20,done,2026-07-23T23:59:12.332
32,0.5,0.1,20,done,2026-07-23T23:59:12.341
32,0.5,0.2,20,done,2026-07-23T23:59:12.393
32,0.5,0.3,20,done,2026-07-23T23:59:12.407
32,0.5,0.4,20,done,2026-07-23T23:59:12.452
48,0.5,0.0,20,done,2026-07-23T23:59:12.992
48,0.5,0.1,20,done,2026-07-23T23:59:13.157
48,0.5,0.2,20,done,2026-07-23T23:59:13.383
48,0.5,0.3,20,done,2026-07-23T23:59:13.501
48,0.5,0.4,20,done,2026-07-23T23:59:13.657
64,0.5,0.0,20,done,2026-07-23T23:59:14.591
64,0.5,0.1,20,done,2026-07-23T23:59:15.602
64,0.5,0.2,20,done,2026-07-23T23:59:16.158
64,0.5,0.3,20,done,2026-07-23T23:59:16.801
64,0.5,0.4,20,done,2026-07-23T23:59:18.878
96,0.5,0.0,20,done,2026-07-23T23:59:22.347
96,0.5,0.1,20,done,2026-07-23T23:59:23.302
96,0.5,0.2,20,done,2026-07-23T23:59:26.147
96,0.5,0.3,20,done,2026-07-23T23:59:28.420
96,0.5,0.4,20,done,2026-07-23T23:59:32.332
128,0.5,0.0,20,done,2026-07-23T23:59:35.955
128,0.5,0.1,20,done,2026-07-23T23:59:42.694
128,0.5,0.2,20,done,2026-07-23T23:59:46.749
128,0.5,0.3,20,done,2026-07-23T23:59:50.240
128,0.5,0.4,20,done,2026-07-23T23:59:54.827
32,0.6,0.0,20,done,2026-07-23T23:59:54.833
32,0.6,0.1,20,done,2026-07-23T23:59:54.839
32,0.6,0.2,20,done,2026-07-23T23:59:54.852
32,0.6,0.3,20,done,2026-07-23T23:59:54.873
32,0.6,0.4,20,done,2026-07-23T23:59:54.889
48,0.6,0.0,20,done,2026-07-23T23:59:55.583
48,0.6,0.1,20,done,2026-07-23T23:59:55.677
48,0.6,0.2,20,done,2026-07-23T23:59:56.113
48,0.6,0.3,20,done,2026-07-23T23:59:56.427
48,0.6,0.4,20,done,2026-07-23T23:59:57.056
64,0.6,0.0,20,done,2026-07-23T23:59:57.631
64,0.6,0.1,20,done,2026-07-23T23:59:58.618
64,0.6,0.2,20,done,2026-07-23T23:59:59.600
64,0.6,0.3,20,done,2026-07-24T00:00:00.771
64,0.6,0.4,20,done,2026-07-24T00:00:01.742
96,0.6,0.0,20,done,2026-07-24T00:00:04.737
96,0.6,0.1,20,done,2026-07-24T00:00:07.001
96,0.6,0.2,20,done,2026-07-24T00:00:08.615
96,0.6,0.3,20,done,2026-07-24T00:00:10.366
96,0.6,0.4,20,done,2026-07-24T00:00:13.171
128,0.6,0.0,20,done,2026-07-24T00:00:16.887
128,0.6,0.1,20,done,2026-07-24T00:00:20.631
128,0.6,0.2,20,done,2026-07-24T00:00:22.414
128,0.6,0.3,20,done,2026-07-24T00:00:24.810
128,0.6,0.4,20,done,2026-07-24T00:00:28.116
32,0.7,0.0,20,done,2026-07-24T00:00:28.128
32,0.7,0.1,20,done,2026-07-24T00:00:28.144
32,0.7,0.2,20,done,2026-07-24T00:00:28.163
32,0.7,0.3,20,done,2026-07-24T00:00:28.182
32,0.7,0.4,20,done,2026-07-24T00:00:28.209
48,0.7,0.0,20,done,2026-07-24T00:00:28.362
48,0.7,0.1,20,done,2026-07-24T00:00:29.688
48,0.7,0.2,20,done,2026-07-24T00:00:29.965
48,0.7,0.3,20,done,2026-07-24T00:00:30.027
48,0.7,0.4,20,done,2026-07-24T00:00:30.245
64,0.7,0.0,20,done,2026-07-24T00:00:30.682
64,0.7,0.1,20,done,2026-07-24T00:00:31.127
64,0.7,0.2,20,done,2026-07-24T00:00:32.074
64,0.7,0.3,20,done,2026-07-24T00:00:33.461
64,0.7,0.4,20,done,2026-07-24T00:00:33.890
96,0.7,0.0,20,done,2026-07-24T00:00:34.840
96,0.7,0.1,20,done,2026-07-24T00:00:36.565
96,0.7,0.2,20,done,2026-07-24T00:00:37.660
96,0.7,0.3,20,done,2026-07-24T00:00:39.095
96,0.7,0.4,20,done,2026-07-24T00:00:40.804
128,0.7,0.0,20,done,2026-07-24T00:00:42.434
128,0.7,0.1,20,done,2026-07-24T00:00:45.663
128,0.7,0.2,20,done,2026-07-24T00:00:48.734
128,0.7,0.3,20,done,2026-07-24T00:00:52.437
128,0.7,0.4,20,done,2026-07-24T00:00:57.680
32,0.8,0.0,20,done,2026-07-24T00:00:57.689
32,0.8,0.1,20,done,2026-07-24T00:00:57.720
32,0.8,0.2,20,done,2026-07-24T00:00:57.729
32,0.8,0.3,20,done,2026-07-24T00:00:57.745
32,0.8,0.4,20,done,2026-07-24T00:00:57.761
48,0.8,0.0,20,done,2026-07-24T00:00:57.865
48,0.8,0.1,20,done,2026-07-24T00:00:57.904
48,0.8,0.2,20,done,2026-07-24T00:00:57.978
48,0.8,0.3,20,done,2026-07-24T00:00:58.675
48,0.8,0.4,20,done,2026-07-24T00:00:58.776
64,0.8,0.0,20,done,2026-07-24T00:00:59.221
64,0.8,0.1,20,done,2026-07-24T00:00:59.590
64,0.8,0.2,20,done,2026-07-24T00:01:00.512
64,0.8,0.3,20,done,2026-07-24T00:01:01.057
64,0.8,0.4,20,done,2026-07-24T00:01:03.160
96,0.8,0.0,20,done,2026-07-24T00:01:06.144
96,0.8,0.1,20,done,2026-07-24T00:01:07.775
96,0.8,0.2,20,done,2026-07-24T00:01:09.167
96,0.8,0.3,20,done,2026-07-24T00:01:10.113
96,0.8,0.4,20,done,2026-07-24T00:01:13.049
128,0.8,0.0,20,done,2026-07-24T00:01:15.878
128,0.8,0.1,20,done,2026-07-24T00:01:19.203
128,0.8,0.2,20,done,2026-07-24T00:01:21.500
128,0.8,0.3,20,done,2026-07-24T00:01:23.737
128,0.8,0.4,20,done,2026-07-24T00:01:29.263
32,0.9,0.0,20,done,2026-07-24T00:01:29.269
32,0.9,0.1,20,done,2026-07-24T00:01:29.274
32,0.9,0.2,20,done,2026-07-24T00:01:29.281
32,0.9,0.3,20,done,2026-07-24T00:01:29.291
32,0.9,0.4,20,done,2026-07-24T00:01:29.312
48,0.9,0.0,20,done,2026-07-24T00:01:29.447
48,0.9,0.1,20,done,2026-07-24T00:01:29.554
48,0.9,0.2,20,done,2026-07-24T00:01:29.684
48,0.9,0.3,20,done,2026-07-24T00:01:30.140
48,0.9,0.4,20,done,2026-07-24T00:01:30.376
64,0.9,0.0,20,done,2026-07-24T00:01:30.993
64,0.9,0.1,20,done,2026-07-24T00:01:31.362
64,0.9,0.2,20,done,2026-07-24T00:01:32.162
64,0.9,0.3,20,done,2026-07-24T00:01:33.025
64,0.9,0.4,20,done,2026-07-24T00:01:33.782
96,0.9,0.0,20,done,2026-07-24T00:01:37.152
96,0.9,0.1,20,done,2026-07-24T00:01:40.444
96,0.9,0.2,20,done,2026-07-24T00:01:42.529
96,0.9,0.3,20,done,2026-07-24T00:01:44.540
96,0.9,0.4,20,done,2026-07-24T00:01:46.260
128,0.9,0.0,20,done,2026-07-24T00:01:51.064
128,0.9,0.1,20,done,2026-07-24T00:01:55.767
128,0.9,0.2,20,done,2026-07-24T00:01:58.644
128,0.9,0.3,20,done,2026-07-24T00:02:02.989
128,0.9,0.4,20,done,2026-07-24T00:02:08.473
32,1.0,0.0,20,done,2026-07-24T00:02:08.479
32,1.0,0.1,20,done,2026-07-24T00:02:08.484
32,1.0,0.2,20,done,2026-07-24T00:02:08.492
32,1.0,0.3,20,done,2026-07-24T00:02:08.523
32,1.0,0.4,20,done,2026-07-24T00:02:08.533
48,1.0,0.0,20,done,2026-07-24T00:02:08.700
48,1.0,0.1,20,done,2026-07-24T00:02:08.803
48,1.0,0.2,20,done,2026-07-24T00:02:08.904
48,1.0,0.3,20,done,2026-07-24T00:02:08.994
48,1.0,0.4,20,done,2026-07-24T00:02:09.150
64,1.0,0.0,20,done,2026-07-24T00:02:10.378
64,1.0,0.1,20,done,2026-07-24T00:02:10.653
64,1.0,0.2,20,done,2026-07-24T00:02:11.139
64,1.0,0.3,20,done,2026-07-24T00:02:11.404
64,1.0,0.4,20,done,2026-07-24T00:02:11.775
96,1.0,0.0,20,done,2026-07-24T00:02:13.564
96,1.0,0.1,20,done,2026-07-24T00:02:14.638
96,1.0,0.2,20,done,2026-07-24T00:02:16.529
96,1.0,0.3,20,done,2026-07-24T00:02:17.892
96,1.0,0.4,20,done,2026-07-24T00:02:18.515
128,1.0,0.0,20,done,2026-07-24T00:02:20.296
128,1.0,0.1,20,done,2026-07-24T00:02:21.842
128,1.0,0.2,20,done,2026-07-24T00:02:22.914
128,1.0,0.3,20,done,2026-07-24T00:02:25.177
128,1.0,0.4,20,done,2026-07-24T00:02:28.350
