learned_per_gen,power_fit
0.0009765625,0.00103143187064898
0.004150390625,2.3213412580790043
0.012451171875,
0.0244140625,
0.043212890625,
0.06689453125,
0.09619140625,
0.12890625,
0.166015625,
0.21630859375,
0.271484375,
0.3310546875,
0.396240234375,
0.47021484375,
0.544921875,
0.628173828125,
0.720703125,
0.806396484375,
0.8798828125,
0.926513671875,
0.956298828125,
0.978271484375,
0.989990234375,
0.99609375,
0.999267578125,
1.0,
