learned_per_gen,power_fit
0.000244140625,0.0008895547736761644
0.00067138671875,1.5981614416278014
0.00164794921875,
0.00341796875,
0.0057373046875,
0.0084228515625,
0.01171875,
0.0164794921875,
0.0208740234375,
0.02569580078125,
0.03094482421875,
0.0374755859375,
0.04449462890625,
0.05133056640625,
0.05865478515625,
0.0667724609375,
0.0751953125,
0.08380126953125,
0.09173583984375,
0.0997314453125,
0.107666015625,
0.11602783203125,
0.12548828125,
0.135009765625,
0.14471435546875,
0.15472412109375,
0.1644287109375,
0.1748046875,
0.1849365234375,
0.196533203125,
0.20880126953125,
0.21893310546875,
0.229736328125,
0.24267578125,
0.25537109375,
0.268310546875,
0.28179931640625,
0.29510498046875,
0.31024169921875,
0.325439453125,
0.34051513671875,
0.35614013671875,
0.37164306640625,
0.3865966796875,
0.4019775390625,
0.4185791015625,
0.434326171875,
0.4493408203125,
0.46441650390625,
0.47955322265625,
0.4935302734375,
0.50714111328125,
0.5216064453125,
0.53582763671875,
0.5498046875,
0.56390380859375,
0.57855224609375,
0.593505859375,
0.60809326171875,
0.62249755859375,
0.63671875,
0.65045166015625,
0.6636962890625,
0.67584228515625,
0.68768310546875,
0.69830322265625,
0.7093505859375,
0.719970703125,
0.73028564453125,
0.73956298828125,
0.74896240234375,
0.75689697265625,
0.7652587890625,
0.77252197265625,
0.7803955078125,
0.78863525390625,
0.796875,
0.8046875,
0.8115234375,
0.8193359375,
0.82598876953125,
0.83343505859375,
0.84039306640625,
0.84674072265625,
0.85205078125,
0.85809326171875,
0.863037109375,
0.8680419921875,
0.87396240234375,
0.878662109375,
0.88299560546875,
0.887939453125,
0.893310546875,
0.8985595703125,
0.9024658203125,
0.90679931640625,
0.9107666015625,
0.91455078125,
0.91827392578125,
0.92218017578125,
0.92645263671875,
0.9302978515625,
0.933837890625,
0.93682861328125,
0.94049072265625,
0.944091796875,
0.94781494140625,
0.95098876953125,
0.95355224609375,
0.9566650390625,
0.95947265625,
0.96221923828125,
0.96441650390625,
0.96649169921875,
0.968994140625,
0.970703125,
0.973388671875,
0.97601318359375,
0.978271484375,
0.98046875,
0.982666015625,
0.98468017578125,
0.98626708984375,
0.98834228515625,
0.99005126953125,
0.9918212890625,
0.99322509765625,
0.99493408203125,
0.99639892578125,
0.99725341796875,
0.99835205078125,
0.99945068359375,
0.99969482421875,
0.99993896484375,
1.0,
