learned_per_gen,power_fit
0.00390625,3.18187609323981
0.01171875,3.525713912960208
0.0283203125,0.4693306367376405
0.056640625,0.5630347695985618
0.0869140625,
0.1259765625,
0.16796875,
0.2236328125,
0.2822265625,
0.35546875,
0.431640625,
0.5146484375,
0.60546875,
0.7060546875,
0.8125,
0.9267578125,
0.978515625,
0.9990234375,
1.0,
