learned_per_gen,power_fit
0.001736111111111111,0.000132214154586991
0.002170138888888889,2.1515903698762875
0.0030381944444444445,
0.003472222222222222,
0.00390625,
0.005642361111111111,
0.006944444444444444,
0.009548611111111112,
0.012586805555555556,
0.016493055555555556,
0.023003472222222224,
0.026909722222222224,
0.031684027777777776,
0.03819444444444445,
0.046875,
0.053385416666666664,
0.061197916666666664,
0.0681423611111111,
0.07421875,
0.08463541666666667,
0.09505208333333333,
0.10286458333333333,
0.11241319444444445,
0.12065972222222222,
0.1332465277777778,
0.14539930555555555,
0.15755208333333334,
0.1723090277777778,
0.18446180555555555,
0.19791666666666666,
0.21223958333333334,
0.23046875,
0.2465277777777778,
0.2621527777777778,
0.2769097222222222,
0.2947048611111111,
0.3151041666666667,
0.3294270833333333,
0.3502604166666667,
0.3689236111111111,
0.3984375,
0.4214409722222222,
0.4505208333333333,
0.4696180555555556,
0.4947916666666667,
0.5169270833333334,
0.5390625,
0.5677083333333334,
0.5915798611111112,
0.6193576388888888,
0.6493055555555556,
0.6701388888888888,
0.7026909722222222,
0.7269965277777778,
0.7547743055555556,
0.7782118055555556,
0.7990451388888888,
0.8233506944444444,
0.84375,
0.8611111111111112,
0.8845486111111112,
0.9045138888888888,
0.9210069444444444,
0.9375,
0.94921875,
0.9578993055555556,
0.9678819444444444,
0.9756944444444444,
0.984375,
0.9917534722222222,
0.9952256944444444,
0.99609375,
0.9973958333333334,
0.9991319444444444,
0.9995659722222222,
1.0,
