learned_per_gen,power_fit
0.000244140625,6.469996274712807e-5
0.00042724609375,2.170868535646928
0.000732421875,
0.0013427734375,
0.0020751953125,
0.00323486328125,
0.00408935546875,
0.005615234375,
0.0076904296875,
0.0091552734375,
0.01092529296875,
0.01318359375,
0.01556396484375,
0.0184326171875,
0.0216064453125,
0.02520751953125,
0.029541015625,
0.0335693359375,
0.03753662109375,
0.04156494140625,
0.04608154296875,
0.05120849609375,
0.05645751953125,
0.06182861328125,
0.06793212890625,
0.07427978515625,
0.081298828125,
0.088623046875,
0.0966796875,
0.1048583984375,
0.1134033203125,
0.12213134765625,
0.131103515625,
0.13946533203125,
0.14794921875,
0.1571044921875,
0.16680908203125,
0.17572021484375,
0.1851806640625,
0.1951904296875,
0.2061767578125,
0.21624755859375,
0.2271728515625,
0.23828125,
0.2509765625,
0.26220703125,
0.2747802734375,
0.287841796875,
0.30108642578125,
0.31488037109375,
0.32843017578125,
0.340576171875,
0.35504150390625,
0.369384765625,
0.3853759765625,
0.39990234375,
0.4139404296875,
0.4295654296875,
0.446533203125,
0.46368408203125,
0.47991943359375,
0.4970703125,
0.51373291015625,
0.53155517578125,
0.5494384765625,
0.56915283203125,
0.5875244140625,
0.60723876953125,
0.62774658203125,
0.6468505859375,
0.6683349609375,
0.68896484375,
0.71063232421875,
0.73223876953125,
0.75384521484375,
0.77471923828125,
0.79412841796875,
0.8134765625,
0.8326416015625,
0.852783203125,
0.8707275390625,
0.8880615234375,
0.9013671875,
0.9129638671875,
0.9232177734375,
0.93218994140625,
0.94091796875,
0.94830322265625,
0.955322265625,
0.96136474609375,
0.96734619140625,
0.973388671875,
0.97796630859375,
0.982421875,
0.986572265625,
0.9896240234375,
0.99310302734375,
0.99542236328125,
0.997314453125,
0.998291015625,
0.999267578125,
1.0,
