learned_per_gen,power_fit
0.00390625,0.006995420215530536
0.0224609375,1.884090266824905
0.064453125,
0.1259765625,
0.1962890625,
0.2822265625,
0.3798828125,
0.4619140625,
0.53125,
0.6005859375,
0.673828125,
0.7333984375,
0.7939453125,
0.8515625,
0.90234375,
0.9384765625,
0.9580078125,
0.9716796875,
0.9833984375,
0.9921875,
0.9990234375,
1.0,
