learned_per_gen,power_fit
0.00390625,4.1112630420479615e-5
0.00390625,3.2402343343838913
0.0048828125,
0.0068359375,
0.0068359375,
0.0087890625,
0.013671875,
0.0244140625,
0.04296875,
0.0693359375,
0.1015625,
0.140625,
0.17578125,
0.2138671875,
0.2568359375,
0.3056640625,
0.3583984375,
0.4296875,
0.509765625,
0.58984375,
0.658203125,
0.736328125,
0.8115234375,
0.8837890625,
0.9345703125,
0.966796875,
0.984375,
0.994140625,
0.9990234375,
1.0,
