learned_per_gen,power_fit
0.001736111111111111,0.0003809394594584683
0.0030381944444444445,1.9057149622073988
0.004774305555555556,
0.007378472222222222,
0.009548611111111112,
0.013454861111111112,
0.014322916666666666,
0.017795138888888888,
0.023003472222222224,
0.028645833333333332,
0.03428819444444445,
0.04210069444444445,
0.049479166666666664,
0.055989583333333336,
0.0646701388888889,
0.0724826388888889,
0.08246527777777778,
0.08984375,
0.0998263888888889,
0.1115451388888889,
0.12109375,
0.1323784722222222,
0.1449652777777778,
0.15928819444444445,
0.17317708333333334,
0.1896701388888889,
0.20442708333333334,
0.22395833333333334,
0.23697916666666666,
0.2526041666666667,
0.26953125,
0.2838541666666667,
0.3033854166666667,
0.3185763888888889,
0.3372395833333333,
0.3572048611111111,
0.3767361111111111,
0.3940972222222222,
0.4105902777777778,
0.4288194444444444,
0.44921875,
0.4713541666666667,
0.4921875,
0.5147569444444444,
0.5381944444444444,
0.5581597222222222,
0.5837673611111112,
0.6059027777777778,
0.6254340277777778,
0.6506076388888888,
0.6775173611111112,
0.7009548611111112,
0.7256944444444444,
0.7456597222222222,
0.765625,
0.78515625,
0.8081597222222222,
0.8250868055555556,
0.84375,
0.8637152777777778,
0.87890625,
0.8919270833333334,
0.90625,
0.9214409722222222,
0.9327256944444444,
0.9453125,
0.9539930555555556,
0.9618055555555556,
0.9670138888888888,
0.9743923611111112,
0.9787326388888888,
0.9809027777777778,
0.984375,
0.9856770833333334,
0.9869791666666666,
0.9895833333333334,
0.9917534722222222,
0.9934895833333334,
0.9947916666666666,
0.99609375,
0.9969618055555556,
0.9969618055555556,
0.9973958333333334,
0.9978298611111112,
0.9986979166666666,
0.9991319444444444,
0.9991319444444444,
0.9991319444444444,
0.9991319444444444,
0.9991319444444444,
0.9991319444444444,
0.9991319444444444,
0.9991319444444444,
0.9991319444444444,
0.9995659722222222,
1.0,
