learned_per_gen,power_fit
0.00390625,0.0008764332994925485
0.005859375,2.069694737471892
0.009765625,
0.015625,
0.0234375,
0.0322265625,
0.041015625,
0.0595703125,
0.080078125,
0.1025390625,
0.125,
0.1572265625,
0.18359375,
0.2109375,
0.23828125,
0.2705078125,
0.3076171875,
0.34375,
0.392578125,
0.4423828125,
0.4912109375,
0.5390625,
0.595703125,
0.640625,
0.6884765625,
0.7412109375,
0.7880859375,
0.83984375,
0.876953125,
0.9091796875,
0.9443359375,
0.96484375,
0.9853515625,
0.9970703125,
1.0,
