learned_per_gen,power_fit
0.0009765625,0.001184084508386563
0.0048828125,2.268123797024397
0.01171875,
0.024658203125,
0.041259765625,
0.066162109375,
0.096435546875,
0.134033203125,
0.17578125,
0.2216796875,
0.276123046875,
0.33154296875,
0.39453125,
0.463134765625,
0.54150390625,
0.628173828125,
0.710693359375,
0.796875,
0.86865234375,
0.9189453125,
0.958740234375,
0.982421875,
0.99365234375,
0.998779296875,
1.0,
