learned_per_gen,power_fit
0.000244140625,5.7442735330546876e-5
0.000244140625,2.116109994959583
0.00030517578125,
0.00042724609375,
0.00103759765625,
0.00140380859375,
0.00201416015625,
0.00274658203125,
0.00372314453125,
0.00482177734375,
0.00592041015625,
0.008056640625,
0.0098876953125,
0.0123291015625,
0.01446533203125,
0.01702880859375,
0.01971435546875,
0.02252197265625,
0.02587890625,
0.0291748046875,
0.0325927734375,
0.0367431640625,
0.04046630859375,
0.044677734375,
0.04962158203125,
0.0548095703125,
0.0601806640625,
0.06536865234375,
0.070556640625,
0.075927734375,
0.081787109375,
0.08868408203125,
0.09503173828125,
0.101806640625,
0.10833740234375,
0.1153564453125,
0.12225341796875,
0.12890625,
0.13641357421875,
0.14306640625,
0.15093994140625,
0.15863037109375,
0.16729736328125,
0.17462158203125,
0.18328857421875,
0.1912841796875,
0.20037841796875,
0.208740234375,
0.21832275390625,
0.22662353515625,
0.23614501953125,
0.2449951171875,
0.25433349609375,
0.26409912109375,
0.2755126953125,
0.2867431640625,
0.298095703125,
0.30987548828125,
0.32025146484375,
0.3323974609375,
0.343505859375,
0.355224609375,
0.3663330078125,
0.3770751953125,
0.39019775390625,
0.40191650390625,
0.41552734375,
0.42803955078125,
0.4415283203125,
0.455322265625,
0.468017578125,
0.48309326171875,
0.49725341796875,
0.51055908203125,
0.528076171875,
0.54302978515625,
0.5574951171875,
0.57281494140625,
0.59039306640625,
0.6072998046875,
0.62347412109375,
0.63958740234375,
0.655517578125,
0.67333984375,
0.68994140625,
0.7066650390625,
0.7239990234375,
0.7410888671875,
0.75909423828125,
0.77777099609375,
0.79583740234375,
0.81427001953125,
0.831298828125,
0.84613037109375,
0.859375,
0.872314453125,
0.88323974609375,
0.8935546875,
0.90179443359375,
0.9105224609375,
0.91864013671875,
0.9266357421875,
0.9337158203125,
0.9417724609375,
0.94891357421875,
0.95477294921875,
0.96038818359375,
0.96514892578125,
0.96966552734375,
0.9735107421875,
0.97698974609375,
0.98004150390625,
0.98321533203125,
0.9857177734375,
0.988525390625,
0.99139404296875,
0.9932861328125,
0.9952392578125,
0.99676513671875,
0.99774169921875,
0.9984130859375,
0.99920654296875,
0.99969482421875,
0.99993896484375,
1.0,
