learned_per_gen,power_fit
0.00390625,2.5265319325226607
0.0322265625,2.8587919697450834
0.0810546875,0.2112862984488976
0.1455078125,0.1720534694555608
0.2177734375,
0.279296875,
0.333984375,
0.3779296875,
0.423828125,
0.4716796875,
0.5205078125,
0.552734375,
0.5849609375,
0.6171875,
0.6494140625,
0.681640625,
0.7138671875,
0.74609375,
0.7783203125,
0.810546875,
0.8427734375,
0.875,
0.90625,
0.9375,
0.96875,
1.0,
