learned_per_gen,power_fit
0.000244140625,0.0001165178421640364
0.0006103515625,2.0947659164328325
0.0009765625,
0.00177001953125,
0.00286865234375,
0.004150390625,
0.00604248046875,
0.008056640625,
0.01092529296875,
0.0135498046875,
0.01690673828125,
0.0205078125,
0.0244140625,
0.0289306640625,
0.0333251953125,
0.03814697265625,
0.04339599609375,
0.04876708984375,
0.05511474609375,
0.061279296875,
0.06793212890625,
0.0753173828125,
0.08270263671875,
0.09063720703125,
0.0989990234375,
0.10772705078125,
0.11724853515625,
0.1260986328125,
0.1358642578125,
0.1453857421875,
0.15582275390625,
0.16571044921875,
0.1767578125,
0.1888427734375,
0.2003173828125,
0.21295166015625,
0.2249755859375,
0.23828125,
0.2510986328125,
0.26422119140625,
0.2774658203125,
0.2911376953125,
0.30731201171875,
0.32269287109375,
0.33843994140625,
0.35504150390625,
0.37158203125,
0.38824462890625,
0.4056396484375,
0.42364501953125,
0.441162109375,
0.46051025390625,
0.48004150390625,
0.49920654296875,
0.51898193359375,
0.53857421875,
0.559326171875,
0.578125,
0.5989990234375,
0.62017822265625,
0.6424560546875,
0.6646728515625,
0.68609619140625,
0.7091064453125,
0.73260498046875,
0.757080078125,
0.7816162109375,
0.806396484375,
0.83026123046875,
0.8519287109375,
0.8714599609375,
0.8880615234375,
0.90234375,
0.9139404296875,
0.9237060546875,
0.93365478515625,
0.94287109375,
0.95245361328125,
0.96136474609375,
0.96832275390625,
0.97467041015625,
0.98089599609375,
0.986083984375,
0.990478515625,
0.99420166015625,
0.99676513671875,
0.9981689453125,
0.999267578125,
0.9998779296875,
1.0,
