learned_per_gen,power_fit
0.00390625,0.0066082438419009255
0.017578125,1.8088246161227113
0.041015625,
0.0771484375,
0.1142578125,
0.1748046875,
0.22265625,
0.287109375,
0.3544921875,
0.4345703125,
0.50390625,
0.5849609375,
0.658203125,
0.728515625,
0.79296875,
0.83984375,
0.8876953125,
0.9326171875,
0.95703125,
0.978515625,
0.990234375,
0.9970703125,
1.0,
