learned_per_gen,power_fit
0.00390625,0.001980200821492776
0.0146484375,2.5006247580337893
0.03515625,
0.0703125,
0.111328125,
0.171875,
0.251953125,
0.357421875,
0.4853515625,
0.623046875,
0.7490234375,
0.8427734375,
0.93359375,
0.970703125,
0.9921875,
0.9990234375,
1.0,
