learned_per_gen,power_fit
0.00390625,0.0018430811004118896
0.0126953125,2.2763841671131946
0.025390625,
0.0498046875,
0.07421875,
0.107421875,
0.1513671875,
0.197265625,
0.271484375,
0.349609375,
0.4453125,
0.533203125,
0.6240234375,
0.724609375,
0.8125,
0.8837890625,
0.9287109375,
0.9599609375,
0.982421875,
0.990234375,
0.99609375,
0.9970703125,
0.9990234375,
0.9990234375,
1.0,
