learned_per_gen,power_fit
0.0009765625,0.0013198254520717385
0.00439453125,2.2945794236850467
0.0146484375,
0.029541015625,
0.05224609375,
0.080810546875,
0.115478515625,
0.156494140625,
0.204833984375,
0.261474609375,
0.32275390625,
0.39453125,
0.4736328125,
0.5595703125,
0.651123046875,
0.756103515625,
0.844970703125,
0.91357421875,
0.954833984375,
0.982421875,
0.995361328125,
0.99951171875,
1.0,
