learned_per_gen,power_fit
0.0,0.17119425553304887
0.4904513888888889,1.2291352940228744
0.7439236111111112,
0.8754340277777778,
0.9340277777777778,
0.9622395833333334,
0.9791666666666666,
0.9913194444444444,
0.9965277777777778,
0.9978298611111112,
0.9991319444444444,
0.9991319444444444,
0.9995659722222222,
1.0,
