learned_per_gen,power_fit
0.0009765625,0.0008549718836927274
0.0029296875,2.38762917462591
0.0087890625,
0.01953125,
0.037353515625,
0.06201171875,
0.08984375,
0.123291015625,
0.1611328125,
0.2099609375,
0.26513671875,
0.32373046875,
0.387451171875,
0.455078125,
0.530517578125,
0.61669921875,
0.70703125,
0.79296875,
0.866455078125,
0.919677734375,
0.9521484375,
0.978271484375,
0.993408203125,
0.999267578125,
0.999755859375,
1.0,
