learned_per_gen,power_fit
0.00390625,0.002177128944780517
0.0107421875,2.1268772231201547
0.025390625,
0.041015625,
0.0634765625,
0.0966796875,
0.13671875,
0.18359375,
0.234375,
0.291015625,
0.3564453125,
0.4267578125,
0.50390625,
0.572265625,
0.658203125,
0.7607421875,
0.8359375,
0.8974609375,
0.9404296875,
0.9775390625,
0.9931640625,
1.0,
