learned_per_gen,power_fit
0.000244140625,7.636204368480177e-5
0.00042724609375,2.052018581729493
0.0006103515625,
0.00103759765625,
0.00140380859375,
0.0020751953125,
0.0028076171875,
0.004150390625,
0.00579833984375,
0.00738525390625,
0.00933837890625,
0.01153564453125,
0.0140380859375,
0.01666259765625,
0.0191650390625,
0.0218505859375,
0.02459716796875,
0.0277099609375,
0.03082275390625,
0.03411865234375,
0.03863525390625,
0.04296875,
0.047119140625,
0.05157470703125,
0.05621337890625,
0.0611572265625,
0.066162109375,
0.071044921875,
0.0762939453125,
0.08160400390625,
0.08758544921875,
0.0946044921875,
0.100341796875,
0.10675048828125,
0.11309814453125,
0.1204833984375,
0.12841796875,
0.13494873046875,
0.1429443359375,
0.15020751953125,
0.1578369140625,
0.16680908203125,
0.1748046875,
0.18359375,
0.1925048828125,
0.20208740234375,
0.21240234375,
0.22161865234375,
0.23150634765625,
0.2415771484375,
0.25079345703125,
0.26055908203125,
0.27142333984375,
0.28216552734375,
0.293212890625,
0.30426025390625,
0.3143310546875,
0.3262939453125,
0.3375244140625,
0.3489990234375,
0.36053466796875,
0.3731689453125,
0.38568115234375,
0.398681640625,
0.41021728515625,
0.4217529296875,
0.43487548828125,
0.44830322265625,
0.4617919921875,
0.4757080078125,
0.48907470703125,
0.50372314453125,
0.519287109375,
0.5338134765625,
0.54901123046875,
0.56475830078125,
0.5804443359375,
0.59625244140625,
0.61309814453125,
0.62841796875,
0.64447021484375,
0.6611328125,
0.67828369140625,
0.69683837890625,
0.7139892578125,
0.731689453125,
0.74932861328125,
0.76593017578125,
0.7828369140625,
0.79876708984375,
0.81243896484375,
0.82659912109375,
0.83917236328125,
0.85089111328125,
0.86334228515625,
0.87518310546875,
0.88531494140625,
0.89495849609375,
0.90301513671875,
0.91192626953125,
0.92022705078125,
0.92724609375,
0.9342041015625,
0.942138671875,
0.94873046875,
0.95465087890625,
0.959716796875,
0.96466064453125,
0.96905517578125,
0.97296142578125,
0.97711181640625,
0.98046875,
0.9837646484375,
0.98663330078125,
0.988525390625,
0.99072265625,
0.992431640625,
0.99395751953125,
0.99530029296875,
0.99652099609375,
0.9974365234375,
0.998291015625,
0.99859619140625,
0.99884033203125,
0.99920654296875,
0.99951171875,
0.99981689453125,
0.99993896484375,
1.0,
