learned_per_gen,power_fit
0.00390625,0.0014929092277096716
0.0068359375,2.2309453938352193
0.0185546875,
0.0322265625,
0.05078125,
0.0791015625,
0.115234375,
0.158203125,
0.2021484375,
0.2529296875,
0.3134765625,
0.3828125,
0.4462890625,
0.521484375,
0.607421875,
0.689453125,
0.7822265625,
0.8642578125,
0.9345703125,
0.97265625,
0.9931640625,
1.0,
