learned_per_gen,power_fit
0.0009765625,0.0002793850559467108
0.001953125,2.07116358738809
0.003662109375,
0.006103515625,
0.008544921875,
0.011962890625,
0.01513671875,
0.01953125,
0.02685546875,
0.033203125,
0.037841796875,
0.047119140625,
0.057861328125,
0.068115234375,
0.078125,
0.087890625,
0.10009765625,
0.113037109375,
0.124267578125,
0.136962890625,
0.1533203125,
0.168212890625,
0.1845703125,
0.201416015625,
0.21875,
0.23681640625,
0.257568359375,
0.277587890625,
0.296875,
0.318359375,
0.34228515625,
0.367431640625,
0.388916015625,
0.415771484375,
0.443359375,
0.47021484375,
0.491943359375,
0.514404296875,
0.539794921875,
0.568115234375,
0.5986328125,
0.62939453125,
0.657470703125,
0.685546875,
0.711669921875,
0.738037109375,
0.7646484375,
0.789306640625,
0.812744140625,
0.83837890625,
0.861572265625,
0.880126953125,
0.896484375,
0.913818359375,
0.9296875,
0.94384765625,
0.953125,
0.961669921875,
0.969482421875,
0.975341796875,
0.978759765625,
0.98193359375,
0.984619140625,
0.98828125,
0.9921875,
0.9951171875,
0.996826171875,
0.998046875,
0.9990234375,
0.99951171875,
0.999755859375,
0.999755859375,
0.999755859375,
1.0,
