learned_per_gen,power_fit
0.00390625,0.0018397683675442206
0.009765625,2.2352462110742497
0.0224609375,
0.0419921875,
0.064453125,
0.1015625,
0.1435546875,
0.1923828125,
0.2470703125,
0.318359375,
0.390625,
0.4755859375,
0.5732421875,
0.66796875,
0.75390625,
0.8349609375,
0.896484375,
0.9423828125,
0.97265625,
0.9873046875,
0.9951171875,
0.998046875,
0.9990234375,
1.0,
