learned_per_gen,power_fit
0.0,0.14520092167175588
0.10112847222222222,0.6004196809438711
0.1974826388888889,
0.2717013888888889,
0.3463541666666667,
0.4249131944444444,
0.4878472222222222,
0.5442708333333334,
0.5933159722222222,
0.6410590277777778,
0.6788194444444444,
0.7131076388888888,
0.7421875,
0.7634548611111112,
0.7864583333333334,
0.80859375,
0.8255208333333334,
0.8411458333333334,
0.8559027777777778,
0.8706597222222222,
0.8836805555555556,
0.8927951388888888,
0.9010416666666666,
0.9079861111111112,
0.9157986111111112,
0.9236111111111112,
0.9301215277777778,
0.9353298611111112,
0.9427083333333334,
0.9457465277777778,
0.9552951388888888,
0.9587673611111112,
0.9626736111111112,
0.9652777777777778,
0.9683159722222222,
0.9717881944444444,
0.9748263888888888,
0.9765625,
0.9782986111111112,
0.9809027777777778,
0.9817708333333334,
0.9822048611111112,
0.9830729166666666,
0.9839409722222222,
0.9852430555555556,
0.9865451388888888,
0.9874131944444444,
0.9878472222222222,
0.9887152777777778,
0.9895833333333334,
0.9904513888888888,
0.9913194444444444,
0.9917534722222222,
0.9921875,
0.9930555555555556,
0.9939236111111112,
0.9939236111111112,
0.9943576388888888,
0.9947916666666666,
0.9952256944444444,
0.9956597222222222,
0.99609375,
0.9965277777777778,
0.9965277777777778,
0.9965277777777778,
0.9965277777777778,
0.9969618055555556,
0.9973958333333334,
0.9973958333333334,
0.9973958333333334,
0.9978298611111112,
0.9978298611111112,
0.9978298611111112,
0.9978298611111112,
0.9978298611111112,
0.9978298611111112,
0.9978298611111112,
0.9978298611111112,
0.9982638888888888,
0.9982638888888888,
0.9982638888888888,
0.9982638888888888,
0.9982638888888888,
0.9986979166666666,
0.9991319444444444,
0.9991319444444444,
0.9991319444444444,
0.9991319444444444,
0.9991319444444444,
0.9995659722222222,
0.9995659722222222,
0.9995659722222222,
0.9995659722222222,
0.9995659722222222,
0.9995659722222222,
0.9995659722222222,
1.0,
