learned_per_gen,power_fit
0.0,0.3363681785112785
0.2965087890625,0.41836200786019395
0.50323486328125,
0.657470703125,
0.762939453125,
0.83612060546875,
0.88397216796875,
0.91827392578125,
0.94232177734375,
0.96124267578125,
0.97357177734375,
0.9815673828125,
0.9876708984375,
0.99114990234375,
0.99407958984375,
0.99603271484375,
0.996826171875,
0.99774169921875,
0.99853515625,
0.99920654296875,
0.99932861328125,
0.9996337890625,
0.9996337890625,
0.99981689453125,
0.99981689453125,
0.99981689453125,
0.99981689453125,
0.9998779296875,
0.9998779296875,
0.9998779296875,
0.99993896484375,
0.99993896484375,
0.99993896484375,
0.99993896484375,
1.0,
