learned_per_gen,power_fit
0.00390625,9.101185943588574
0.0068359375,2.7755278626796844
0.0078125,0.8390562220716808
0.009765625,0.2818763943677522
0.0126953125,
0.0166015625,
0.025390625,
0.03125,
0.0390625,
0.048828125,
0.0576171875,
0.068359375,
0.0732421875,
0.087890625,
0.1015625,
0.1181640625,
0.1318359375,
0.1533203125,
0.181640625,
0.1982421875,
0.22265625,
0.2509765625,
0.2783203125,
0.3095703125,
0.3427734375,
0.37109375,
0.404296875,
0.44140625,
0.474609375,
0.5126953125,
0.5400390625,
0.5712890625,
0.5947265625,
0.6259765625,
0.662109375,
0.69921875,
0.74609375,
0.7861328125,
0.8203125,
0.845703125,
0.8671875,
0.8984375,
0.9248046875,
0.939453125,
0.95703125,
0.9697265625,
0.978515625,
0.986328125,
0.9892578125,
0.994140625,
0.99609375,
0.99609375,
0.9970703125,
0.9970703125,
0.998046875,
0.998046875,
0.998046875,
1.0,
