learned_per_gen,power_fit
0.00390625,0.019468647629932417
0.01171875,1.420642712651246
0.044921875,
0.09765625,
0.158203125,
0.2333984375,
0.3203125,
0.408203125,
0.4814453125,
0.5556640625,
0.61328125,
0.673828125,
0.73046875,
0.7734375,
0.8115234375,
0.8466796875,
0.875,
0.900390625,
0.9267578125,
0.9482421875,
0.9658203125,
0.974609375,
0.98046875,
0.98828125,
0.9921875,
0.998046875,
1.0,
