learned_per_gen,power_fit
0.00390625,0.0036153343812584835
0.0166015625,2.157467513352115
0.0390625,
0.0712890625,
0.1064453125,
0.162109375,
0.2353515625,
0.3359375,
0.4228515625,
0.5263671875,
0.6259765625,
0.7177734375,
0.8017578125,
0.8828125,
0.9365234375,
0.97265625,
0.98828125,
0.9931640625,
0.9970703125,
0.9990234375,
0.9990234375,
1.0,
