learned_per_gen,power_fit
0.0009765625,0.0007023142440875559
0.002685546875,2.03604061222668
0.005859375,
0.010986328125,
0.017333984375,
0.024658203125,
0.03466796875,
0.045654296875,
0.05908203125,
0.073974609375,
0.091552734375,
0.108642578125,
0.12841796875,
0.150390625,
0.173095703125,
0.19873046875,
0.2265625,
0.253662109375,
0.284912109375,
0.314697265625,
0.351318359375,
0.38671875,
0.426025390625,
0.467529296875,
0.509765625,
0.55126953125,
0.595703125,
0.639892578125,
0.686279296875,
0.739013671875,
0.7890625,
0.842529296875,
0.8896484375,
0.921630859375,
0.944580078125,
0.96142578125,
0.97509765625,
0.984375,
0.992431640625,
0.997802734375,
1.0,
