learned_per_gen,power_fit
0.0,0.1978739507442074
0.4661458333333333,0.9924632802296968
0.6918402777777778,
0.8168402777777778,
0.8993055555555556,
0.9435763888888888,
0.9661458333333334,
0.9796006944444444,
0.9891493055555556,
0.9921875,
0.9952256944444444,
0.9978298611111112,
0.9982638888888888,
0.9986979166666666,
0.9991319444444444,
0.9995659722222222,
0.9995659722222222,
0.9995659722222222,
0.9995659722222222,
1.0,
