learned_per_gen,power_fit
0.0,0.2008752637854505
0.3984375,0.8986905106693293
0.63671875,
0.7861328125,
0.8603515625,
0.9169921875,
0.9462890625,
0.97265625,
0.9814453125,
0.9873046875,
0.9892578125,
0.9931640625,
0.994140625,
0.9951171875,
0.99609375,
0.9970703125,
0.9970703125,
0.998046875,
0.9990234375,
0.9990234375,
1.0,
