learned_per_gen,power_fit
0.00390625,0.001341268282207631
0.0087890625,2.191833949867986
0.015625,
0.0302734375,
0.0439453125,
0.0654296875,
0.0908203125,
0.1279296875,
0.1689453125,
0.2138671875,
0.2548828125,
0.3095703125,
0.36328125,
0.42578125,
0.4892578125,
0.5595703125,
0.642578125,
0.7314453125,
0.8046875,
0.8759765625,
0.9287109375,
0.96484375,
0.98828125,
1.0,
