learned_per_gen,power_fit
0.00390625,0.0018261012112416853
0.0107421875,2.3224175612305142
0.025390625,
0.044921875,
0.0771484375,
0.1162109375,
0.1650390625,
0.2314453125,
0.30078125,
0.3818359375,
0.4794921875,
0.58203125,
0.67578125,
0.771484375,
0.8515625,
0.9208984375,
0.94921875,
0.9765625,
0.9873046875,
0.9951171875,
0.998046875,
1.0,
