learned_per_gen,power_fit
0.000244140625,0.000233875416926195
0.00091552734375,2.0086985555676082
0.00213623046875,
0.0037841796875,
0.005859375,
0.0084228515625,
0.0115966796875,
0.01513671875,
0.01922607421875,
0.0238037109375,
0.02880859375,
0.03436279296875,
0.0404052734375,
0.04693603515625,
0.0538330078125,
0.0614013671875,
0.0692138671875,
0.07781982421875,
0.08673095703125,
0.0960693359375,
0.10595703125,
0.11639404296875,
0.127197265625,
0.1385498046875,
0.150146484375,
0.16253662109375,
0.17547607421875,
0.1885986328125,
0.20257568359375,
0.21685791015625,
0.231689453125,
0.24688720703125,
0.2626953125,
0.2789306640625,
0.2957763671875,
0.31298828125,
0.33087158203125,
0.34912109375,
0.3677978515625,
0.3870849609375,
0.40673828125,
0.42706298828125,
0.44775390625,
0.46875,
0.49041748046875,
0.5125732421875,
0.53515625,
0.5579833984375,
0.58160400390625,
0.60546875,
0.6300048828125,
0.65509033203125,
0.68060302734375,
0.70654296875,
0.73291015625,
0.760009765625,
0.78753662109375,
0.81536865234375,
0.8438720703125,
0.87261962890625,
0.902099609375,
0.93212890625,
0.96246337890625,
0.993408203125,
0.9967041015625,
0.99896240234375,
0.99993896484375,
1.0,
