learned_per_gen,power_fit
0.00390625,0.002110066511190507
0.009765625,2.0017531930690957
0.01953125,
0.0380859375,
0.056640625,
0.0771484375,
0.099609375,
0.1279296875,
0.1728515625,
0.2158203125,
0.2568359375,
0.3046875,
0.3583984375,
0.4140625,
0.484375,
0.5595703125,
0.6435546875,
0.724609375,
0.8173828125,
0.9013671875,
0.947265625,
0.9794921875,
0.9970703125,
1.0,
