learned_per_gen,power_fit
0.0,0.17145356634161638
0.4008246527777778,1.059023612396302
0.6421440972222222,
0.7856987847222222,
0.8703342013888888,
0.9244791666666666,
0.9557291666666666,
0.9729817708333334,
0.9827473958333334,
0.9891493055555556,
0.9939236111111112,
0.9968532986111112,
0.9985894097222222,
0.9991319444444444,
0.9995659722222222,
0.9998914930555556,
0.9998914930555556,
1.0,
