learned_per_gen,power_fit
0.00390625,0.0010673651745177236
0.0068359375,2.160048551380367
0.0166015625,
0.0244140625,
0.0322265625,
0.0458984375,
0.072265625,
0.0947265625,
0.1220703125,
0.158203125,
0.193359375,
0.2275390625,
0.26953125,
0.3125,
0.3759765625,
0.443359375,
0.515625,
0.578125,
0.642578125,
0.716796875,
0.771484375,
0.8173828125,
0.8701171875,
0.9208984375,
0.9619140625,
0.984375,
0.9931640625,
0.9970703125,
1.0,
