learned_per_gen,power_fit
0.0,0.22106683475557773
0.5069444444444444,0.9574527018031586
0.7564019097222222,
0.8776041666666666,
0.9359809027777778,
0.9672309027777778,
0.982421875,
0.9922960069444444,
0.9956597222222222,
0.9973958333333334,
0.9988064236111112,
0.9991319444444444,
0.9992404513888888,
0.9995659722222222,
0.9996744791666666,
0.9997829861111112,
0.9998914930555556,
1.0,
