learned_per_gen,power_fit
0.0,0.1474459499456786
0.345703125,1.1012630595366382
0.5751953125,
0.71875,
0.8046875,
0.8681640625,
0.91015625,
0.9375,
0.9521484375,
0.9638671875,
0.9736328125,
0.9814453125,
0.9853515625,
0.9873046875,
0.9931640625,
0.994140625,
0.9951171875,
0.99609375,
0.9990234375,
1.0,
