learned_per_gen,power_fit
0.00390625,0.003261151617338067
0.0126953125,1.9515737189903566
0.0234375,
0.044921875,
0.076171875,
0.10546875,
0.1455078125,
0.1943359375,
0.240234375,
0.2900390625,
0.349609375,
0.416015625,
0.4921875,
0.580078125,
0.6689453125,
0.7646484375,
0.845703125,
0.9169921875,
0.9609375,
0.9794921875,
0.9931640625,
0.998046875,
1.0,
