learned_per_gen,power_fit
0.0,0.1747102776419353
0.2685546875,0.7744572018680298
0.431640625,
0.5888671875,
0.677734375,
0.75,
0.80078125,
0.841796875,
0.88671875,
0.91015625,
0.93359375,
0.9501953125,
0.9609375,
0.9677734375,
0.9736328125,
0.978515625,
0.9833984375,
0.9873046875,
0.9892578125,
0.9931640625,
0.9951171875,
0.9951171875,
0.99609375,
0.99609375,
0.9970703125,
0.9970703125,
0.9970703125,
0.9970703125,
0.9970703125,
0.9970703125,
0.998046875,
0.9990234375,
0.9990234375,
1.0,
