learned_per_gen,power_fit
0.00390625,0.003428273267977008
0.0146484375,2.1769776171735677
0.03515625,
0.0625,
0.1162109375,
0.1650390625,
0.2392578125,
0.314453125,
0.4130859375,
0.5185546875,
0.640625,
0.7587890625,
0.849609375,
0.9169921875,
0.9580078125,
0.9775390625,
0.9892578125,
0.99609375,
0.9970703125,
0.998046875,
0.9990234375,
0.9990234375,
0.9990234375,
1.0,
