learned_per_gen,power_fit
0.00390625,0.03035708555365891
0.021484375,1.2170940499131655
0.0556640625,
0.1044921875,
0.1728515625,
0.2470703125,
0.3212890625,
0.404296875,
0.4892578125,
0.5595703125,
0.6171875,
0.6650390625,
0.7080078125,
0.7490234375,
0.78515625,
0.818359375,
0.83984375,
0.859375,
0.87890625,
0.896484375,
0.9189453125,
0.9365234375,
0.951171875,
0.9619140625,
0.970703125,
0.982421875,
0.9873046875,
0.9912109375,
0.994140625,
0.9970703125,
0.9990234375,
1.0,
