learned_per_gen,power_fit
0.0,0.14855096018211986
0.3502604166666667,1.1043667273722408
0.5837673611111112,
0.7196180555555556,
0.8190104166666666,
0.8784722222222222,
0.9188368055555556,
0.9461805555555556,
0.9678819444444444,
0.9800347222222222,
0.9874131944444444,
0.9913194444444444,
0.9943576388888888,
0.9965277777777778,
0.9978298611111112,
0.9986979166666666,
0.9991319444444444,
0.9995659722222222,
1.0,
