learned_per_gen,power_fit
0.00390625,0.003791496211462462
0.0146484375,1.9927567618677462
0.033203125,
0.0615234375,
0.09375,
0.1328125,
0.181640625,
0.2373046875,
0.3037109375,
0.37109375,
0.44921875,
0.5400390625,
0.630859375,
0.734375,
0.845703125,
0.962890625,
0.9921875,
0.9990234375,
1.0,
