learned_per_gen,power_fit
0.00390625,0.00169879755391522
0.01171875,2.464482900492689
0.0244140625,
0.05078125,
0.0869140625,
0.13671875,
0.208984375,
0.2861328125,
0.38671875,
0.4912109375,
0.6142578125,
0.7353515625,
0.8525390625,
0.9248046875,
0.962890625,
0.9853515625,
0.99609375,
0.9970703125,
0.9970703125,
1.0,
