learned_per_gen,power_fit
0.0009765625,0.0009730090110533695
0.004638671875,2.301359756927375
0.011962890625,
0.021484375,
0.037841796875,
0.0595703125,
0.083251953125,
0.114013671875,
0.150634765625,
0.197265625,
0.247314453125,
0.29931640625,
0.355712890625,
0.4208984375,
0.49365234375,
0.5693359375,
0.650146484375,
0.731201171875,
0.804443359375,
0.8681640625,
0.91650390625,
0.947509765625,
0.966552734375,
0.97998046875,
0.98876953125,
0.99560546875,
0.99853515625,
0.99951171875,
1.0,
