learned_per_gen,power_fit
0.00390625,2.8688939620351994
0.013671875,3.99085081683666
0.033203125,0.4413083754643544
0.0595703125,0.6624158523914324
0.09375,
0.13671875,
0.1865234375,
0.2451171875,
0.310546875,
0.3837890625,
0.46484375,
0.552734375,
0.6494140625,
0.7548828125,
0.8662109375,
0.9853515625,
0.9990234375,
1.0,
