learned_per_gen,power_fit
0.0,0.17112301692635878
0.402587890625,1.0619202058135402
0.642822265625,
0.782470703125,
0.8759765625,
0.926025390625,
0.956298828125,
0.97509765625,
0.98486328125,
0.991943359375,
0.996826171875,
0.997802734375,
0.99853515625,
0.9990234375,
0.99951171875,
0.999755859375,
1.0,
