learned_per_gen,power_fit
0.00390625,0.004651984346100223
0.017578125,2.4029291315299846
0.0625,
0.13671875,
0.2216796875,
0.34375,
0.4912109375,
0.669921875,
0.84765625,
0.962890625,
0.99609375,
1.0,
