learned_per_gen,power_fit
0.0,0.19425036681484123
0.3916015625,0.887458219799759
0.6083984375,
0.740234375,
0.818359375,
0.8701171875,
0.9033203125,
0.92578125,
0.9462890625,
0.95703125,
0.966796875,
0.9775390625,
0.98046875,
0.9873046875,
0.9931640625,
0.99609375,
0.9970703125,
0.998046875,
0.9990234375,
0.9990234375,
1.0,
