learned_per_gen,power_fit
0.0009765625,0.00011138724135911982
0.001708984375,2.1603130332058478
0.003662109375,
0.005126953125,
0.00732421875,
0.009033203125,
0.0107421875,
0.013671875,
0.01708984375,
0.0205078125,
0.02392578125,
0.02734375,
0.0322265625,
0.0361328125,
0.040283203125,
0.04541015625,
0.0498046875,
0.0556640625,
0.0625,
0.070068359375,
0.07763671875,
0.085693359375,
0.094970703125,
0.105712890625,
0.11572265625,
0.128173828125,
0.14111328125,
0.155517578125,
0.16357421875,
0.17431640625,
0.18603515625,
0.199462890625,
0.211669921875,
0.224853515625,
0.24267578125,
0.257568359375,
0.272216796875,
0.286376953125,
0.3037109375,
0.32080078125,
0.33935546875,
0.3544921875,
0.373779296875,
0.393310546875,
0.41259765625,
0.43115234375,
0.45458984375,
0.47607421875,
0.4990234375,
0.521484375,
0.548583984375,
0.572265625,
0.59375,
0.615966796875,
0.638671875,
0.6572265625,
0.6767578125,
0.698974609375,
0.720947265625,
0.7431640625,
0.765869140625,
0.78369140625,
0.80126953125,
0.81787109375,
0.833251953125,
0.846923828125,
0.86328125,
0.876953125,
0.8896484375,
0.901123046875,
0.9111328125,
0.91943359375,
0.9296875,
0.93896484375,
0.9453125,
0.952880859375,
0.959228515625,
0.96484375,
0.970458984375,
0.975830078125,
0.98046875,
0.984375,
0.987060546875,
0.9892578125,
0.990234375,
0.99169921875,
0.992431640625,
0.993408203125,
0.996826171875,
0.99755859375,
0.998046875,
0.99853515625,
0.9990234375,
0.999267578125,
0.999267578125,
0.999267578125,
0.999267578125,
0.999267578125,
0.999267578125,
0.999267578125,
0.999267578125,
0.999267578125,
0.999755859375,
0.999755859375,
1.0,
