learned_per_gen,power_fit
0.00390625,0.002281908695312464
0.0078125,1.950987008048145
0.0185546875,
0.0263671875,
0.048828125,
0.078125,
0.1083984375,
0.1376953125,
0.1611328125,
0.19921875,
0.24609375,
0.294921875,
0.337890625,
0.3955078125,
0.45703125,
0.5244140625,
0.6064453125,
0.6943359375,
0.7587890625,
0.82421875,
0.8720703125,
0.9091796875,
0.9482421875,
0.9775390625,
0.9912109375,
1.0,
