learned_per_gen,power_fit
0.00390625,0.0010122290902597477
0.0078125,2.2529886408335007
0.013671875,
0.01953125,
0.03515625,
0.0537109375,
0.0771484375,
0.1123046875,
0.146484375,
0.1845703125,
0.2265625,
0.2705078125,
0.326171875,
0.3896484375,
0.4638671875,
0.5498046875,
0.62109375,
0.7099609375,
0.8017578125,
0.8759765625,
0.931640625,
0.9619140625,
0.9765625,
0.98828125,
1.0,
