learned_per_gen,power_fit
0.001736111111111111,0.0017235218331500335
0.0078125,2.4168039127333425
0.024305555555555556,
0.04861111111111111,
0.0837673611111111,
0.13151041666666666,
0.1896701388888889,
0.2643229166666667,
0.34765625,
0.4422743055555556,
0.5477430555555556,
0.6631944444444444,
0.7808159722222222,
0.8823784722222222,
0.9479166666666666,
0.9826388888888888,
0.9986979166666666,
1.0,
