learned_per_gen,power_fit
0.0009765625,2.132370689552953e-5
0.001220703125,2.360037373842209
0.00146484375,
0.002197265625,
0.002685546875,
0.003173828125,
0.00341796875,
0.00439453125,
0.005615234375,
0.0068359375,
0.008056640625,
0.009521484375,
0.010986328125,
0.0126953125,
0.0146484375,
0.015869140625,
0.018310546875,
0.02099609375,
0.02294921875,
0.027099609375,
0.029296875,
0.031982421875,
0.036865234375,
0.04052734375,
0.043212890625,
0.04638671875,
0.05126953125,
0.054931640625,
0.061767578125,
0.067626953125,
0.072265625,
0.076416015625,
0.080322265625,
0.084716796875,
0.090576171875,
0.095947265625,
0.1025390625,
0.108642578125,
0.115478515625,
0.124755859375,
0.135009765625,
0.143310546875,
0.153076171875,
0.160888671875,
0.170654296875,
0.1787109375,
0.1875,
0.19775390625,
0.208740234375,
0.217529296875,
0.2265625,
0.236328125,
0.250732421875,
0.26171875,
0.270751953125,
0.285400390625,
0.2998046875,
0.3125,
0.323486328125,
0.33740234375,
0.348876953125,
0.361328125,
0.37841796875,
0.394775390625,
0.41015625,
0.42578125,
0.441162109375,
0.4541015625,
0.46826171875,
0.485107421875,
0.50048828125,
0.510986328125,
0.5263671875,
0.544189453125,
0.560546875,
0.575439453125,
0.590576171875,
0.6103515625,
0.63232421875,
0.648681640625,
0.663818359375,
0.681884765625,
0.7001953125,
0.713623046875,
0.728271484375,
0.739013671875,
0.755126953125,
0.772705078125,
0.790283203125,
0.802978515625,
0.821044921875,
0.8359375,
0.8486328125,
0.862060546875,
0.877685546875,
0.888671875,
0.89794921875,
0.908447265625,
0.917236328125,
0.927978515625,
0.9375,
0.943359375,
0.949951171875,
0.95703125,
0.963623046875,
0.967529296875,
0.9716796875,
0.9736328125,
0.977294921875,
0.98046875,
0.983154296875,
0.986572265625,
0.987548828125,
0.9892578125,
0.991455078125,
0.991943359375,
0.993408203125,
0.994873046875,
0.99609375,
0.9970703125,
0.998046875,
0.99853515625,
0.99853515625,
0.9990234375,
0.9990234375,
0.999267578125,
0.999267578125,
0.999267578125,
0.999755859375,
0.999755859375,
0.999755859375,
0.999755859375,
0.999755859375,
0.999755859375,
0.999755859375,
0.999755859375,
0.999755859375,
0.999755859375,
0.999755859375,
0.999755859375,
0.999755859375,
0.999755859375,
0.999755859375,
0.999755859375,
0.999755859375,
0.999755859375,
0.999755859375,
0.999755859375,
1.0,
