learned_per_gen,power_fit
0.00390625,0.0013121739202039662
0.0078125,2.2240542276024153
0.015625,
0.0302734375,
0.04296875,
0.064453125,
0.0966796875,
0.134765625,
0.17578125,
0.2177734375,
0.275390625,
0.3369140625,
0.392578125,
0.4609375,
0.541015625,
0.6142578125,
0.693359375,
0.763671875,
0.826171875,
0.880859375,
0.9140625,
0.9443359375,
0.96484375,
0.9833984375,
0.9931640625,
0.998046875,
0.998046875,
0.9990234375,
1.0,
