learned_per_gen,power_fit
0.0,0.28887885205984865
0.249755859375,0.34626789917928474
0.397705078125,
0.4921875,
0.556640625,
0.602783203125,
0.62890625,
0.653564453125,
0.67529296875,
0.68994140625,
0.708251953125,
0.720703125,
0.73193359375,
0.746337890625,
0.760498046875,
0.772705078125,
0.787109375,
0.798828125,
0.810791015625,
0.824951171875,
0.834716796875,
0.844970703125,
0.85498046875,
0.862548828125,
0.868896484375,
0.875244140625,
0.880859375,
0.88720703125,
0.89306640625,
0.897216796875,
0.900634765625,
0.905517578125,
0.91064453125,
0.916015625,
0.918701171875,
0.923828125,
0.92724609375,
0.929443359375,
0.9326171875,
0.935791015625,
0.9384765625,
0.941162109375,
0.944091796875,
0.9462890625,
0.94921875,
0.95068359375,
0.953369140625,
0.955078125,
0.9580078125,
0.9599609375,
0.9619140625,
0.96435546875,
0.9658203125,
0.968505859375,
0.969970703125,
0.971923828125,
0.9736328125,
0.9755859375,
0.97607421875,
0.977783203125,
0.9794921875,
0.981201171875,
0.982421875,
0.9833984375,
0.98486328125,
0.985595703125,
0.986328125,
0.9873046875,
0.988037109375,
0.989013671875,
0.989501953125,
0.990234375,
0.9912109375,
0.991943359375,
0.992431640625,
0.99267578125,
0.993896484375,
0.99462890625,
0.994873046875,
0.995361328125,
0.995361328125,
0.99560546875,
0.99560546875,
0.99560546875,
0.99560546875,
0.995849609375,
0.99609375,
0.996337890625,
0.996826171875,
0.9970703125,
0.997314453125,
0.99755859375,
0.997802734375,
0.998291015625,
0.998291015625,
0.998291015625,
0.998291015625,
0.998291015625,
0.998291015625,
0.998291015625,
0.99853515625,
0.99853515625,
0.998779296875,
0.998779296875,
0.9990234375,
0.9990234375,
0.999267578125,
0.999267578125,
0.999267578125,
0.999267578125,
0.999267578125,
0.99951171875,
0.99951171875,
0.99951171875,
0.99951171875,
0.99951171875,
0.99951171875,
0.99951171875,
0.99951171875,
0.99951171875,
0.99951171875,
0.99951171875,
0.999755859375,
0.999755859375,
1.0,
