learned_per_gen,power_fit
0.00390625,0.002660176722849983
0.0126953125,2.034089735345575
0.0244140625,
0.0419921875,
0.068359375,
0.0927734375,
0.1328125,
0.1826171875,
0.23046875,
0.2880859375,
0.353515625,
0.4248046875,
0.5009765625,
0.572265625,
0.6435546875,
0.720703125,
0.8017578125,
0.8671875,
0.912109375,
0.9443359375,
0.96875,
0.9833984375,
0.9892578125,
0.99609375,
0.998046875,
0.9990234375,
0.9990234375,
0.9990234375,
1.0,
