learned_per_gen,power_fit
0.00390625,0.015899752348703153
0.013671875,1.4577937308699334
0.03515625,
0.0751953125,
0.134765625,
0.203125,
0.2783203125,
0.3583984375,
0.431640625,
0.5,
0.5498046875,
0.599609375,
0.6474609375,
0.7041015625,
0.76171875,
0.8095703125,
0.8505859375,
0.8837890625,
0.908203125,
0.931640625,
0.951171875,
0.970703125,
0.984375,
0.990234375,
0.9970703125,
0.9990234375,
1.0,
