learned_per_gen,power_fit
0.0009765625,0.001725890505814133
0.001953125,1.8953625188502259
0.006591796875,
0.013671875,
0.025146484375,
0.03759765625,
0.05517578125,
0.07470703125,
0.09814453125,
0.123046875,
0.154541015625,
0.18896484375,
0.226318359375,
0.26171875,
0.304931640625,
0.347900390625,
0.388916015625,
0.427978515625,
0.466796875,
0.507568359375,
0.551025390625,
0.59423828125,
0.636962890625,
0.677001953125,
0.711669921875,
0.7490234375,
0.781982421875,
0.813232421875,
0.845703125,
0.871826171875,
0.892822265625,
0.9140625,
0.930419921875,
0.943359375,
0.95263671875,
0.96337890625,
0.970947265625,
0.978759765625,
0.984130859375,
0.9892578125,
0.993408203125,
0.995361328125,
0.997802734375,
0.99951171875,
1.0,
