learned_per_gen,power_fit
0.0,0.2780086158706824
0.4580078125,0.5713094565414417
0.6279296875,
0.708984375,
0.765625,
0.810546875,
0.8408203125,
0.861328125,
0.8916015625,
0.912109375,
0.9296875,
0.9404296875,
0.951171875,
0.9609375,
0.966796875,
0.97265625,
0.9755859375,
0.9833984375,
0.984375,
0.9873046875,
0.990234375,
0.994140625,
0.9951171875,
0.9970703125,
0.9970703125,
0.9970703125,
0.9970703125,
0.998046875,
0.9990234375,
0.9990234375,
0.9990234375,
0.9990234375,
0.9990234375,
1.0,
