learned_per_gen,power_fit
0.0,0.19600231053289893
0.4521484375,0.999626409742142
0.6974826388888888,
0.8250868055555556,
0.8955078125,
0.9379340277777778,
0.9629991319444444,
0.9753689236111112,
0.9833984375,
0.9892578125,
0.9932725694444444,
0.9958767361111112,
0.9970703125,
0.9984809027777778,
0.9991319444444444,
0.9994574652777778,
0.9997829861111112,
0.9998914930555556,
1.0,
