learned_per_gen,power_fit
0.0,0.17943080094682448
0.510009765625,1.1992263795002278
0.75634765625,
0.876220703125,
0.9345703125,
0.965087890625,
0.982177734375,
0.990966796875,
0.994873046875,
0.99755859375,
0.99853515625,
0.9990234375,
0.999755859375,
1.0,
