learned_per_gen,power_fit
0.00390625,0.002457218432141552
0.015625,2.4648935534237713
0.0419921875,
0.0810546875,
0.126953125,
0.2041015625,
0.287109375,
0.419921875,
0.5595703125,
0.7109375,
0.85546875,
0.94140625,
0.9853515625,
0.9970703125,
0.9990234375,
1.0,
