learned_per_gen,power_fit
0.00390625,3.1746666170962854
0.013671875,3.3986273136064495
0.03125,0.46898261722687135
0.056640625,0.5422255152732484
0.0908203125,
0.1298828125,
0.1728515625,
0.2333984375,
0.296875,
0.3681640625,
0.4423828125,
0.52734375,
0.6220703125,
0.72265625,
0.8291015625,
0.9482421875,
0.9814453125,
0.99609375,
1.0,
