learned_per_gen,power_fit
0.0,0.15131270952793616
0.3051215277777778,0.9949485034480448
0.5186631944444444,
0.66796875,
0.7686631944444444,
0.8302951388888888,
0.8793402777777778,
0.9192708333333334,
0.9457465277777778,
0.9605034722222222,
0.9709201388888888,
0.9809027777777778,
0.98828125,
0.9930555555555556,
0.99609375,
0.9978298611111112,
0.9982638888888888,
0.9982638888888888,
0.9986979166666666,
0.9991319444444444,
0.9991319444444444,
1.0,
