learned_per_gen,power_fit
0.00390625,0.0011907816103217206
0.0078125,2.275901534360363
0.015625,
0.0302734375,
0.056640625,
0.0751953125,
0.0986328125,
0.130859375,
0.177734375,
0.220703125,
0.2744140625,
0.33984375,
0.4111328125,
0.4853515625,
0.5693359375,
0.66796875,
0.7412109375,
0.8173828125,
0.87890625,
0.9248046875,
0.951171875,
0.970703125,
0.9853515625,
0.994140625,
0.99609375,
0.998046875,
1.0,
