learned_per_gen,power_fit
0.0009765625,0.0010110380214896327
0.004638671875,2.3607569095864567
0.01171875,
0.02490234375,
0.04345703125,
0.069091796875,
0.099853515625,
0.136474609375,
0.183349609375,
0.234375,
0.2900390625,
0.355224609375,
0.42529296875,
0.49951171875,
0.580322265625,
0.671630859375,
0.763671875,
0.849609375,
0.91650390625,
0.95703125,
0.98388671875,
0.99609375,
0.99951171875,
1.0,
