learned_per_gen,power_fit
0.0,0.3054462745655824
0.6971571180555556,0.8113082953432976
0.9122178819444444,
0.9753689236111112,
0.9937065972222222,
0.9981553819444444,
0.9996744791666666,
0.9998914930555556,
0.9998914930555556,
1.0,
