learned_per_gen,power_fit
0.0009765625,0.0013954692673754372
0.008056640625,2.3906610428859225
0.02294921875,
0.04541015625,
0.07470703125,
0.11181640625,
0.156982421875,
0.208984375,
0.27001953125,
0.3388671875,
0.414306640625,
0.498291015625,
0.58935546875,
0.688720703125,
0.796142578125,
0.908935546875,
0.979736328125,
0.997314453125,
1.0,
