learned_per_gen,power_fit
0.0009765625,9.142548718790734e-5
0.00146484375,2.0407143280729336
0.00244140625,
0.0029296875,
0.005126953125,
0.005859375,
0.007568359375,
0.010009765625,
0.01171875,
0.012939453125,
0.014892578125,
0.01708984375,
0.019775390625,
0.02197265625,
0.024658203125,
0.02685546875,
0.03076171875,
0.034423828125,
0.037353515625,
0.041748046875,
0.045654296875,
0.05126953125,
0.055419921875,
0.060302734375,
0.06591796875,
0.073974609375,
0.0810546875,
0.08837890625,
0.094970703125,
0.097900390625,
0.101806640625,
0.107177734375,
0.11279296875,
0.118896484375,
0.125732421875,
0.132568359375,
0.138916015625,
0.146240234375,
0.155029296875,
0.163330078125,
0.1728515625,
0.185791015625,
0.195068359375,
0.206298828125,
0.216552734375,
0.227783203125,
0.23876953125,
0.249755859375,
0.262451171875,
0.27490234375,
0.287109375,
0.301513671875,
0.316162109375,
0.328125,
0.3388671875,
0.349853515625,
0.364990234375,
0.37939453125,
0.396728515625,
0.415771484375,
0.4384765625,
0.456298828125,
0.476806640625,
0.494384765625,
0.518310546875,
0.53662109375,
0.551025390625,
0.570068359375,
0.59033203125,
0.60888671875,
0.625732421875,
0.64697265625,
0.666748046875,
0.687255859375,
0.703125,
0.720458984375,
0.737060546875,
0.7490234375,
0.761474609375,
0.774658203125,
0.79052734375,
0.80615234375,
0.8193359375,
0.833251953125,
0.849853515625,
0.86669921875,
0.880859375,
0.895263671875,
0.910888671875,
0.92529296875,
0.94091796875,
0.95458984375,
0.964599609375,
0.9755859375,
0.98291015625,
0.99072265625,
0.994384765625,
0.997314453125,
0.999267578125,
1.0,
