learned_per_gen,power_fit
0.0009765625,0.007745608465429569
0.006591796875,1.4053383549830238
0.01611328125,
0.0302734375,
0.04736328125,
0.069580078125,
0.093994140625,
0.123291015625,
0.15380859375,
0.187255859375,
0.220703125,
0.25390625,
0.292236328125,
0.32666015625,
0.3603515625,
0.39599609375,
0.432861328125,
0.467041015625,
0.502685546875,
0.5380859375,
0.572265625,
0.60498046875,
0.6396484375,
0.6767578125,
0.716064453125,
0.7490234375,
0.778076171875,
0.8017578125,
0.822998046875,
0.83935546875,
0.8525390625,
0.86474609375,
0.875,
0.885009765625,
0.895751953125,
0.904052734375,
0.9140625,
0.92236328125,
0.930908203125,
0.938232421875,
0.94580078125,
0.952392578125,
0.958984375,
0.96435546875,
0.970703125,
0.97509765625,
0.9794921875,
0.984130859375,
0.987548828125,
0.99072265625,
0.992919921875,
0.99609375,
0.998046875,
0.9990234375,
0.999755859375,
1.0,
