learned_per_gen,power_fit
0.00390625,3.5098744691946466
0.013671875,3.0926667977127433
0.02734375,0.5001085239257681
0.048828125,0.48037684336866815
0.0751953125,
0.1103515625,
0.15234375,
0.2099609375,
0.265625,
0.3310546875,
0.4052734375,
0.48828125,
0.5830078125,
0.6845703125,
0.7802734375,
0.888671875,
0.9501953125,
0.982421875,
0.994140625,
0.9990234375,
1.0,
