learned_per_gen,power_fit
0.0,0.1880392367857684
0.3028428819444444,0.8035503984044597
0.5100911458333334,
0.6547309027777778,
0.7554253472222222,
0.8276909722222222,
0.8766276041666666,
0.9154730902777778,
0.9395616319444444,
0.9576822916666666,
0.9710286458333334,
0.9782986111111112,
0.9851345486111112,
0.9899088541666666,
0.9926215277777778,
0.9946831597222222,
0.9962022569444444,
0.9972873263888888,
0.998046875,
0.9985894097222222,
0.9985894097222222,
0.9990234375,
0.9996744791666666,
0.9997829861111112,
0.9998914930555556,
0.9998914930555556,
0.9998914930555556,
0.9998914930555556,
0.9998914930555556,
0.9998914930555556,
1.0,
