learned_per_gen,power_fit
0.00390625,0.007135970227131375
0.01171875,1.7165633064520511
0.0263671875,
0.0546875,
0.0908203125,
0.1416015625,
0.1923828125,
0.2470703125,
0.3134765625,
0.388671875,
0.470703125,
0.533203125,
0.6005859375,
0.6513671875,
0.708984375,
0.7470703125,
0.7783203125,
0.8115234375,
0.8359375,
0.869140625,
0.9091796875,
0.93359375,
0.955078125,
0.9794921875,
0.98828125,
0.9931640625,
0.998046875,
0.9990234375,
1.0,
