learned_per_gen,power_fit
0.0009765625,0.0022146188533966635
0.0029296875,1.822844754662134
0.006591796875,
0.016357421875,
0.025390625,
0.03857421875,
0.05517578125,
0.0810546875,
0.111083984375,
0.140869140625,
0.17578125,
0.21240234375,
0.24560546875,
0.281494140625,
0.320556640625,
0.36181640625,
0.402099609375,
0.4423828125,
0.481689453125,
0.518798828125,
0.5615234375,
0.594482421875,
0.624755859375,
0.66162109375,
0.699951171875,
0.734130859375,
0.766357421875,
0.798828125,
0.82177734375,
0.844482421875,
0.8681640625,
0.889892578125,
0.909912109375,
0.924560546875,
0.937744140625,
0.950439453125,
0.96337890625,
0.97314453125,
0.9833984375,
0.989990234375,
0.995361328125,
0.998779296875,
0.99951171875,
1.0,
