learned_per_gen,power_fit
0.001736111111111111,0.004004967920301804
0.0078125,1.8288893704738531
0.019965277777777776,
0.03819444444444445,
0.059027777777777776,
0.0915798611111111,
0.1328125,
0.1779513888888889,
0.2243923611111111,
0.2738715277777778,
0.328125,
0.3854166666666667,
0.4500868055555556,
0.5121527777777778,
0.5737847222222222,
0.6358506944444444,
0.6901041666666666,
0.7473958333333334,
0.7903645833333334,
0.8250868055555556,
0.8546006944444444,
0.8819444444444444,
0.9049479166666666,
0.9231770833333334,
0.9427083333333334,
0.9587673611111112,
0.9709201388888888,
0.9830729166666666,
0.9934895833333334,
0.9982638888888888,
0.9995659722222222,
0.9995659722222222,
1.0,
