learned_per_gen,power_fit
0.00390625,0.003238603543662112
0.017578125,2.420478079876019
0.0439453125,
0.087890625,
0.158203125,
0.24609375,
0.36328125,
0.50390625,
0.6552734375,
0.791015625,
0.873046875,
0.9287109375,
0.9609375,
0.9814453125,
0.9951171875,
0.9990234375,
0.9990234375,
1.0,
