learned_per_gen,power_fit
0.000244140625,6.622246765547282e-5
0.00030517578125,2.1564453882413
0.0006103515625,
0.00103759765625,
0.00146484375,
0.0023193359375,
0.0035400390625,
0.00494384765625,
0.0062255859375,
0.00762939453125,
0.00933837890625,
0.01202392578125,
0.014404296875,
0.01788330078125,
0.02081298828125,
0.025146484375,
0.02862548828125,
0.0328369140625,
0.0369873046875,
0.04150390625,
0.046142578125,
0.0511474609375,
0.05609130859375,
0.0614013671875,
0.067626953125,
0.07415771484375,
0.079833984375,
0.08636474609375,
0.09375,
0.102294921875,
0.10980224609375,
0.11785888671875,
0.1265869140625,
0.1351318359375,
0.1446533203125,
0.1524658203125,
0.161865234375,
0.1728515625,
0.18341064453125,
0.1939697265625,
0.20526123046875,
0.21734619140625,
0.2288818359375,
0.24267578125,
0.255126953125,
0.26837158203125,
0.281005859375,
0.294189453125,
0.30712890625,
0.32098388671875,
0.3353271484375,
0.3507080078125,
0.36553955078125,
0.37908935546875,
0.3948974609375,
0.40911865234375,
0.4246826171875,
0.44110107421875,
0.45635986328125,
0.47259521484375,
0.48834228515625,
0.5057373046875,
0.5244140625,
0.54278564453125,
0.56048583984375,
0.57855224609375,
0.59716796875,
0.61602783203125,
0.6351318359375,
0.6549072265625,
0.67425537109375,
0.6944580078125,
0.714599609375,
0.73370361328125,
0.75250244140625,
0.7706298828125,
0.789794921875,
0.806640625,
0.8236083984375,
0.8411865234375,
0.85546875,
0.8682861328125,
0.881591796875,
0.8927001953125,
0.9036865234375,
0.91326904296875,
0.9224853515625,
0.930908203125,
0.93841552734375,
0.94659423828125,
0.95269775390625,
0.9583740234375,
0.96435546875,
0.9698486328125,
0.974609375,
0.9786376953125,
0.9822998046875,
0.986083984375,
0.9891357421875,
0.99151611328125,
0.99285888671875,
0.9945068359375,
0.99578857421875,
0.9969482421875,
0.99774169921875,
0.99835205078125,
0.998779296875,
0.99896240234375,
0.99951171875,
0.99981689453125,
0.99981689453125,
0.9998779296875,
0.99993896484375,
1.0,
