learned_per_gen,power_fit
0.0,0.21631355987567538
0.499755859375,0.9600960145863372
0.7379150390625,
0.8614501953125,
0.921630859375,
0.9544677734375,
0.97607421875,
0.985595703125,
0.99176025390625,
0.9947509765625,
0.996826171875,
0.998291015625,
0.99920654296875,
0.99932861328125,
0.99969482421875,
0.99993896484375,
1.0,
