learned_per_gen,power_fit
0.000244140625,8.770962433442025e-5
0.00054931640625,2.1094090173942317
0.0009765625,
0.00164794921875,
0.00250244140625,
0.0035400390625,
0.0048828125,
0.006591796875,
0.0087890625,
0.01092529296875,
0.0126953125,
0.01556396484375,
0.01824951171875,
0.02154541015625,
0.02557373046875,
0.02923583984375,
0.03363037109375,
0.0384521484375,
0.04290771484375,
0.04766845703125,
0.05255126953125,
0.0577392578125,
0.06365966796875,
0.069091796875,
0.0760498046875,
0.0836181640625,
0.0908203125,
0.09844970703125,
0.106689453125,
0.11505126953125,
0.12335205078125,
0.1326904296875,
0.14227294921875,
0.15179443359375,
0.16168212890625,
0.17083740234375,
0.1795654296875,
0.18853759765625,
0.1988525390625,
0.21038818359375,
0.22174072265625,
0.23345947265625,
0.244873046875,
0.2568359375,
0.2689208984375,
0.28253173828125,
0.2952880859375,
0.3089599609375,
0.322021484375,
0.33642578125,
0.35015869140625,
0.3646240234375,
0.38037109375,
0.3956298828125,
0.4107666015625,
0.42608642578125,
0.44378662109375,
0.4605712890625,
0.47564697265625,
0.4915771484375,
0.50909423828125,
0.52703857421875,
0.54400634765625,
0.56158447265625,
0.57891845703125,
0.59649658203125,
0.61553955078125,
0.63568115234375,
0.65533447265625,
0.674560546875,
0.69427490234375,
0.71612548828125,
0.73712158203125,
0.7589111328125,
0.78045654296875,
0.80133056640625,
0.8209228515625,
0.83941650390625,
0.85601806640625,
0.87298583984375,
0.88677978515625,
0.89923095703125,
0.9102783203125,
0.921875,
0.93133544921875,
0.9400634765625,
0.94873046875,
0.956298828125,
0.9619140625,
0.9677734375,
0.97296142578125,
0.9776611328125,
0.98199462890625,
0.98553466796875,
0.98834228515625,
0.99017333984375,
0.99224853515625,
0.99444580078125,
0.99652099609375,
0.99798583984375,
0.9986572265625,
0.99945068359375,
0.99969482421875,
0.99981689453125,
0.99993896484375,
0.99993896484375,
0.99993896484375,
0.99993896484375,
0.99993896484375,
0.99993896484375,
0.99993896484375,
1.0,
