learned_per_gen,power_fit
0.00390625,0.0077661810292720375
0.021484375,2.0494544783106354
0.05859375,
0.1083984375,
0.201171875,
0.3046875,
0.42578125,
0.5791015625,
0.7275390625,
0.8359375,
0.91796875,
0.966796875,
0.9873046875,
0.9951171875,
0.9970703125,
0.9990234375,
0.9990234375,
0.9990234375,
1.0,
