learned_per_gen,power_fit
0.000244140625,0.00013807739241378762
0.00067138671875,2.0769527278229503
0.00164794921875,
0.0029296875,
0.0042724609375,
0.00604248046875,
0.0084228515625,
0.01068115234375,
0.013916015625,
0.01776123046875,
0.02117919921875,
0.0247802734375,
0.0289306640625,
0.03338623046875,
0.03826904296875,
0.04376220703125,
0.0494384765625,
0.0560302734375,
0.06304931640625,
0.06964111328125,
0.07733154296875,
0.08489990234375,
0.092529296875,
0.10113525390625,
0.109619140625,
0.119140625,
0.1282958984375,
0.13861083984375,
0.14959716796875,
0.16131591796875,
0.173095703125,
0.1856689453125,
0.19769287109375,
0.21051025390625,
0.22198486328125,
0.23590087890625,
0.24993896484375,
0.26348876953125,
0.27850341796875,
0.2939453125,
0.30865478515625,
0.32452392578125,
0.34075927734375,
0.35784912109375,
0.374755859375,
0.39276123046875,
0.41015625,
0.428955078125,
0.44647216796875,
0.46478271484375,
0.48565673828125,
0.50555419921875,
0.52471923828125,
0.54644775390625,
0.56756591796875,
0.5894775390625,
0.6107177734375,
0.63385009765625,
0.65606689453125,
0.678955078125,
0.7017822265625,
0.72528076171875,
0.75030517578125,
0.7747802734375,
0.8016357421875,
0.82672119140625,
0.84893798828125,
0.87030029296875,
0.88629150390625,
0.90234375,
0.915283203125,
0.9273681640625,
0.9390869140625,
0.94964599609375,
0.95843505859375,
0.96624755859375,
0.97308349609375,
0.97845458984375,
0.98309326171875,
0.9873046875,
0.99066162109375,
0.99334716796875,
0.995849609375,
0.99786376953125,
0.9991455078125,
0.99981689453125,
1.0,
