learned_per_gen,power_fit
0.0009765625,0.000596816036019926
0.00244140625,1.9471715176586628
0.003662109375,
0.00537109375,
0.009765625,
0.01513671875,
0.021728515625,
0.029541015625,
0.040771484375,
0.05029296875,
0.058837890625,
0.071044921875,
0.08154296875,
0.095947265625,
0.109375,
0.12548828125,
0.140625,
0.16015625,
0.1806640625,
0.20068359375,
0.2216796875,
0.240234375,
0.2626953125,
0.287841796875,
0.314208984375,
0.33642578125,
0.361083984375,
0.388916015625,
0.419921875,
0.451416015625,
0.48681640625,
0.5185546875,
0.563232421875,
0.598388671875,
0.628662109375,
0.656982421875,
0.684326171875,
0.71337890625,
0.741455078125,
0.764404296875,
0.78564453125,
0.806640625,
0.82568359375,
0.841552734375,
0.8564453125,
0.86767578125,
0.87939453125,
0.89111328125,
0.900146484375,
0.9111328125,
0.91943359375,
0.92724609375,
0.934814453125,
0.940185546875,
0.9443359375,
0.94873046875,
0.953857421875,
0.959716796875,
0.96435546875,
0.9677734375,
0.972412109375,
0.97607421875,
0.97900390625,
0.98193359375,
0.983154296875,
0.985107421875,
0.98779296875,
0.9892578125,
0.991455078125,
0.993408203125,
0.99462890625,
0.995361328125,
0.99658203125,
0.99755859375,
0.997802734375,
0.997802734375,
0.997802734375,
0.998046875,
0.9990234375,
0.99951171875,
1.0,
