learned_per_gen,power_fit
0.00390625,0.0004286798351582661
0.0068359375,2.4955129189858276
0.01171875,
0.0166015625,
0.0263671875,
0.0361328125,
0.05078125,
0.07421875,
0.1005859375,
0.1318359375,
0.1767578125,
0.2109375,
0.259765625,
0.3125,
0.3662109375,
0.423828125,
0.48046875,
0.537109375,
0.6083984375,
0.69140625,
0.7646484375,
0.8173828125,
0.8623046875,
0.916015625,
0.9599609375,
0.98828125,
0.9990234375,
0.9990234375,
1.0,
