learned_per_gen,power_fit
0.001736111111111111,0.002480594968791591
0.010416666666666666,2.289260300109717
0.027777777777777776,
0.05772569444444445,
0.10026041666666667,
0.1519097222222222,
0.2144097222222222,
0.2881944444444444,
0.3793402777777778,
0.4791666666666667,
0.5920138888888888,
0.71875,
0.8307291666666666,
0.9223090277777778,
0.9739583333333334,
0.9934895833333334,
0.9995659722222222,
1.0,
