learned_per_gen,power_fit
0.000244140625,0.0002152432393580784
0.00079345703125,2.0216427979209683
0.0018310546875,
0.00347900390625,
0.00531005859375,
0.00775146484375,
0.0106201171875,
0.0140380859375,
0.0179443359375,
0.02239990234375,
0.0272216796875,
0.032470703125,
0.03814697265625,
0.04449462890625,
0.05145263671875,
0.05877685546875,
0.06622314453125,
0.07415771484375,
0.08331298828125,
0.092529296875,
0.10162353515625,
0.11138916015625,
0.12158203125,
0.13275146484375,
0.14404296875,
0.15643310546875,
0.1685791015625,
0.18170166015625,
0.195068359375,
0.2081298828125,
0.222412109375,
0.2373046875,
0.25262451171875,
0.2685546875,
0.2847900390625,
0.30169677734375,
0.318603515625,
0.33624267578125,
0.3541259765625,
0.37286376953125,
0.39208984375,
0.41156005859375,
0.43145751953125,
0.45208740234375,
0.47265625,
0.4940185546875,
0.515625,
0.5379638671875,
0.56060791015625,
0.583984375,
0.60791015625,
0.63214111328125,
0.65704345703125,
0.681884765625,
0.70806884765625,
0.734375,
0.76068115234375,
0.78790283203125,
0.81549072265625,
0.84405517578125,
0.87274169921875,
0.90179443359375,
0.9312744140625,
0.9620361328125,
0.97283935546875,
0.98065185546875,
0.9866943359375,
0.990966796875,
0.994384765625,
0.99676513671875,
0.99847412109375,
0.99969482421875,
1.0,
