learned_per_gen,power_fit
0.00390625,0.0014558098222315426
0.0126953125,2.088961978687705
0.0224609375,
0.033203125,
0.046875,
0.0634765625,
0.083984375,
0.109375,
0.13671875,
0.177734375,
0.2138671875,
0.263671875,
0.3095703125,
0.365234375,
0.4140625,
0.478515625,
0.541015625,
0.5966796875,
0.6630859375,
0.7236328125,
0.7890625,
0.83984375,
0.88671875,
0.9248046875,
0.9560546875,
0.97265625,
0.9833984375,
0.9873046875,
0.9931640625,
0.9951171875,
0.9970703125,
0.998046875,
0.9990234375,
1.0,
