learned_per_gen,power_fit
0.0009765625,0.00021340012795569545
0.001708984375,2.2625498798513815
0.003662109375,
0.00537109375,
0.00830078125,
0.01171875,
0.01708984375,
0.021728515625,
0.029296875,
0.037841796875,
0.04638671875,
0.05712890625,
0.06982421875,
0.083984375,
0.09814453125,
0.112060546875,
0.12939453125,
0.149169921875,
0.16845703125,
0.18798828125,
0.21044921875,
0.235107421875,
0.259765625,
0.283447265625,
0.308349609375,
0.33642578125,
0.36669921875,
0.396484375,
0.431396484375,
0.462646484375,
0.49560546875,
0.533935546875,
0.574951171875,
0.6171875,
0.65576171875,
0.69775390625,
0.739013671875,
0.78076171875,
0.82666015625,
0.869140625,
0.90185546875,
0.927978515625,
0.947998046875,
0.9619140625,
0.9716796875,
0.98291015625,
0.989990234375,
0.99462890625,
0.998291015625,
0.999267578125,
0.99951171875,
1.0,
