learned_per_gen,power_fit
0.00390625,0.0025646233918978373
0.0126953125,1.9965238344613563
0.0234375,
0.0419921875,
0.0654296875,
0.091796875,
0.1279296875,
0.1630859375,
0.205078125,
0.248046875,
0.3076171875,
0.3671875,
0.431640625,
0.505859375,
0.583984375,
0.677734375,
0.759765625,
0.830078125,
0.888671875,
0.93359375,
0.9619140625,
0.982421875,
0.9921875,
0.9970703125,
1.0,
