learned_per_gen,power_fit
0.00390625,0.0005538075997981563
0.0068359375,2.513579174276831
0.01171875,
0.0185546875,
0.03125,
0.0576171875,
0.0703125,
0.1005859375,
0.142578125,
0.1796875,
0.2275390625,
0.283203125,
0.3486328125,
0.423828125,
0.5009765625,
0.5771484375,
0.6474609375,
0.71484375,
0.783203125,
0.8515625,
0.8974609375,
0.9345703125,
0.958984375,
0.97265625,
0.990234375,
0.99609375,
1.0,
