learned_per_gen,power_fit
0.0,0.028414730532888007
0.91015625,5.0
0.989501953125,
0.99951171875,
1.0,
