learned_per_gen,power_fit
0.00390625,0.0027905962239506347
0.0126953125,2.0480089252639715
0.02734375,
0.0498046875,
0.078125,
0.1103515625,
0.1513671875,
0.1962890625,
0.25,
0.3095703125,
0.3779296875,
0.44921875,
0.5380859375,
0.62109375,
0.7197265625,
0.81640625,
0.875,
0.931640625,
0.9697265625,
0.98828125,
0.9931640625,
0.9990234375,
0.9990234375,
0.9990234375,
0.9990234375,
1.0,
