learned_per_gen,power_fit
0.00390625,0.01366951877117898
0.021484375,1.5708729832498134
0.0556640625,
0.09765625,
0.1630859375,
0.2255859375,
0.30078125,
0.37890625,
0.447265625,
0.5283203125,
0.5966796875,
0.6435546875,
0.6943359375,
0.74609375,
0.791015625,
0.8330078125,
0.8623046875,
0.8935546875,
0.9228515625,
0.9541015625,
0.9794921875,
0.9990234375,
1.0,
