learned_per_gen,power_fit
0.001736111111111111,0.0019753325655826083
0.0078125,2.3754976994355954
0.022135416666666668,
0.050347222222222224,
0.08984375,
0.1423611111111111,
0.2035590277777778,
0.2769097222222222,
0.3628472222222222,
0.4583333333333333,
0.5616319444444444,
0.6749131944444444,
0.7907986111111112,
0.8953993055555556,
0.9496527777777778,
0.9813368055555556,
0.9969618055555556,
1.0,
