learned_per_gen,power_fit
0.00390625,0.0020256397400489224
0.0078125,2.1154040309478437
0.021484375,
0.0400390625,
0.0595703125,
0.0869140625,
0.126953125,
0.166015625,
0.212890625,
0.2646484375,
0.3173828125,
0.3896484375,
0.4619140625,
0.53515625,
0.611328125,
0.6875,
0.767578125,
0.83984375,
0.9033203125,
0.9384765625,
0.9677734375,
0.986328125,
0.9931640625,
0.998046875,
0.9990234375,
1.0,
