learned_per_gen,power_fit
0.00390625,1.809446179290127
0.03515625,3.3847191265366408
0.09765625,0.36245401063215893
0.19140625,0.8086458567000909
0.31640625,
0.47265625,
0.66015625,
0.87890625,
1.0,
