learned_per_gen,power_fit
0.00390625,0.009949548765846323
0.0146484375,1.7014402735062593
0.033203125,
0.076171875,
0.130859375,
0.19921875,
0.2763671875,
0.3544921875,
0.443359375,
0.5341796875,
0.609375,
0.6796875,
0.7412109375,
0.7890625,
0.8330078125,
0.873046875,
0.90234375,
0.9296875,
0.951171875,
0.96484375,
0.974609375,
0.9833984375,
0.9921875,
0.9970703125,
1.0,
