learned_per_gen,power_fit
0.0,0.16771611824762347
0.398681640625,1.065908341591523
0.625,
0.776123046875,
0.863525390625,
0.910888671875,
0.946044921875,
0.966796875,
0.97802734375,
0.984619140625,
0.989501953125,
0.992919921875,
0.9951171875,
0.99755859375,
0.998291015625,
0.99853515625,
0.9990234375,
0.999267578125,
0.99951171875,
1.0,
