learned_per_gen,power_fit
0.0,0.18772061190991787
0.5283203125,1.171368015573231
0.771484375,
0.876953125,
0.94140625,
0.9697265625,
0.982421875,
0.9892578125,
0.9951171875,
0.998046875,
0.998046875,
0.9990234375,
0.9990234375,
1.0,
