learned_per_gen,power_fit
0.00390625,0.0018182185769911614
0.0087890625,2.1410686041588085
0.0263671875,
0.0419921875,
0.060546875,
0.0830078125,
0.115234375,
0.1494140625,
0.1982421875,
0.251953125,
0.3125,
0.37890625,
0.4521484375,
0.5244140625,
0.60546875,
0.705078125,
0.8017578125,
0.900390625,
0.9619140625,
0.984375,
1.0,
