learned_per_gen,power_fit
0.00390625,0.0016463946102629092
0.0068359375,2.1898937980987245
0.0166015625,
0.033203125,
0.0576171875,
0.080078125,
0.1171875,
0.15625,
0.205078125,
0.2548828125,
0.314453125,
0.37890625,
0.453125,
0.52734375,
0.61328125,
0.7021484375,
0.7919921875,
0.8720703125,
0.93359375,
0.970703125,
0.98828125,
0.9990234375,
1.0,
