learned_per_gen,power_fit
0.00390625,4.083690868080021
0.0078125,4.342415314365845
0.0126953125,0.5817377651469968
0.021484375,0.7279272905018453
0.0283203125,
0.04296875,
0.0703125,
0.1044921875,
0.134765625,
0.1728515625,
0.2236328125,
0.2763671875,
0.3349609375,
0.39453125,
0.462890625,
0.546875,
0.6240234375,
0.7177734375,
0.798828125,
0.8857421875,
0.9462890625,
0.9912109375,
1.0,
